Date,S&P Comp.,Dividend,Earnings,  Consumer Price Index CPI,Date Fraction  ,Long Interest Rate GS10,Real Price,Real Dividend, Real Total Return Price ,Real Earnings, Real TR Scaled Earnings ,Cyclically Adjusted Price Earnings Ratio P/E10 or CAPE,,Cyclically Adjusted Total Return Price Earnings Ratio TR P/E10 or TR CAPE,Excess CAPE Yield,Monthly Total Bond Returns,Real Total Bond Returns,10 Year Annualized Stock Real Return,10 Year Annualized Bonds  Real Return,Real 10 Year Excess Annualized  Returns,,,,
,,,,,,,,,,,,,,,,,,,,,,,,
,,,,,,,,,,,,,,,,,,,,,,,,
,,,,,,,,,,,,,,,,,,,,,,,,
,,,,,,,,,,,,,,,,,,,,,,,,
,,,,,,,,,,,,,,,,,,,,,,,,
,,,,,,,,,,,,,,,,,,,,,,,,
,,,,,,,,,,,,,,,,,,,,,,,,
1871.01,4.44,0.26,0.40,12.46,1871.04,5.32,103.43,6.06, 103.43 ,9.32, 9.32 ,NA,,NA,,1.00,1.00,13.06%,9.25%,3.81%,,,,
1871.02,4.50,0.26,0.40,12.84,1871.13,5.32,101.72,5.88, 102.21 ,9.04, 9.09 ,NA,,NA,,1.00,0.97,13.09%,9.46%,3.62%,,,,
1871.03,4.61,0.26,0.40,13.03,1871.21,5.33,102.68,5.79, 103.66 ,8.91, 8.99 ,NA,,NA,,1.00,0.96,13.10%,9.62%,3.48%,,,,
1871.04,4.74,0.26,0.40,12.56,1871.29,5.33,109.58,6.01, 111.13 ,9.25, 9.38 ,NA,,NA,,1.00,1.00,12.21%,9.10%,3.11%,,,,
1871.05,4.86,0.26,0.40,12.27,1871.38,5.33,114.97,6.15, 117.11 ,9.46, 9.64 ,NA,,NA,,1.00,1.03,12.26%,8.95%,3.31%,,,,
1871.06,4.82,0.26,0.40,12.08,1871.46,5.34,115.82,6.25, 118.51 ,9.61, 9.83 ,NA,,NA,,1.00,1.05,12.31%,8.77%,3.54%,,,,
1871.07,4.73,0.26,0.40,12.08,1871.54,5.34,113.65,6.25, 116.83 ,9.61, 9.88 ,NA,,NA,,1.00,1.06,12.00%,8.66%,3.34%,,,,
1871.08,4.79,0.26,0.40,11.89,1871.63,5.34,116.94,6.35, 120.75 ,9.77, 10.08 ,NA,,NA,,1.00,1.08,11.19%,8.27%,2.93%,,,,
1871.09,4.84,0.26,0.40,12.18,1871.71,5.35,115.39,6.20, 119.68 ,9.54, 9.89 ,NA,,NA,,1.00,1.06,11.00%,8.10%,2.90%,,,,
1871.1,4.59,0.26,0.40,12.37,1871.79,5.35,107.74,6.10, 112.28 ,9.39, 9.78 ,NA,,NA,,1.00,1.05,11.48%,8.17%,3.31%,,,,
1871.11,4.64,0.26,0.40,12.37,1871.88,5.35,108.92,6.10, 114.03 ,9.39, 9.83 ,NA,,NA,,1.00,1.05,11.53%,8.26%,3.27%,,,,
1871.12,4.74,0.26,0.40,12.65,1871.96,5.36,108.76,5.97, 114.38 ,9.18, 9.65 ,NA,,NA,,1.00,1.03,11.21%,8.50%,2.71%,,,,
1872.01,4.86,0.26,0.40,12.65,1872.04,5.36,111.51,6.04, 117.81 ,9.24, 9.76 ,NA,,NA,,1.00,1.04,10.77%,8.49%,2.28%,,,,
1872.02,4.88,0.27,0.41,12.65,1872.13,5.38,111.97,6.12, 118.83 ,9.29, 9.86 ,NA,,NA,,1.00,1.04,10.38%,8.39%,1.98%,,,,
1872.03,5.04,0.27,0.41,12.84,1872.21,5.40,113.93,6.10, 121.45 ,9.21, 9.82 ,NA,,NA,,1.00,1.03,10.17%,8.55%,1.62%,,,,
1872.04,5.18,0.27,0.41,13.13,1872.29,5.42,114.54,6.04, 122.65 ,9.07, 9.71 ,NA,,NA,,1.00,1.01,10.01%,8.69%,1.32%,,,,
1872.05,5.18,0.28,0.41,13.13,1872.38,5.43,114.54,6.12, 123.19 ,9.12, 9.81 ,NA,,NA,,1.00,1.01,9.78%,8.59%,1.19%,,,,
1872.06,5.13,0.28,0.42,13.03,1872.46,5.45,114.27,6.24, 123.45 ,9.24, 9.99 ,NA,,NA,,1.00,1.02,9.65%,8.41%,1.24%,,,,
1872.07,5.10,0.28,0.42,12.84,1872.54,5.47,115.28,6.40, 125.13 ,9.44, 10.24 ,NA,,NA,,1.00,1.04,10.25%,8.35%,1.90%,,,,
1872.08,5.04,0.29,0.42,12.94,1872.63,5.49,113.09,6.43, 123.33 ,9.42, 10.28 ,NA,,NA,,1.00,1.04,10.68%,8.32%,2.36%,,,,
1872.09,4.95,0.29,0.42,13.03,1872.71,5.51,110.26,6.46, 120.83 ,9.41, 10.31 ,NA,,NA,,1.00,1.03,11.37%,8.70%,2.67%,,,,
1872.1,4.97,0.29,0.43,12.75,1872.79,5.53,113.18,6.68, 124.64 ,9.68, 10.66 ,NA,,NA,,1.00,1.06,10.87%,8.56%,2.31%,,,,
1872.11,4.95,0.30,0.43,13.13,1872.88,5.54,109.46,6.56, 121.14 ,9.45, 10.46 ,NA,,NA,,1.00,1.03,10.86%,8.98%,1.88%,,,,
1872.12,5.07,0.30,0.43,12.94,1872.96,5.56,113.76,6.73, 126.53 ,9.65, 10.73 ,NA,,NA,,1.00,1.05,10.59%,8.92%,1.67%,,,,
1873.01,5.11,0.30,0.43,12.94,1873.04,5.58,114.66,6.79, 128.16 ,9.70, 10.85 ,NA,,NA,,1.01,1.05,10.44%,8.91%,1.52%,,,,
1873.02,5.15,0.31,0.44,13.23,1873.13,5.57,113.06,6.70, 126.99 ,9.55, 10.73 ,NA,,NA,,1.01,1.03,10.24%,9.02%,1.21%,,,,
1873.03,5.11,0.31,0.44,13.23,1873.21,5.56,112.18,6.75, 126.64 ,9.60, 10.84 ,NA,,NA,,1.01,1.04,10.56%,9.10%,1.46%,,,,
1873.04,5.04,0.31,0.44,13.23,1873.29,5.55,110.65,6.81, 125.55 ,9.66, 10.96 ,NA,,NA,,1.01,1.05,11.04%,9.18%,1.86%,,,,
1873.05,5.05,0.31,0.44,12.94,1873.38,5.54,113.31,7.01, 129.23 ,9.93, 11.32 ,NA,,NA,,1.01,1.07,10.69%,9.03%,1.66%,,,,
1873.06,4.98,0.32,0.45,12.56,1873.46,5.53,115.13,7.28, 131.99 ,10.29, 11.79 ,NA,,NA,,1.01,1.11,10.93%,9.00%,1.93%,,,,
1873.07,4.97,0.32,0.45,12.56,1873.54,5.53,114.90,7.34, 132.43 ,10.35, 11.92 ,NA,,NA,,1.01,1.12,11.00%,9.20%,1.80%,,,,
1873.08,4.97,0.32,0.45,12.56,1873.63,5.52,114.90,7.40, 133.14 ,10.40, 12.06 ,NA,,NA,,1.01,1.12,10.48%,9.17%,1.31%,,,,
1873.09,4.59,0.32,0.45,12.56,1873.71,5.51,106.11,7.46, 123.68 ,10.46, 12.19 ,NA,,NA,,1.01,1.13,11.59%,9.26%,2.33%,,,,
1873.1,4.19,0.33,0.46,12.27,1873.79,5.50,99.12,7.69, 116.28 ,10.76, 12.63 ,NA,,NA,,1.01,1.16,12.02%,8.99%,3.04%,,,,
1873.11,4.04,0.33,0.46,11.89,1873.88,5.49,98.63,8.00, 116.48 ,11.17, 13.19 ,NA,,NA,,1.01,1.21,12.34%,8.73%,3.61%,,,,
1873.12,4.42,0.33,0.46,12.18,1873.96,5.48,105.38,7.87, 125.23 ,10.97, 13.03 ,NA,,NA,,1.01,1.18,11.23%,8.85%,2.37%,,,,
1874.01,4.66,0.33,0.46,12.37,1874.04,5.47,109.39,7.75, 130.76 ,10.80, 12.91 ,NA,,NA,,1.01,1.17,10.47%,9.00%,1.47%,,,,
1874.02,4.80,0.33,0.46,12.37,1874.13,5.44,112.67,7.75, 135.46 ,10.80, 12.98 ,NA,,NA,,1.01,1.18,10.43%,8.96%,1.47%,,,,
1874.03,4.73,0.33,0.46,12.37,1874.21,5.40,111.03,7.75, 134.26 ,10.80, 13.06 ,NA,,NA,,1.01,1.19,10.54%,8.92%,1.62%,,,,
1874.04,4.60,0.33,0.46,12.18,1874.29,5.37,109.67,7.87, 133.41 ,10.97, 13.34 ,NA,,NA,,1.01,1.22,10.39%,8.95%,1.44%,,,,
1874.05,4.48,0.33,0.46,12.08,1874.38,5.34,107.65,7.93, 131.75 ,11.05, 13.53 ,NA,,NA,,1.01,1.23,9.89%,9.06%,0.84%,,,,
1874.06,4.46,0.33,0.46,11.80,1874.46,5.30,109.76,8.12, 135.17 ,11.32, 13.94 ,NA,,NA,,1.01,1.27,9.22%,8.76%,0.46%,,,,
1874.07,4.46,0.33,0.46,11.89,1874.54,5.27,108.88,8.06, 134.91 ,11.23, 13.91 ,NA,,NA,,1.01,1.27,9.43%,8.93%,0.50%,,,,
1874.08,4.47,0.33,0.46,11.80,1874.63,5.24,110.00,8.12, 137.14 ,11.32, 14.11 ,NA,,NA,,1.01,1.29,9.98%,8.81%,1.17%,,,,
1874.09,4.54,0.33,0.46,11.80,1874.71,5.20,111.73,8.12, 140.13 ,11.32, 14.20 ,NA,,NA,,1.01,1.30,9.57%,8.89%,0.68%,,,,
1874.1,4.53,0.33,0.46,11.61,1874.79,5.17,113.31,8.25, 142.98 ,11.51, 14.52 ,NA,,NA,,1.01,1.33,9.17%,8.80%,0.37%,,,,
1874.11,4.57,0.33,0.46,11.51,1874.88,5.14,115.25,8.32, 146.31 ,11.60, 14.73 ,NA,,NA,,1.01,1.35,9.01%,8.92%,0.09%,,,,
1874.12,4.54,0.33,0.46,11.51,1874.96,5.10,114.50,8.32, 146.23 ,11.60, 14.82 ,NA,,NA,,1.01,1.36,9.18%,9.01%,0.17%,,,,
1875.01,4.54,0.33,0.45,11.51,1875.04,5.07,114.50,8.26, 147.11 ,11.39, 14.64 ,NA,,NA,,1.01,1.37,8.92%,8.97%,-0.05%,,,,
1875.02,4.53,0.33,0.44,11.51,1875.13,5.03,114.25,8.20, 147.66 ,11.18, 14.45 ,NA,,NA,,1.01,1.38,9.15%,8.81%,0.34%,,,,
1875.03,4.59,0.32,0.44,11.51,1875.21,4.99,115.76,8.13, 150.49 ,10.97, 14.26 ,NA,,NA,,1.01,1.39,9.28%,9.03%,0.25%,,,,
1875.04,4.65,0.32,0.43,11.61,1875.29,4.95,116.31,8.00, 152.08 ,10.67, 13.96 ,NA,,NA,,1.01,1.39,9.07%,8.95%,0.12%,,,,
1875.05,4.47,0.32,0.42,11.32,1875.38,4.91,114.63,8.14, 150.76 ,10.73, 14.11 ,NA,,NA,,1.01,1.43,9.35%,8.90%,0.45%,,,,
1875.06,4.38,0.32,0.41,11.13,1875.46,4.87,114.24,8.22, 151.15 ,10.69, 14.15 ,NA,,NA,,1.01,1.47,9.59%,8.94%,0.65%,,,,
1875.07,4.39,0.31,0.40,11.13,1875.54,4.83,114.50,8.15, 152.40 ,10.48, 13.94 ,NA,,NA,,1.01,1.48,9.83%,8.77%,1.05%,,,,
1875.08,4.41,0.31,0.39,11.23,1875.63,4.79,114.05,8.02, 152.69 ,10.17, 13.62 ,NA,,NA,,1.01,1.48,10.46%,8.83%,1.63%,,,,
1875.09,4.37,0.31,0.39,11.13,1875.71,4.75,113.98,8.02, 153.49 ,10.04, 13.52 ,NA,,NA,,1.01,1.50,10.44%,8.83%,1.61%,,,,
1875.1,4.30,0.31,0.38,11.13,1875.79,4.71,112.15,7.95, 151.92 ,9.83, 13.31 ,NA,,NA,,1.01,1.51,11.23%,8.80%,2.43%,,,,
1875.11,4.37,0.30,0.37,11.04,1875.88,4.67,114.96,7.96, 156.62 ,9.69, 13.20 ,NA,,NA,,1.01,1.53,11.50%,8.54%,2.96%,,,,
1875.12,4.37,0.30,0.36,10.94,1875.96,4.63,115.96,7.96, 158.89 ,9.55, 13.09 ,NA,,NA,,1.01,1.56,11.04%,8.16%,2.88%,,,,
1876.01,4.46,0.30,0.35,10.85,1876.04,4.59,119.39,8.03, 164.50 ,9.46, 13.03 ,NA,,NA,,1.00,1.58,10.95%,8.28%,2.67%,,,,
1876.02,4.52,0.30,0.35,10.85,1876.13,4.58,120.99,8.03, 167.64 ,9.28, 12.86 ,NA,,NA,,1.00,1.59,11.00%,8.25%,2.75%,,,,
1876.03,4.51,0.30,0.34,10.85,1876.21,4.57,120.73,8.03, 168.19 ,9.10, 12.68 ,NA,,NA,,1.00,1.60,10.90%,8.35%,2.55%,,,,
1876.04,4.34,0.30,0.33,10.75,1876.29,4.56,117.20,8.10, 164.23 ,9.00, 12.61 ,NA,,NA,,1.00,1.62,11.19%,8.35%,2.84%,,,,
1876.05,4.18,0.30,0.33,10.37,1876.38,4.54,117.02,8.40, 164.96 ,9.15, 12.89 ,NA,,NA,,1.00,1.69,11.24%,8.20%,3.04%,,,,
1876.06,4.15,0.30,0.32,10.09,1876.46,4.53,119.47,8.64, 169.42 ,9.21, 13.06 ,NA,,NA,,1.00,1.74,11.62%,8.00%,3.62%,,,,
1876.07,4.10,0.30,0.31,10.09,1876.54,4.52,118.03,8.64, 168.40 ,9.02, 12.87 ,NA,,NA,,1.00,1.75,11.76%,7.83%,3.93%,,,,
1876.08,3.93,0.30,0.31,10.18,1876.62,4.51,112.08,8.56, 160.93 ,8.75, 12.56 ,NA,,NA,,1.00,1.74,12.25%,7.77%,4.48%,,,,
1876.09,3.69,0.30,0.30,10.28,1876.71,4.50,104.26,8.48, 150.72 ,8.48, 12.25 ,NA,,NA,,1.00,1.74,13.32%,7.84%,5.48%,,,,
1876.1,3.67,0.30,0.29,10.47,1876.79,4.49,101.81,8.32, 148.18 ,8.14, 11.84 ,NA,,NA,,1.00,1.71,13.84%,8.01%,5.83%,,,,
1876.11,3.60,0.30,0.29,10.56,1876.87,4.47,98.97,8.25, 145.04 ,7.88, 11.55 ,NA,,NA,,1.00,1.71,14.39%,8.07%,6.32%,,,,
1876.12,3.58,0.30,0.28,10.75,1876.96,4.46,96.68,8.10, 142.67 ,7.56, 11.16 ,NA,,NA,,1.00,1.68,14.18%,8.10%,6.08%,,,,
1877.01,3.55,0.29,0.28,10.94,1877.04,4.45,94.20,7.72, 139.96 ,7.48, 11.11 ,NA,,NA,,1.00,1.66,14.04%,8.00%,6.04%,,,,
1877.02,3.34,0.28,0.28,10.66,1877.12,4.44,91.00,7.68, 136.16 ,7.72, 11.55 ,NA,,NA,,1.00,1.71,14.18%,7.56%,6.61%,,,,
1877.03,3.17,0.27,0.29,10.18,1877.21,4.43,90.41,7.77, 136.24 ,8.13, 12.25 ,NA,,NA,,1.00,1.80,14.47%,7.05%,7.43%,,,,
1877.04,2.94,0.26,0.29,10.47,1877.29,4.42,81.56,7.30, 123.83 ,7.95, 12.08 ,NA,,NA,,1.00,1.76,15.87%,7.32%,8.56%,,,,
1877.05,2.94,0.25,0.29,10.66,1877.37,4.41,80.10,6.93, 122.49 ,7.86, 12.01 ,NA,,NA,,1.00,1.74,16.23%,7.48%,8.75%,,,,
1877.06,2.73,0.25,0.29,10.09,1877.46,4.40,78.59,7.05, 121.08 ,8.35, 12.86 ,NA,,NA,,1.00,1.84,16.21%,6.99%,9.21%,,,,
1877.07,2.85,0.24,0.29,10.18,1877.54,4.40,81.28,6.72, 126.08 ,8.32, 12.90 ,NA,,NA,,1.00,1.83,15.63%,7.20%,8.43%,,,,
1877.08,3.05,0.23,0.29,9.80,1877.62,4.39,90.36,6.72, 141.04 ,8.69, 13.56 ,NA,,NA,,1.00,1.91,13.96%,6.63%,7.32%,,,,
1877.09,3.24,0.22,0.30,9.70,1877.71,4.38,96.93,6.51, 152.14 ,8.83, 13.85 ,NA,,NA,,1.00,1.94,13.13%,6.63%,6.50%,,,,
1877.1,3.31,0.21,0.30,9.70,1877.79,4.37,99.03,6.23, 156.24 ,8.88, 14.01 ,NA,,NA,,1.00,1.95,12.35%,6.48%,5.87%,,,,
1877.11,3.26,0.20,0.30,9.51,1877.87,4.36,99.48,6.08, 157.76 ,9.10, 14.44 ,NA,,NA,,1.00,2.00,12.37%,6.12%,6.25%,,,,
1877.12,3.25,0.19,0.30,9.51,1877.96,4.35,99.18,5.80, 158.04 ,9.15, 14.59 ,NA,,NA,,1.00,2.00,12.07%,5.85%,6.22%,,,,
1878.01,3.25,0.19,0.30,9.23,1878.04,4.34,102.24,5.95, 163.72 ,9.46, 15.15 ,NA,,NA,,1.00,2.08,11.67%,5.38%,6.30%,,,,
1878.02,3.18,0.19,0.30,9.13,1878.12,4.33,101.08,5.99, 162.66 ,9.59, 15.43 ,NA,,NA,,1.00,2.11,11.85%,5.39%,6.46%,,,,
1878.03,3.24,0.19,0.30,8.94,1878.21,4.32,105.18,6.09, 170.07 ,9.82, 15.88 ,NA,,NA,,1.00,2.16,10.97%,5.17%,5.80%,,,,
1878.04,3.33,0.19,0.30,8.85,1878.29,4.31,109.27,6.13, 177.50 ,9.95, 16.17 ,NA,,NA,,1.00,2.19,10.71%,5.18%,5.53%,,,,
1878.05,3.34,0.19,0.30,8.56,1878.37,4.30,113.25,6.30, 184.82 ,10.31, 16.83 ,NA,,NA,,1.00,2.28,10.59%,4.96%,5.63%,,,,
1878.06,3.41,0.19,0.31,8.37,1878.46,4.29,118.25,6.42, 193.86 ,10.58, 17.34 ,NA,,NA,,1.00,2.34,9.89%,4.85%,5.04%,,,,
1878.07,3.48,0.18,0.31,8.47,1878.54,4.28,119.32,6.32, 196.48 ,10.49, 17.27 ,NA,,NA,,1.00,2.32,9.94%,4.85%,5.09%,,,,
1878.08,3.45,0.18,0.31,8.56,1878.62,4.27,116.98,6.22, 193.47 ,10.40, 17.20 ,NA,,NA,,1.00,2.31,10.38%,4.97%,5.42%,,,,
1878.09,3.52,0.18,0.31,8.56,1878.71,4.26,119.35,6.19, 198.25 ,10.43, 17.32 ,NA,,NA,,1.00,2.32,10.42%,4.97%,5.46%,,,,
1878.1,3.48,0.18,0.31,8.47,1878.79,4.25,119.32,6.23, 199.06 ,10.57, 17.64 ,NA,,NA,,1.00,2.35,10.23%,4.73%,5.50%,,,,
1878.11,3.47,0.18,0.31,8.37,1878.87,4.24,120.33,6.27, 201.62 ,10.72, 17.97 ,NA,,NA,,1.00,2.39,9.77%,4.49%,5.28%,,,,
1878.12,3.45,0.18,0.31,8.18,1878.96,4.23,122.42,6.39, 206.01 ,11.00, 18.51 ,NA,,NA,,1.00,2.46,9.37%,4.25%,5.11%,,,,
1879.01,3.58,0.18,0.32,8.28,1879.04,4.22,125.57,6.37, 212.21 ,11.08, 18.72 ,NA,,NA,,1.00,2.44,9.68%,4.74%,4.94%,,,,
1879.02,3.71,0.18,0.32,8.37,1879.12,4.20,128.65,6.36, 218.31 ,11.16, 18.93 ,NA,,NA,,1.00,2.42,9.66%,4.97%,4.69%,,,,
1879.03,3.65,0.19,0.33,8.28,1879.21,4.19,128.03,6.49, 218.16 ,11.49, 19.58 ,NA,,NA,,1.00,2.46,9.61%,4.96%,4.66%,,,,
1879.04,3.77,0.19,0.33,8.18,1879.29,4.17,133.77,6.62, 228.90 ,11.83, 20.24 ,NA,,NA,,1.00,2.50,9.10%,4.82%,4.29%,,,,
1879.05,3.94,0.19,0.34,8.18,1879.37,4.15,139.81,6.68, 240.17 ,12.04, 20.68 ,NA,,NA,,1.00,2.52,9.18%,5.06%,4.12%,,,,
1879.06,3.96,0.19,0.35,8.09,1879.46,4.14,142.17,6.82, 245.21 ,12.39, 21.36 ,NA,,NA,,1.00,2.56,9.17%,4.92%,4.26%,,,,
1879.07,4.04,0.19,0.35,8.18,1879.54,4.12,143.35,6.80, 248.23 ,12.45, 21.55 ,NA,,NA,,1.00,2.54,8.85%,5.02%,3.83%,,,,
1879.08,4.07,0.19,0.36,8.18,1879.62,4.10,144.42,6.86, 251.06 ,12.66, 22.00 ,NA,,NA,,1.00,2.55,8.91%,5.00%,3.91%,,,,
1879.09,4.22,0.20,0.36,8.47,1879.71,4.09,144.69,6.69, 252.51 ,12.43, 21.69 ,NA,,NA,,1.00,2.48,9.01%,5.21%,3.80%,,,,
1879.1,4.68,0.20,0.37,8.94,1879.79,4.07,151.93,6.39, 266.07 ,11.96, 20.94 ,NA,,NA,,1.00,2.36,8.28%,5.77%,2.51%,,,,
1879.11,4.93,0.20,0.37,9.42,1879.87,4.05,151.96,6.11, 267.02 ,11.53, 20.27 ,NA,,NA,,1.00,2.25,8.18%,6.31%,1.87%,,,,
1879.12,4.92,0.20,0.38,9.70,1879.96,4.04,147.19,5.98, 259.52 ,11.37, 20.04 ,NA,,NA,,1.00,2.19,8.33%,6.47%,1.86%,,,,
1880.01,5.11,0.21,0.39,9.99,1880.04,4.02,148.51,5.96, 262.71 ,11.31, 20.01 ,NA,,NA,,1.01,2.14,8.62%,7.03%,1.59%,,,,
1880.02,5.20,0.21,0.40,9.99,1880.12,3.99,151.13,6.10, 268.24 ,11.58, 20.55 ,NA,,NA,,1.01,2.15,8.31%,6.99%,1.33%,,,,
1880.03,5.30,0.22,0.41,10.09,1880.21,3.97,152.58,6.19, 271.73 ,11.73, 20.89 ,NA,,NA,,1.01,2.14,8.13%,7.04%,1.08%,,,,
1880.04,5.18,0.22,0.42,9.70,1880.29,3.94,154.97,6.58, 276.97 ,12.47, 22.28 ,NA,,NA,,1.01,2.24,8.18%,6.59%,1.59%,,,,
1880.05,4.77,0.23,0.43,9.42,1880.37,3.91,147.03,6.94, 263.81 ,13.12, 23.55 ,NA,,NA,,1.01,2.32,9.07%,6.10%,2.97%,,,,
1880.06,4.79,0.23,0.44,9.23,1880.46,3.89,150.69,7.24, 271.46 ,13.68, 24.65 ,NA,,NA,,1.01,2.38,8.71%,5.84%,2.87%,,,,
1880.07,5.01,0.24,0.44,9.23,1880.54,3.86,157.61,7.39, 285.04 ,13.97, 25.27 ,NA,,NA,,1.01,2.39,8.14%,5.80%,2.34%,,,,
1880.08,5.19,0.24,0.45,9.23,1880.62,3.83,163.28,7.55, 296.42 ,14.26, 25.89 ,NA,,NA,,1.01,2.41,7.11%,5.38%,1.73%,,,,
1880.09,5.18,0.25,0.46,9.32,1880.71,3.81,161.30,7.63, 293.98 ,14.40, 26.25 ,NA,,NA,,1.01,2.40,6.93%,5.32%,1.61%,,,,
1880.1,5.33,0.25,0.47,9.32,1880.79,3.78,165.97,7.78, 303.68 ,14.69, 26.88 ,NA,,NA,,1.01,2.41,6.13%,5.28%,0.85%,,,,
1880.11,5.61,0.26,0.48,9.42,1880.87,3.75,172.92,7.86, 317.60 ,14.82, 27.22 ,NA,,NA,,1.01,2.40,5.15%,5.60%,-0.45%,,,,
1880.12,5.84,0.26,0.49,9.51,1880.96,3.73,178.21,7.93, 328.53 ,14.95, 27.56 ,NA,,NA,,1.01,2.39,4.59%,5.66%,-1.08%,,,,
1881.01,6.19,0.27,0.49,9.42,1881.04,3.70,190.80,8.17, 352.99 ,14.97, 27.70 ,18.47,,24.14,-1.05%,1.00,2.42,4.54%,5.65%,-1.11%,,,,
1881.02,6.17,0.27,0.48,9.51,1881.12,3.69,188.28,8.24, 349.60 ,14.70, 27.29 ,18.15,,23.66,-1.14%,1.00,2.41,4.68%,5.62%,-0.94%,,,,
1881.03,6.24,0.28,0.48,9.51,1881.21,3.69,190.42,8.39, 354.87 ,14.57, 27.16 ,18.27,,23.77,-1.31%,1.00,2.42,4.24%,5.49%,-1.25%,,,,
1881.04,6.22,0.28,0.47,9.61,1881.29,3.68,187.93,8.46, 351.54 ,14.30, 26.75 ,17.95,,23.31,-0.75%,1.00,2.40,4.60%,5.46%,-0.87%,,,,
1881.05,6.50,0.29,0.47,9.51,1881.37,3.67,198.35,8.70, 372.39 ,14.32, 26.88 ,18.87,,24.46,-0.89%,1.00,2.43,4.12%,5.48%,-1.36%,,,,
1881.06,6.58,0.29,0.47,9.51,1881.46,3.67,200.79,8.85, 378.36 ,14.19, 26.74 ,19.03,,24.62,-0.77%,1.00,2.44,4.03%,5.73%,-1.70%,,,,
1881.07,6.35,0.30,0.46,9.61,1881.54,3.66,191.86,8.91, 362.92 ,13.92, 26.34 ,18.12,,23.40,-0.40%,1.00,2.43,4.46%,5.96%,-1.50%,,,,
1881.08,6.20,0.30,0.46,9.80,1881.62,3.65,183.69,8.89, 348.87 ,13.53, 25.70 ,17.29,,22.29,0.21%,1.00,2.39,5.26%,6.16%,-0.91%,,,,
1881.09,6.25,0.31,0.45,10.18,1881.71,3.65,178.25,8.70, 339.91 ,12.91, 24.61 ,16.72,,21.54,0.56%,1.00,2.31,6.53%,6.69%,-0.17%,,,,
1881.1,6.15,0.31,0.45,10.28,1881.79,3.64,173.77,8.76, 332.77 ,12.67, 24.26 ,16.26,,20.93,0.67%,1.00,2.29,6.79%,6.79%,0.00%,,,,
1881.11,6.19,0.32,0.44,10.18,1881.87,3.63,176.54,8.98, 339.50 ,12.67, 24.36 ,16.48,,21.19,0.51%,1.00,2.32,6.58%,6.82%,-0.23%,,,,
1881.12,6.01,0.32,0.44,10.18,1881.96,3.63,171.40,9.13, 331.09 ,12.55, 24.24 ,15.96,,20.51,0.49%,1.00,2.33,7.21%,6.81%,0.40%,,,,
1882.01,5.92,0.32,0.44,10.18,1882.04,3.62,168.84,9.13, 327.60 ,12.53, 24.30 ,15.68,,20.14,0.61%,1.00,2.34,7.83%,7.08%,0.75%,,,,
1882.02,5.79,0.32,0.44,10.28,1882.12,3.62,163.60,9.04, 318.90 ,12.38, 24.14 ,15.15,,19.46,0.92%,1.00,2.33,8.18%,7.17%,1.01%,,,,
1882.03,5.78,0.32,0.44,10.28,1882.21,3.62,163.32,9.04, 319.82 ,12.36, 24.21 ,15.09,,19.38,0.80%,1.00,2.33,8.59%,7.45%,1.14%,,,,
1882.04,5.78,0.32,0.44,10.37,1882.29,3.62,161.82,8.96, 318.35 ,12.23, 24.05 ,14.92,,19.15,0.75%,1.00,2.32,8.80%,7.68%,1.12%,,,,
1882.05,5.71,0.32,0.44,10.47,1882.37,3.62,158.41,8.88, 313.09 ,12.09, 23.90 ,14.57,,18.70,1.00%,1.00,2.30,9.02%,7.77%,1.25%,,,,
1882.06,5.68,0.32,0.44,10.56,1882.46,3.62,156.15,8.80, 310.09 ,11.96, 23.75 ,14.33,,18.39,1.27%,1.00,2.29,9.10%,7.85%,1.25%,,,,
1882.07,6.00,0.32,0.43,10.47,1882.54,3.63,166.45,8.88, 332.00 ,12.05, 24.03 ,15.24,,19.56,0.91%,1.00,2.32,8.11%,7.46%,0.65%,,,,
1882.08,6.18,0.32,0.43,10.56,1882.62,3.63,169.90,8.80, 340.34 ,11.91, 23.86 ,15.53,,19.91,0.80%,1.00,2.30,7.89%,7.41%,0.49%,,,,
1882.09,6.24,0.32,0.43,10.28,1882.71,3.63,176.31,9.04, 354.70 ,12.22, 24.58 ,16.08,,20.62,0.24%,1.00,2.37,7.21%,7.10%,0.11%,,,,
1882.1,6.07,0.32,0.43,10.18,1882.79,3.63,173.11,9.13, 349.79 ,12.31, 24.88 ,15.76,,20.19,0.49%,1.00,2.40,7.62%,6.99%,0.62%,,,,
1882.11,5.81,0.32,0.43,10.09,1882.87,3.63,167.26,9.21, 339.52 ,12.40, 25.17 ,15.19,,19.47,0.35%,1.00,2.43,7.66%,6.61%,1.05%,,,,
1882.12,5.84,0.32,0.43,9.99,1882.96,3.63,169.73,9.30, 346.10 ,12.50, 25.48 ,15.38,,19.70,0.32%,1.00,2.46,7.24%,6.37%,0.88%,,,,
1883.01,5.81,0.32,0.43,9.99,1883.04,3.63,168.85,9.32, 345.90 ,12.42, 25.45 ,15.27,,19.56,0.36%,1.00,2.47,7.08%,5.97%,1.12%,,,,
1883.02,5.68,0.32,0.43,10.09,1883.12,3.63,163.52,9.26, 336.56 ,12.24, 25.18 ,14.76,,18.90,0.47%,1.00,2.45,7.10%,5.94%,1.15%,,,,
1883.03,5.75,0.32,0.42,9.99,1883.21,3.63,167.11,9.37, 345.55 ,12.28, 25.39 ,15.05,,19.27,0.25%,1.00,2.49,6.72%,6.10%,0.61%,,,,
1883.04,5.87,0.32,0.42,9.90,1883.29,3.63,172.24,9.49, 357.79 ,12.32, 25.60 ,15.48,,19.82,-0.03%,1.00,2.52,6.52%,6.13%,0.38%,,,,
1883.05,5.77,0.32,0.42,9.80,1883.37,3.63,170.95,9.61, 356.78 ,12.37, 25.82 ,15.34,,19.63,0.15%,1.00,2.55,5.74%,6.17%,-0.43%,,,,
1883.06,5.82,0.33,0.42,9.51,1883.46,3.63,177.60,9.92, 372.39 ,12.66, 26.55 ,15.90,,20.36,-0.08%,1.00,2.63,5.09%,6.13%,-1.04%,,,,
1883.07,5.73,0.33,0.41,9.32,1883.54,3.63,178.42,10.14, 375.89 ,12.84, 27.06 ,15.95,,20.41,-0.29%,1.00,2.70,4.29%,6.19%,-1.90%,,,,
1883.08,5.47,0.33,0.41,9.32,1883.62,3.62,170.33,10.17, 360.62 ,12.77, 27.03 ,15.20,,19.45,0.02%,1.00,2.70,4.94%,6.62%,-1.68%,,,,
1883.09,5.53,0.33,0.41,9.23,1883.71,3.62,173.97,10.30, 370.15 ,12.82, 27.28 ,15.49,,19.83,-0.20%,1.00,2.74,5.02%,6.09%,-1.07%,,,,
1883.1,5.38,0.33,0.41,9.23,1883.79,3.62,169.25,10.33, 361.94 ,12.74, 27.25 ,15.05,,19.26,0.21%,1.00,2.75,5.47%,5.96%,-0.48%,,,,
1883.11,5.46,0.33,0.40,9.13,1883.87,3.62,173.56,10.46, 373.01 ,12.79, 27.50 ,15.41,,19.72,0.26%,1.00,2.79,5.64%,6.13%,-0.49%,,,,
1883.12,5.34,0.33,0.40,9.23,1883.96,3.62,168.00,10.38, 362.91 ,12.58, 27.18 ,14.90,,19.07,0.36%,1.00,2.77,5.75%,6.38%,-0.64%,,,,
1884.01,5.18,0.33,0.39,9.23,1884.04,3.62,162.96,10.33, 353.90 ,12.35, 26.82 ,14.43,,18.48,0.42%,1.00,2.78,6.14%,6.68%,-0.54%,,,,
1884.02,5.32,0.33,0.39,9.23,1884.12,3.61,167.37,10.28, 365.32 ,12.11, 26.44 ,14.81,,18.96,0.26%,1.00,2.79,6.14%,6.84%,-0.70%,,,,
1884.03,5.30,0.33,0.38,9.23,1884.21,3.60,166.74,10.22, 365.81 ,11.88, 26.06 ,14.74,,18.88,0.30%,1.00,2.80,6.79%,7.16%,-0.37%,,,,
1884.04,5.06,0.32,0.37,9.04,1884.29,3.60,162.54,10.39, 358.49 ,11.89, 26.21 ,14.35,,18.40,0.43%,1.00,2.87,7.19%,6.94%,0.25%,,,,
1884.05,4.65,0.32,0.36,8.85,1884.37,3.59,152.58,10.56, 338.47 ,11.89, 26.39 ,13.47,,17.27,0.77%,1.00,2.94,7.45%,6.73%,0.72%,,,,
1884.06,4.46,0.32,0.36,8.85,1884.46,3.58,146.35,10.50, 326.58 ,11.65, 25.99 ,12.91,,16.58,1.33%,1.00,2.95,7.74%,6.74%,1.00%,,,,
1884.07,4.46,0.32,0.35,8.75,1884.54,3.57,147.94,10.56, 332.09 ,11.53, 25.88 ,13.04,,16.77,1.08%,1.00,2.99,7.38%,6.63%,0.74%,,,,
1884.08,4.74,0.32,0.34,8.75,1884.62,3.56,157.22,10.50, 354.91 ,11.28, 25.46 ,13.86,,17.83,0.71%,1.00,3.00,6.80%,6.34%,0.46%,,,,
1884.09,4.59,0.32,0.33,8.66,1884.71,3.55,153.92,10.56, 349.44 ,11.15, 25.31 ,13.57,,17.47,0.77%,1.00,3.05,7.03%,6.09%,0.94%,,,,
1884.1,4.44,0.31,0.33,8.56,1884.79,3.55,150.55,10.62, 343.79 ,11.02, 25.16 ,13.27,,17.11,0.99%,1.00,3.09,7.21%,6.28%,0.93%,,,,
1884.11,4.35,0.31,0.32,8.37,1884.87,3.54,150.84,10.81, 346.53 ,11.01, 25.29 ,13.30,,17.17,0.85%,1.00,3.17,7.17%,6.05%,1.12%,,,,
1884.12,4.34,0.31,0.31,8.28,1884.96,3.53,152.23,10.87, 351.79 ,10.87, 25.13 ,13.43,,17.36,0.67%,1.00,3.22,7.11%,6.09%,1.02%,,,,
1885.01,4.24,0.30,0.31,8.28,1885.04,3.52,148.72,10.67, 345.74 ,10.76, 25.01 ,13.13,,16.99,0.85%,1.00,3.23,7.21%,6.10%,1.11%,,,,
1885.02,4.37,0.30,0.30,8.37,1885.12,3.51,151.54,10.34, 354.29 ,10.52, 24.59 ,13.38,,17.33,0.83%,1.00,3.21,6.84%,6.20%,0.64%,,,,
1885.03,4.38,0.29,0.30,8.18,1885.21,3.50,155.42,10.38, 365.39 ,10.65, 25.03 ,13.73,,17.80,0.43%,1.00,3.30,6.56%,5.93%,0.62%,,,,
1885.04,4.37,0.29,0.30,8.28,1885.29,3.48,153.28,10.06, 362.33 ,10.41, 24.60 ,13.55,,17.58,0.57%,1.00,3.27,6.68%,5.59%,1.10%,,,,
1885.05,4.32,0.28,0.29,8.09,1885.37,3.47,155.09,10.08, 368.60 ,10.53, 25.03 ,13.71,,17.80,0.51%,1.00,3.36,6.96%,5.17%,1.79%,,,,
1885.06,4.30,0.28,0.29,7.90,1885.46,3.46,158.09,10.11, 377.74 ,10.66, 25.48 ,13.98,,18.17,0.32%,1.00,3.46,6.80%,4.76%,2.04%,,,,
1885.07,4.46,0.27,0.29,7.99,1885.54,3.45,162.02,9.78, 389.07 ,10.42, 25.01 ,14.33,,18.63,0.28%,1.00,3.43,6.71%,5.01%,1.70%,,,,
1885.08,4.71,0.26,0.28,7.99,1885.62,3.43,171.11,9.57, 412.80 ,10.29, 24.83 ,15.13,,19.68,-0.16%,1.00,3.44,6.42%,5.13%,1.29%,,,,
1885.09,4.65,0.26,0.28,7.90,1885.71,3.42,170.96,9.47, 414.35 ,10.29, 24.95 ,15.12,,19.66,-0.18%,1.00,3.50,6.48%,4.99%,1.50%,,,,
1885.1,4.92,0.25,0.28,7.90,1885.79,3.41,180.89,9.25, 440.28 ,10.17, 24.76 ,15.99,,20.80,-0.53%,1.00,3.51,5.72%,4.97%,0.75%,,,,
1885.11,5.24,0.25,0.27,7.99,1885.87,3.40,190.36,8.93, 465.15 ,9.93, 24.26 ,16.82,,21.88,-0.63%,1.00,3.48,4.82%,5.07%,-0.26%,,,,
1885.12,5.20,0.24,0.27,8.18,1885.96,3.38,184.51,8.52, 452.59 ,9.58, 23.50 ,16.30,,21.19,-0.11%,1.00,3.42,4.65%,5.45%,-0.79%,,,,
1886.01,5.20,0.24,0.28,7.99,1886.04,3.37,188.91,8.66, 465.14 ,9.99, 24.60 ,16.69,,21.69,-0.39%,1.00,3.51,4.43%,5.33%,-0.90%,,,,
1886.02,5.30,0.24,0.28,7.99,1886.12,3.38,192.54,8.60, 475.85 ,10.17, 25.14 ,17.01,,22.09,-0.51%,1.00,3.52,4.81%,5.51%,-0.70%,,,,
1886.03,5.19,0.24,0.29,7.90,1886.21,3.40,190.82,8.64, 473.37 ,10.48, 25.99 ,16.84,,21.87,-0.58%,1.00,3.56,4.74%,5.41%,-0.67%,,,,
1886.04,5.12,0.23,0.29,7.80,1886.29,3.41,190.54,8.68, 474.47 ,10.79, 26.87 ,16.80,,21.81,-0.61%,1.00,3.61,5.00%,5.46%,-0.46%,,,,
1886.05,5.02,0.23,0.30,7.61,1886.37,3.42,191.49,8.84, 478.67 ,11.25, 28.13 ,16.86,,21.89,-0.54%,1.00,3.71,5.05%,5.39%,-0.33%,,,,
1886.06,5.25,0.23,0.30,7.52,1886.46,3.43,202.80,8.88, 508.79 ,11.59, 29.07 ,17.83,,23.13,-0.72%,1.00,3.77,4.42%,5.44%,-1.02%,,,,
1886.07,5.33,0.23,0.31,7.61,1886.54,3.45,203.31,8.71, 511.90 ,11.63, 29.29 ,17.85,,23.13,-0.62%,1.00,3.73,3.69%,5.60%,-1.90%,,,,
1886.08,5.37,0.23,0.31,7.71,1886.62,3.46,202.31,8.54, 511.17 ,11.68, 29.51 ,17.72,,22.95,-0.56%,1.00,3.69,3.14%,5.76%,-2.61%,,,,
1886.09,5.51,0.23,0.32,7.71,1886.71,3.47,207.58,8.48, 526.28 ,11.87, 30.09 ,18.15,,23.48,-0.80%,1.00,3.69,3.41%,5.78%,-2.37%,,,,
1886.1,5.65,0.22,0.32,7.71,1886.79,3.48,212.86,8.41, 541.43 ,12.06, 30.67 ,18.56,,24.00,-1.11%,1.00,3.70,3.08%,5.49%,-2.41%,,,,
1886.11,5.79,0.22,0.33,7.71,1886.87,3.50,218.13,8.35, 556.62 ,12.24, 31.24 ,18.97,,24.50,-1.32%,1.00,3.71,3.21%,5.21%,-2.00%,,,,
1886.12,5.64,0.22,0.33,7.80,1886.96,3.51,209.89,8.19, 537.33 ,12.28, 31.44 ,18.19,,23.49,-1.17%,1.00,3.67,3.23%,5.37%,-2.14%,,,,
1887.01,5.58,0.22,0.33,7.99,1887.04,3.52,202.71,8.08, 520.68 ,12.08, 31.03 ,17.51,,22.59,-0.90%,1.00,3.59,3.89%,5.95%,-2.06%,,,,
1887.02,5.54,0.23,0.34,8.09,1887.12,3.53,198.89,8.08, 512.59 ,12.03, 31.00 ,17.13,,22.08,-0.41%,1.00,3.55,3.99%,6.09%,-2.10%,,,,
1887.03,5.67,0.23,0.34,8.09,1887.21,3.55,203.56,8.17, 526.37 ,12.12, 31.33 ,17.47,,22.52,-0.10%,1.00,3.56,3.78%,6.10%,-2.33%,,,,
1887.04,5.80,0.23,0.34,8.09,1887.29,3.56,208.23,8.26, 540.22 ,12.21, 31.67 ,17.82,,22.95,-0.49%,1.00,3.57,3.37%,6.28%,-2.90%,,,,
1887.05,5.90,0.23,0.34,8.09,1887.37,3.57,211.82,8.35, 551.34 ,12.30, 32.01 ,18.08,,23.26,-0.76%,1.00,3.57,3.41%,6.45%,-3.04%,,,,
1887.06,5.73,0.24,0.35,7.99,1887.46,3.58,208.16,8.54, 543.68 ,12.53, 32.73 ,17.71,,22.78,-0.23%,1.00,3.62,4.06%,6.34%,-2.28%,,,,
1887.07,5.59,0.24,0.35,7.90,1887.54,3.60,205.52,8.73, 538.69 ,12.78, 33.49 ,17.43,,22.42,-0.37%,1.00,3.67,4.65%,6.22%,-1.58%,,,,
1887.08,5.45,0.24,0.35,7.99,1887.62,3.61,197.99,8.72, 520.85 ,12.71, 33.45 ,16.74,,21.52,0.35%,1.00,3.64,5.23%,5.89%,-0.66%,,,,
1887.09,5.38,0.24,0.35,7.90,1887.71,3.62,197.80,8.92, 522.31 ,12.96, 34.22 ,16.68,,21.43,0.34%,1.00,3.69,5.43%,5.47%,-0.05%,,,,
1887.1,5.20,0.25,0.36,7.99,1887.79,3.63,188.91,8.90, 500.78 ,12.90, 34.19 ,15.88,,20.41,0.74%,1.00,3.65,5.71%,5.76%,-0.05%,,,,
1887.11,5.30,0.25,0.36,8.09,1887.87,3.65,190.28,8.89, 506.37 ,12.83, 34.16 ,15.95,,20.50,1.01%,1.00,3.61,5.25%,5.90%,-0.65%,,,,
1887.12,5.27,0.25,0.36,8.28,1887.96,3.66,184.85,8.77, 493.87 ,12.63, 33.74 ,15.46,,19.86,1.43%,1.00,3.54,5.77%,6.16%,-0.39%,,,,
1888.01,5.31,0.25,0.35,8.37,1888.04,3.67,184.13,8.61, 493.88 ,12.20, 32.71 ,15.36,,19.73,1.87%,1.00,3.51,6.09%,6.29%,-0.21%,,,,
1888.02,5.28,0.25,0.34,8.28,1888.12,3.65,185.20,8.65, 498.67 ,12.04, 32.42 ,15.42,,19.81,1.85%,1.00,3.56,5.85%,6.02%,-0.17%,,,,
1888.03,5.08,0.25,0.34,8.28,1888.21,3.63,178.18,8.59, 481.71 ,11.75, 31.77 ,14.81,,19.03,2.35%,1.00,3.58,5.76%,6.02%,-0.26%,,,,
1888.04,5.10,0.24,0.33,8.18,1888.29,3.62,180.97,8.63, 491.18 ,11.59, 31.46 ,15.02,,19.30,2.26%,1.00,3.64,5.40%,5.90%,-0.49%,,,,
1888.05,5.17,0.24,0.32,8.09,1888.37,3.60,185.61,8.68, 505.74 ,11.43, 31.14 ,15.39,,19.77,2.33%,1.00,3.70,5.08%,5.06%,0.03%,,,,
1888.06,5.01,0.24,0.31,7.99,1888.46,3.58,182.01,8.72, 497.90 ,11.26, 30.81 ,15.08,,19.38,2.59%,1.00,3.76,6.41%,5.65%,0.76%,,,,
1888.07,5.14,0.24,0.30,8.09,1888.54,3.56,184.53,8.56, 506.76 ,10.83, 29.75 ,15.28,,19.64,2.53%,1.00,3.73,6.45%,5.92%,0.52%,,,,
1888.08,5.25,0.24,0.29,8.09,1888.62,3.54,188.48,8.50, 519.55 ,10.53, 29.03 ,15.60,,20.05,2.30%,1.00,3.75,6.60%,5.92%,0.68%,,,,
1888.09,5.38,0.24,0.29,8.09,1888.71,3.52,193.15,8.44, 534.36 ,10.23, 28.31 ,15.99,,20.54,2.16%,1.00,3.76,6.32%,5.92%,0.40%,,,,
1888.1,5.35,0.23,0.28,8.18,1888.79,3.51,189.84,8.28, 527.11 ,9.82, 27.26 ,15.72,,20.19,2.52%,1.00,3.74,6.27%,6.04%,0.23%,,,,
1888.11,5.24,0.23,0.27,8.28,1888.87,3.49,183.80,8.13, 512.21 ,9.41, 26.23 ,15.22,,19.56,2.97%,1.00,3.71,6.96%,6.17%,0.79%,,,,
1888.12,5.14,0.23,0.26,8.28,1888.96,3.47,180.29,8.07, 504.31 ,9.12, 25.51 ,14.95,,19.21,3.34%,1.00,3.73,7.65%,6.02%,1.63%,,,,
1889.01,5.24,0.23,0.26,7.99,1889.04,3.45,190.36,8.33, 534.43 ,9.57, 26.85 ,15.80,,20.31,2.53%,1.00,3.88,7.84%,5.64%,2.20%,,,,
1889.02,5.30,0.23,0.27,7.90,1889.12,3.45,194.86,8.39, 549.02 ,9.81, 27.63 ,16.19,,20.81,2.14%,1.00,3.93,7.68%,5.22%,2.47%,,,,
1889.03,5.19,0.23,0.27,7.80,1889.21,3.45,193.14,8.47, 546.17 ,10.05, 28.41 ,16.07,,20.65,2.19%,1.00,3.99,7.92%,5.08%,2.84%,,,,
1889.04,5.18,0.23,0.27,7.80,1889.29,3.44,192.77,8.44, 547.11 ,10.17, 28.87 ,16.05,,20.63,2.31%,1.00,4.01,7.92%,4.93%,2.99%,,,,
1889.05,5.32,0.23,0.28,7.61,1889.37,3.44,202.93,8.61, 577.98 ,10.55, 30.06 ,16.92,,21.73,1.75%,1.00,4.12,6.90%,4.66%,2.24%,,,,
1889.06,5.41,0.23,0.28,7.61,1889.46,3.44,206.36,8.58, 589.79 ,10.68, 30.53 ,17.22,,22.11,1.77%,1.00,4.13,6.33%,4.51%,1.82%,,,,
1889.07,5.30,0.22,0.28,7.61,1889.54,3.44,202.17,8.55, 579.84 ,10.81, 30.99 ,16.89,,21.68,1.77%,1.00,4.15,6.76%,4.36%,2.39%,,,,
1889.08,5.37,0.22,0.29,7.61,1889.62,3.43,204.84,8.52, 589.53 ,10.94, 31.47 ,17.13,,21.97,1.68%,1.00,4.16,6.74%,4.22%,2.52%,,,,
1889.09,5.50,0.22,0.29,7.71,1889.71,3.43,207.21,8.38, 598.36 ,10.93, 31.55 ,17.35,,22.24,1.40%,1.00,4.12,6.09%,3.94%,2.14%,,,,
1889.1,5.40,0.22,0.29,7.71,1889.79,3.43,203.44,8.35, 589.49 ,11.05, 32.02 ,17.05,,21.84,0.96%,1.00,4.13,6.09%,3.80%,2.29%,,,,
1889.11,5.35,0.22,0.30,7.71,1889.87,3.43,201.56,8.32, 586.04 ,11.18, 32.50 ,16.91,,21.64,0.50%,1.00,4.14,6.25%,3.67%,2.58%,,,,
1889.12,5.32,0.22,0.30,7.80,1889.96,3.42,197.98,8.19, 577.63 ,11.16, 32.57 ,16.61,,21.25,0.44%,1.00,4.11,5.56%,3.66%,1.90%,,,,
1890.01,5.38,0.22,0.30,7.61,1890.04,3.42,205.22,8.39, 600.79 ,11.41, 33.41 ,17.22,,22.02,-0.30%,1.00,4.22,5.32%,3.40%,1.92%,,,,
1890.02,5.32,0.22,0.30,7.61,1890.12,3.44,202.93,8.39, 596.14 ,11.38, 33.43 ,17.03,,21.76,-0.25%,1.00,4.23,5.49%,3.29%,2.20%,,,,
1890.03,5.28,0.22,0.30,7.61,1890.21,3.45,201.40,8.39, 593.71 ,11.35, 33.45 ,16.90,,21.58,-0.31%,1.00,4.23,5.65%,3.31%,2.35%,,,,
1890.04,5.39,0.22,0.30,7.61,1890.29,3.47,205.60,8.39, 608.14 ,11.32, 33.48 ,17.26,,22.02,-0.08%,1.00,4.24,5.57%,3.32%,2.25%,,,,
1890.05,5.62,0.22,0.30,7.71,1890.37,3.49,211.73,8.29, 628.31 ,11.14, 33.07 ,17.79,,22.68,0.15%,1.00,4.19,5.00%,3.71%,1.29%,,,,
1890.06,5.58,0.22,0.30,7.71,1890.46,3.50,210.22,8.29, 625.88 ,11.11, 33.09 ,17.68,,22.53,0.36%,1.00,4.20,4.89%,3.86%,1.04%,,,,
1890.07,5.54,0.22,0.29,7.71,1890.54,3.52,208.71,8.29, 623.45 ,11.08, 33.11 ,17.59,,22.38,0.38%,1.00,4.21,4.84%,3.74%,1.10%,,,,
1890.08,5.41,0.22,0.29,7.99,1890.62,3.54,196.54,7.99, 589.07 ,10.66, 31.94 ,16.60,,21.10,1.06%,1.00,4.06,5.75%,4.26%,1.49%,,,,
1890.09,5.32,0.22,0.29,8.09,1890.71,3.55,190.99,7.90, 574.43 ,10.50, 31.58 ,16.17,,20.54,1.22%,1.00,4.02,5.68%,4.27%,1.40%,,,,
1890.1,5.08,0.22,0.29,8.09,1890.79,3.57,182.38,7.90, 550.49 ,10.47, 31.61 ,15.48,,19.65,1.48%,1.00,4.03,6.68%,4.42%,2.26%,,,,
1890.11,4.71,0.22,0.29,7.90,1890.87,3.59,173.17,8.09, 524.73 ,10.69, 32.40 ,14.75,,18.70,1.45%,1.00,4.13,8.04%,4.18%,3.86%,,,,
1890.12,4.60,0.22,0.29,7.90,1890.96,3.60,169.12,8.09, 514.52 ,10.66, 32.44 ,14.44,,18.31,1.47%,1.00,4.14,9.07%,4.33%,4.74%,,,,
1891.01,4.84,0.22,0.29,7.80,1891.04,3.62,180.12,8.19, 550.04 ,10.95, 33.43 ,15.43,,19.55,0.99%,1.00,4.20,8.55%,4.08%,4.47%,,,,
1891.02,4.90,0.22,0.30,7.90,1891.12,3.62,180.15,8.09, 552.21 ,10.97, 33.62 ,15.48,,19.59,1.00%,1.00,4.16,8.96%,4.33%,4.63%,,,,
1891.03,4.81,0.22,0.30,7.99,1891.21,3.62,174.74,7.99, 537.65 ,10.99, 33.81 ,15.05,,19.04,1.30%,1.00,4.12,9.67%,4.44%,5.23%,,,,
1891.04,4.97,0.22,0.31,8.09,1891.29,3.62,178.43,7.90, 551.03 ,11.01, 34.00 ,15.41,,19.47,1.16%,1.00,4.09,10.46%,4.69%,5.78%,,,,
1891.05,4.95,0.22,0.31,7.99,1891.37,3.61,179.83,7.99, 557.40 ,11.29, 35.00 ,15.57,,19.66,1.08%,1.00,4.15,9.80%,4.55%,5.25%,,,,
1891.06,4.85,0.22,0.32,7.80,1891.46,3.61,180.49,8.19, 561.58 ,11.72, 36.47 ,15.66,,19.76,0.81%,1.00,4.26,10.80%,4.29%,6.51%,,,,
1891.07,4.77,0.22,0.32,7.71,1891.54,3.61,179.70,8.29, 561.28 ,12.03, 37.56 ,15.62,,19.69,0.61%,1.00,4.33,9.94%,4.02%,5.92%,,,,
1891.08,4.93,0.22,0.32,7.71,1891.62,3.61,185.73,8.29, 582.26 ,12.18, 38.18 ,16.16,,20.36,0.20%,1.00,4.34,9.59%,3.88%,5.71%,,,,
1891.09,5.33,0.22,0.33,7.61,1891.71,3.61,203.31,8.39, 639.57 ,12.49, 39.30 ,17.71,,22.28,-0.83%,1.00,4.41,8.41%,3.61%,4.80%,,,,
1891.1,5.33,0.22,0.33,7.61,1891.79,3.61,203.31,8.39, 641.77 ,12.65, 39.94 ,17.72,,22.26,-0.92%,1.00,4.42,8.29%,3.60%,4.69%,,,,
1891.11,5.25,0.22,0.34,7.52,1891.87,3.60,202.80,8.50, 642.37 ,12.97, 41.09 ,17.67,,22.19,-0.93%,1.00,4.49,8.41%,3.33%,5.08%,,,,
1891.12,5.41,0.22,0.34,7.52,1891.96,3.60,208.98,8.50, 664.19 ,13.13, 41.74 ,18.21,,22.83,-1.10%,1.00,4.51,7.78%,3.20%,4.59%,,,,
1892.01,5.51,0.22,0.34,7.33,1892.04,3.60,218.37,8.79, 696.37 ,13.57, 43.29 ,19.02,,23.82,-1.58%,1.00,4.64,7.66%,3.04%,4.62%,,,,
1892.02,5.52,0.22,0.35,7.33,1892.12,3.61,218.76,8.85, 699.98 ,13.67, 43.75 ,19.04,,23.81,-1.69%,1.00,4.65,7.74%,3.04%,4.69%,,,,
1892.03,5.58,0.23,0.35,7.14,1892.21,3.63,227.04,9.15, 728.90 ,14.14, 45.39 ,19.74,,24.66,-2.14%,1.00,4.78,7.35%,2.77%,4.58%,,,,
1892.04,5.57,0.23,0.35,7.04,1892.29,3.64,229.69,9.35, 739.93 ,14.43, 46.49 ,19.94,,24.88,-2.42%,1.00,4.86,7.45%,2.51%,4.95%,,,,
1892.05,5.57,0.23,0.35,7.04,1892.37,3.65,229.69,9.41, 742.46 ,14.54, 46.99 ,19.91,,24.81,-2.51%,1.00,4.87,7.30%,2.38%,4.91%,,,,
1892.06,5.54,0.23,0.36,7.04,1892.46,3.66,228.46,9.48, 741.01 ,14.64, 47.48 ,19.77,,24.60,-2.58%,1.00,4.88,7.16%,2.26%,4.90%,,,,
1892.07,5.54,0.23,0.36,7.23,1892.54,3.68,222.44,9.30, 724.03 ,14.35, 46.72 ,19.21,,23.88,-2.10%,1.00,4.76,7.69%,2.53%,5.15%,,,,
1892.08,5.62,0.23,0.36,7.33,1892.62,3.69,222.73,9.25, 727.45 ,14.27, 46.60 ,19.20,,23.85,-2.07%,1.00,4.70,8.08%,2.79%,5.29%,,,,
1892.09,5.48,0.24,0.36,7.33,1892.71,3.70,217.18,9.31, 711.86 ,14.37, 47.09 ,18.69,,23.19,-1.68%,1.00,4.71,8.25%,2.67%,5.58%,,,,
1892.1,5.59,0.24,0.37,7.33,1892.79,3.71,221.54,9.38, 728.72 ,14.47, 47.58 ,19.04,,23.60,-1.70%,1.00,4.72,6.96%,1.97%,4.98%,,,,
1892.11,5.57,0.24,0.37,7.52,1892.87,3.73,215.16,9.20, 710.25 ,14.20, 46.86 ,18.46,,22.86,-1.21%,1.00,4.61,7.20%,2.57%,4.63%,,,,
1892.12,5.51,0.24,0.37,7.61,1892.96,3.74,210.18,9.15, 696.33 ,14.11, 46.76 ,18.01,,22.28,-0.87%,1.00,4.57,7.08%,2.59%,4.50%,,,,
1893.01,5.61,0.24,0.36,7.90,1893.04,3.75,206.26,8.85, 685.79 ,13.27, 44.11 ,17.66,,21.82,-0.41%,1.00,4.41,7.70%,2.85%,4.85%,,,,
1893.02,5.51,0.24,0.35,7.99,1893.12,3.75,200.17,8.78, 667.98 ,12.78, 42.64 ,17.13,,21.15,-0.21%,1.00,4.37,7.95%,2.96%,4.99%,,,,
1893.03,5.31,0.24,0.34,7.80,1893.21,3.74,197.61,9.02, 661.95 ,12.75, 42.70 ,16.90,,20.86,-0.27%,1.00,4.49,8.02%,3.04%,4.98%,,,,
1893.04,5.31,0.24,0.33,7.71,1893.29,3.74,200.05,9.17, 672.68 ,12.56, 42.22 ,17.10,,21.10,-0.36%,1.00,4.57,7.43%,2.90%,4.53%,,,,
1893.05,4.84,0.24,0.32,7.61,1893.37,3.73,184.62,9.31, 623.41 ,12.37, 41.76 ,15.78,,19.47,0.11%,1.00,4.64,8.33%,2.99%,5.34%,,,,
1893.06,4.61,0.25,0.32,7.42,1893.46,3.73,180.36,9.59, 611.71 ,12.32, 41.80 ,15.42,,19.03,0.30%,1.00,4.77,7.96%,2.72%,5.24%,,,,
1893.07,4.18,0.25,0.31,7.23,1893.54,3.73,167.84,9.87, 572.04 ,12.28, 41.85 ,14.35,,17.73,0.73%,1.00,4.92,8.22%,2.44%,5.79%,,,,
1893.08,4.08,0.25,0.30,6.95,1893.62,3.72,170.55,10.31, 584.23 ,12.40, 42.49 ,14.59,,18.03,0.23%,1.00,5.14,7.69%,2.01%,5.68%,,,,
1893.09,4.37,0.25,0.29,7.23,1893.71,3.72,175.47,9.94, 603.89 ,11.54, 39.73 ,15.01,,18.57,0.53%,1.00,4.95,7.00%,2.29%,4.70%,,,,
1893.1,4.50,0.25,0.28,7.33,1893.79,3.71,178.34,9.84, 616.60 ,11.03, 38.13 ,15.27,,18.90,0.55%,1.00,4.90,6.59%,2.53%,4.06%,,,,
1893.11,4.57,0.25,0.27,7.14,1893.87,3.71,185.94,10.14, 645.81 ,10.95, 38.04 ,15.94,,19.74,0.13%,1.00,5.05,6.31%,2.37%,3.94%,,,,
1893.12,4.41,0.25,0.26,7.04,1893.96,3.70,181.86,10.31, 634.61 ,10.72, 37.41 ,15.61,,19.34,0.03%,1.00,5.14,7.02%,2.22%,4.81%,,,,
1894.01,4.32,0.25,0.25,6.85,1894.04,3.70,183.10,10.46, 641.96 ,10.67, 37.40 ,15.74,,19.52,-0.28%,1.00,5.30,6.88%,1.69%,5.19%,,,,
1894.02,4.38,0.24,0.24,6.76,1894.12,3.68,188.25,10.46, 663.10 ,10.46, 36.83 ,16.20,,20.11,-0.58%,1.00,5.40,6.04%,1.29%,4.76%,,,,
1894.03,4.51,0.24,0.24,6.57,1894.21,3.66,199.46,10.61, 705.69 ,10.39, 36.77 ,17.19,,21.34,-1.19%,1.00,5.58,5.52%,1.09%,4.43%,,,,
1894.04,4.57,0.24,0.23,6.57,1894.29,3.64,202.11,10.47, 718.16 ,10.03, 35.63 ,17.43,,21.66,-1.05%,1.00,5.61,5.76%,1.18%,4.58%,,,,
1894.05,4.40,0.23,0.22,6.57,1894.37,3.62,194.59,10.32, 694.50 ,9.65, 34.46 ,16.81,,20.90,-0.61%,1.00,5.63,6.18%,1.39%,4.79%,,,,
1894.06,4.34,0.23,0.21,6.57,1894.46,3.60,191.94,10.17, 688.06 ,9.29, 33.29 ,16.61,,20.66,-0.52%,1.00,5.66,6.34%,1.37%,4.97%,,,,
1894.07,4.25,0.23,0.20,6.57,1894.54,3.58,187.96,10.03, 676.79 ,8.92, 32.12 ,16.29,,20.29,-0.28%,1.00,5.69,6.99%,1.34%,5.65%,,,,
1894.08,4.41,0.22,0.19,6.76,1894.62,3.56,189.54,9.60, 685.36 ,8.31, 30.04 ,16.46,,20.51,-0.04%,1.00,5.55,7.13%,1.49%,5.64%,,,,
1894.09,4.48,0.22,0.19,6.85,1894.71,3.54,189.88,9.32, 689.38 ,7.84, 28.47 ,16.52,,20.61,0.20%,1.00,5.50,7.45%,1.49%,5.95%,,,,
1894.1,4.34,0.22,0.18,6.66,1894.79,3.52,189.20,9.45, 689.78 ,7.70, 28.08 ,16.50,,20.60,0.06%,1.00,5.68,8.09%,1.18%,6.91%,,,,
1894.11,4.34,0.21,0.17,6.66,1894.87,3.50,189.20,9.30, 692.60 ,7.34, 26.86 ,16.54,,20.67,0.28%,1.00,5.71,8.41%,0.93%,7.48%,,,,
1894.12,4.30,0.21,0.16,6.57,1894.96,3.48,190.17,9.29, 699.00 ,7.08, 26.01 ,16.67,,20.86,0.23%,1.00,5.82,8.45%,0.76%,7.68%,,,,
1895.01,4.25,0.21,0.17,6.57,1895.04,3.46,187.96,9.21, 693.69 ,7.41, 27.34 ,16.52,,20.69,0.30%,1.00,5.85,8.80%,0.74%,8.06%,,,,
1895.02,4.19,0.21,0.18,6.57,1895.12,3.47,185.31,9.14, 686.71 ,7.74, 28.68 ,16.33,,20.47,0.25%,1.00,5.86,9.41%,0.75%,8.65%,,,,
1895.03,4.19,0.21,0.18,6.57,1895.21,3.48,185.31,9.07, 689.51 ,8.07, 30.03 ,16.36,,20.53,0.45%,1.00,5.87,9.83%,0.88%,8.94%,,,,
1895.04,4.37,0.20,0.19,6.85,1895.29,3.50,185.21,8.62, 691.84 ,8.05, 30.08 ,16.39,,20.58,0.73%,1.00,5.63,9.69%,1.33%,8.36%,,,,
1895.05,4.61,0.20,0.20,6.95,1895.37,3.51,192.71,8.43, 722.46 ,8.26, 30.95 ,17.08,,21.46,0.84%,1.00,5.57,8.82%,1.59%,7.23%,,,,
1895.06,4.70,0.20,0.21,7.04,1895.46,3.52,193.82,8.25, 729.19 ,8.45, 31.81 ,17.21,,21.63,1.15%,1.00,5.50,8.88%,1.75%,7.14%,,,,
1895.07,4.72,0.20,0.21,6.95,1895.54,3.53,197.31,8.29, 744.92 ,8.88, 33.54 ,17.55,,22.06,0.78%,1.00,5.59,9.02%,1.62%,7.40%,,,,
1895.08,4.79,0.20,0.22,6.85,1895.62,3.54,203.02,8.34, 769.09 ,9.32, 35.32 ,18.07,,22.73,0.46%,1.00,5.68,8.98%,1.38%,7.60%,,,,
1895.09,4.82,0.20,0.23,6.85,1895.71,3.55,204.29,8.26, 776.52 ,9.64, 36.65 ,18.20,,22.89,0.53%,1.00,5.69,9.06%,1.51%,7.56%,,,,
1895.1,4.75,0.19,0.24,6.85,1895.79,3.57,201.32,8.19, 767.83 ,9.96, 37.99 ,17.94,,22.57,0.60%,1.00,5.70,9.37%,1.52%,7.85%,,,,
1895.11,4.59,0.19,0.24,6.85,1895.87,3.58,194.54,8.12, 744.55 ,10.28, 39.34 ,17.34,,21.81,0.66%,1.00,5.71,9.56%,1.41%,8.14%,,,,
1895.12,4.32,0.19,0.25,6.76,1895.96,3.59,185.67,8.17, 713.23 ,10.75, 41.27 ,16.55,,20.82,0.56%,1.00,5.80,10.20%,1.17%,9.03%,,,,
1896.01,4.27,0.19,0.25,6.66,1896.04,3.60,186.15,8.25, 717.69 ,10.75, 41.46 ,16.58,,20.86,0.63%,1.00,5.90,10.54%,1.04%,9.50%,,,,
1896.02,4.45,0.19,0.24,6.57,1896.12,3.58,196.81,8.33, 761.46 ,10.76, 41.63 ,17.52,,22.04,0.18%,1.00,6.01,9.84%,0.86%,8.98%,,,,
1896.03,4.38,0.19,0.24,6.57,1896.21,3.57,193.71,8.29, 752.15 ,10.61, 41.21 ,17.23,,21.69,0.41%,1.00,6.04,9.74%,0.83%,8.91%,,,,
1896.04,4.42,0.19,0.24,6.47,1896.29,3.55,198.35,8.38, 772.89 ,10.62, 41.39 ,17.64,,22.20,0.26%,1.00,6.15,9.33%,0.65%,8.67%,,,,
1896.05,4.40,0.19,0.23,6.37,1896.37,3.53,200.40,8.46, 783.63 ,10.63, 41.55 ,17.83,,22.43,0.32%,1.00,6.27,8.80%,0.36%,8.44%,,,,
1896.06,4.32,0.19,0.23,6.28,1896.46,3.52,199.74,8.55, 783.82 ,10.63, 41.73 ,17.78,,22.37,0.33%,1.00,6.39,8.97%,0.18%,8.79%,,,,
1896.07,4.04,0.18,0.23,6.28,1896.54,3.50,186.79,8.52, 735.81 ,10.48, 41.29 ,16.64,,20.93,0.61%,1.00,6.42,9.78%,0.49%,9.30%,,,,
1896.08,3.81,0.18,0.22,6.28,1896.62,3.48,176.16,8.48, 696.70 ,10.32, 40.83 ,15.70,,19.76,0.86%,1.00,6.45,10.96%,0.23%,10.73%,,,,
1896.09,4.01,0.18,0.22,6.28,1896.71,3.47,185.41,8.44, 736.05 ,10.17, 40.38 ,16.54,,20.82,0.55%,1.00,6.48,10.60%,0.09%,10.51%,,,,
1896.1,4.10,0.18,0.22,6.47,1896.79,3.45,183.99,8.15, 733.13 ,9.72, 38.75 ,16.44,,20.69,0.90%,1.00,6.31,10.10%,0.14%,9.96%,,,,
1896.11,4.38,0.18,0.21,6.66,1896.87,3.43,190.94,7.88, 763.44 ,9.30, 37.18 ,17.09,,21.51,0.97%,1.00,6.16,9.80%,0.29%,9.51%,,,,
1896.12,4.22,0.18,0.21,6.66,1896.96,3.42,183.97,7.85, 738.17 ,9.15, 36.73 ,16.50,,20.77,1.07%,1.00,6.19,9.99%,0.15%,9.83%,,,,
1897.01,4.22,0.18,0.22,6.47,1897.04,3.40,189.38,8.08, 762.58 ,9.80, 39.45 ,17.03,,21.43,0.38%,1.00,6.40,9.47%,-0.06%,9.53%,,,,
1897.02,4.18,0.18,0.23,6.47,1897.12,3.40,187.58,8.08, 758.06 ,10.17, 41.11 ,16.89,,21.26,0.32%,1.00,6.42,8.99%,-0.29%,9.28%,,,,
1897.03,4.19,0.18,0.24,6.47,1897.21,3.39,188.03,8.08, 762.60 ,10.55, 42.77 ,16.96,,21.33,0.30%,1.00,6.44,7.96%,-0.20%,8.16%,,,,
1897.04,4.06,0.18,0.24,6.37,1897.29,3.39,184.92,8.20, 752.74 ,11.08, 45.11 ,16.70,,21.00,0.25%,1.00,6.55,8.20%,-0.36%,8.56%,,,,
1897.05,4.08,0.18,0.25,6.28,1897.37,3.38,188.64,8.32, 770.73 ,11.64, 47.55 ,17.05,,21.44,-0.02%,1.00,6.67,7.39%,-0.73%,8.12%,,,,
1897.06,4.27,0.18,0.26,6.28,1897.46,3.38,197.43,8.32, 809.45 ,12.02, 49.29 ,17.85,,22.43,-0.16%,1.00,6.69,6.45%,-0.85%,7.30%,,,,
1897.07,4.46,0.18,0.27,6.28,1897.54,3.38,206.21,8.32, 848.31 ,12.41, 51.03 ,18.65,,23.42,-0.28%,1.00,6.72,6.40%,-0.86%,7.26%,,,,
1897.08,4.75,0.18,0.28,6.57,1897.62,3.37,210.07,7.96, 866.92 ,12.24, 50.50 ,19.01,,23.84,-0.06%,1.00,6.44,5.39%,-0.43%,5.83%,,,,
1897.09,4.98,0.18,0.29,6.76,1897.71,3.37,214.04,7.74, 885.96 ,12.25, 50.70 ,19.37,,24.27,0.25%,1.00,6.28,5.10%,-0.16%,5.27%,,,,
1897.1,4.82,0.18,0.29,6.66,1897.79,3.36,210.12,7.85, 872.45 ,12.79, 53.09 ,19.03,,23.81,0.09%,1.00,6.39,4.01%,-0.42%,4.43%,,,,
1897.11,4.65,0.18,0.30,6.66,1897.87,3.36,202.71,7.85, 844.39 ,13.15, 54.79 ,18.36,,22.94,0.17%,1.00,6.41,4.21%,-0.02%,4.23%,,,,
1897.12,4.75,0.18,0.31,6.66,1897.96,3.35,207.07,7.85, 865.28 ,13.51, 56.47 ,18.75,,23.40,-0.17%,1.00,6.43,4.76%,0.18%,4.58%,,,,
1898.01,4.88,0.18,0.31,6.66,1898.04,3.35,212.74,7.92, 891.72 ,13.66, 57.25 ,19.25,,23.99,-0.42%,1.00,6.45,5.05%,0.28%,4.77%,,,,
1898.02,4.87,0.18,0.32,6.76,1898.12,3.33,209.31,7.88, 880.11 ,13.61, 57.23 ,18.92,,23.55,-0.06%,1.00,6.39,4.97%,0.53%,4.45%,,,,
1898.03,4.65,0.19,0.32,6.76,1898.21,3.31,199.86,7.95, 843.13 ,13.75, 58.02 ,18.04,,22.44,0.22%,1.00,6.42,5.90%,0.52%,5.38%,,,,
1898.04,4.57,0.19,0.32,6.76,1898.29,3.29,196.42,8.02, 831.45 ,13.90, 58.82 ,17.71,,22.00,0.46%,1.00,6.45,6.54%,0.41%,6.14%,,,,
1898.05,4.87,0.19,0.33,7.23,1898.37,3.27,195.54,7.56, 830.41 ,13.12, 55.71 ,17.60,,21.84,1.30%,1.00,6.05,7.17%,1.09%,6.08%,,,,
1898.06,5.06,0.19,0.33,6.76,1898.46,3.25,217.48,8.17, 926.45 ,14.18, 60.42 ,19.54,,24.23,0.20%,1.00,6.51,6.06%,0.39%,5.67%,,,,
1898.07,5.08,0.19,0.33,6.66,1898.54,3.23,221.46,8.36, 946.37 ,14.53, 62.09 ,19.86,,24.60,-0.11%,1.00,6.63,6.15%,0.14%,6.01%,,,,
1898.08,5.27,0.19,0.34,6.66,1898.62,3.20,229.74,8.43, 984.77 ,14.68, 62.92 ,20.54,,25.42,-0.26%,1.00,6.66,6.22%,0.13%,6.09%,,,,
1898.09,5.26,0.20,0.34,6.66,1898.71,3.18,229.30,8.50, 985.93 ,14.82, 63.73 ,20.44,,25.26,-0.21%,1.00,6.69,6.13%,0.13%,6.01%,,,,
1898.1,5.15,0.20,0.34,6.66,1898.79,3.16,224.51,8.57, 968.39 ,14.97, 64.55 ,19.95,,24.63,-0.19%,1.00,6.72,6.38%,0.01%,6.37%,,,,
1898.11,5.32,0.20,0.35,6.66,1898.87,3.14,231.92,8.64," 1,003.46 ",15.11, 65.39 ,20.53,,25.32,-0.42%,1.00,6.75,6.63%,-0.10%,6.73%,,,,
1898.12,5.65,0.20,0.35,6.76,1898.96,3.12,242.84,8.60," 1,053.80 ",15.04, 65.28 ,21.40,,26.37,-0.46%,1.00,6.68,6.27%,-0.07%,6.34%,,,,
1899.01,6.08,0.20,0.36,6.76,1899.04,3.10,261.32,8.63," 1,137.12 ",15.51, 67.48 ,22.93,,28.22,-0.41%,1.00,6.71,5.65%,0.03%,5.62%,,,,
1899.02,6.31,0.20,0.37,6.95,1899.12,3.10,263.77,8.43," 1,150.86 ",15.54, 67.79 ,23.05,,28.33,-0.04%,1.00,6.54,5.15%,0.21%,4.94%,,,,
1899.03,6.40,0.20,0.38,6.95,1899.21,3.11,267.54,8.47," 1,170.35 ",15.99, 69.95 ,23.28,,28.57,0.03%,1.00,6.56,5.15%,0.20%,4.95%,,,,
1899.04,6.48,0.20,0.39,7.04,1899.29,3.11,267.22,8.38," 1,172.02 ",16.22, 71.14 ,23.15,,28.37,0.19%,1.00,6.48,5.42%,0.13%,5.29%,,,,
1899.05,6.21,0.20,0.40,7.04,1899.37,3.12,256.09,8.42," 1,126.27 ",16.67, 73.31 ,22.09,,27.03,0.63%,1.00,6.50,6.12%,0.03%,6.09%,,,,
1899.06,6.07,0.21,0.42,7.14,1899.46,3.12,246.97,8.34," 1,089.25 ",16.89, 74.47 ,21.21,,25.92,0.95%,1.00,6.42,6.59%,0.06%,6.53%,,,,
1899.07,6.28,0.21,0.43,7.23,1899.54,3.13,252.16,8.26," 1,115.15 ",17.10, 75.61 ,21.56,,26.31,1.00%,1.00,6.35,6.53%,0.19%,6.34%,,,,
1899.08,6.44,0.21,0.44,7.33,1899.62,3.13,255.22,8.19," 1,131.73 ",17.31, 76.74 ,21.73,,26.47,1.09%,1.00,6.29,6.55%,0.22%,6.33%,,,,
1899.09,6.37,0.21,0.45,7.61,1899.71,3.13,242.98,7.92," 1,080.37 ",17.07, 75.90 ,20.59,,25.04,1.60%,1.00,6.06,6.99%,0.50%,6.49%,,,,
1899.1,6.34,0.21,0.46,7.71,1899.79,3.14,238.85,7.85," 1,064.92 ",17.27, 76.98 ,20.15,,24.48,1.82%,1.00,6.00,7.02%,0.43%,6.59%,,,,
1899.11,6.46,0.21,0.47,7.80,1899.87,3.14,240.41,7.79," 1,074.73 ",17.46, 78.06 ,20.20,,24.49,1.93%,1.00,5.94,6.80%,0.46%,6.34%,,,,
1899.12,6.02,0.21,0.48,7.90,1899.96,3.15,221.33,7.72, 992.34 ,17.65, 79.12 ,18.51,,22.42,2.38%,1.00,5.88,7.72%,0.48%,7.24%,,,,
1900.01,6.10,0.22,0.48,7.90,1900.04,3.15,224.27,8.00," 1,008.52 ",17.65, 79.36 ,18.67,,22.59,2.57%,1.00,5.90,7.45%,0.58%,6.88%,,,,
1900.02,6.21,0.23,0.48,7.99,1900.12,3.15,225.60,8.17," 1,017.54 ",17.44, 78.65 ,18.70,,22.60,2.69%,1.00,5.84,7.01%,0.69%,6.31%,,,,
1900.03,6.26,0.23,0.48,7.99,1900.21,3.14,227.42,8.45," 1,028.91 ",17.44, 78.89 ,18.78,,22.66,2.67%,1.00,5.86,6.99%,0.50%,6.48%,,,,
1900.04,6.34,0.24,0.48,7.99,1900.29,3.14,230.32,8.72," 1,045.35 ",17.44, 79.14 ,18.94,,22.83,2.63%,1.00,5.88,6.50%,0.41%,6.09%,,,,
1900.05,6.04,0.25,0.48,7.80,1900.37,3.13,224.78,9.21," 1,023.66 ",17.86, 81.35 ,18.40,,22.17,2.42%,1.00,6.04,6.79%,0.35%,6.44%,,,,
1900.06,5.86,0.26,0.48,7.71,1900.46,3.13,220.77,9.61," 1,009.06 ",18.08, 82.65 ,17.99,,21.67,2.43%,1.00,6.13,6.56%,0.32%,6.24%,,,,
1900.07,5.86,0.26,0.48,7.80,1900.54,3.13,218.08,9.77," 1,000.47 ",17.86, 81.95 ,17.69,,21.29,2.65%,1.00,6.08,6.15%,0.44%,5.70%,,,,
1900.08,5.94,0.27,0.48,7.71,1900.62,3.12,223.78,10.17," 1,030.54 ",18.08, 83.28 ,18.07,,21.75,2.05%,1.00,6.17,6.24%,0.42%,5.82%,,,,
1900.09,5.80,0.28,0.48,7.80,1900.71,3.12,215.84,10.33, 997.94 ,17.86, 82.59 ,17.34,,20.87,2.29%,1.00,6.11,6.80%,0.64%,6.16%,,,,
1900.1,6.01,0.29,0.48,7.71,1900.79,3.11,226.42,10.74," 1,050.98 ",18.08, 83.94 ,18.10,,21.78,1.93%,1.00,6.21,7.09%,0.81%,6.28%,,,,
1900.11,6.48,0.29,0.48,7.71,1900.87,3.11,244.13,11.02," 1,137.43 ",18.08, 84.25 ,19.42,,23.37,1.80%,1.00,6.22,6.50%,1.02%,5.48%,,,,
1900.12,6.87,0.30,0.48,7.61,1900.96,3.10,262.05,11.44," 1,225.40 ",18.31, 85.62 ,20.74,,24.95,1.35%,1.00,6.32,5.45%,0.89%,4.56%,,,,
1901.01,7.07,0.30,0.48,7.71,1901.04,3.10,266.35,11.37," 1,249.94 ",18.15, 85.16 ,20.98,,25.22,1.54%,1.00,6.26,5.54%,1.01%,4.53%,,,,
1901.02,7.25,0.30,0.48,7.61,1901.12,3.11,276.55,11.57," 1,302.31 ",18.44, 86.81 ,21.68,,26.05,1.14%,1.00,6.35,5.67%,1.22%,4.45%,,,,
1901.03,7.51,0.31,0.49,7.61,1901.21,3.11,286.47,11.63," 1,353.57 ",18.50, 87.41 ,22.35,,26.84,0.87%,1.00,6.37,5.07%,1.12%,3.95%,,,,
1901.04,8.14,0.31,0.49,7.52,1901.29,3.12,314.43,11.85," 1,490.36 ",18.80, 89.11 ,24.41,,29.29,0.25%,1.00,6.46,4.40%,1.33%,3.07%,,,,
1901.05,7.73,0.31,0.49,7.52,1901.37,3.13,298.59,11.91," 1,420.00 ",18.86, 89.70 ,23.06,,27.66,0.60%,1.00,6.47,5.17%,1.34%,3.83%,,,,
1901.06,8.50,0.31,0.49,7.52,1901.46,3.13,328.34,11.97," 1,566.19 ",18.93, 90.29 ,25.24,,30.24,0.46%,1.00,6.49,4.39%,1.35%,3.04%,,,,
1901.07,7.93,0.31,0.49,7.61,1901.54,3.14,302.49,11.89," 1,447.62 ",18.76, 89.76 ,23.14,,27.71,1.06%,1.00,6.42,5.10%,1.38%,3.72%,,,,
1901.08,8.04,0.31,0.49,7.71,1901.62,3.15,302.90,11.80," 1,454.29 ",18.58, 89.23 ,23.08,,27.61,1.19%,1.00,6.35,4.25%,1.20%,3.06%,,,,
1901.09,8.00,0.32,0.50,7.80,1901.71,3.15,297.72,11.72," 1,434.10 ",18.42, 88.73 ,22.59,,27.01,1.52%,1.00,6.29,3.76%,1.23%,2.53%,,,,
1901.1,7.91,0.32,0.50,7.80,1901.79,3.16,294.37,11.79," 1,422.70 ",18.48, 89.34 ,22.25,,26.59,1.58%,1.00,6.30,3.94%,1.24%,2.71%,,,,
1901.11,8.08,0.32,0.50,7.90,1901.87,3.17,297.07,11.70," 1,440.48 ",18.32, 88.84 ,22.38,,26.71,1.80%,1.00,6.24,4.38%,1.48%,2.90%,,,,
1901.12,7.95,0.32,0.50,7.99,1901.96,3.17,288.81,11.63," 1,405.13 ",18.16, 88.37 ,21.68,,25.87,2.05%,1.00,6.17,4.84%,1.71%,3.12%,,,,
1902.01,8.12,0.32,0.51,7.90,1902.04,3.18,298.54,11.79," 1,457.25 ",18.78, 91.67 ,22.34,,26.64,2.05%,1.00,6.26,4.40%,1.50%,2.91%,,,,
1902.02,8.19,0.32,0.52,7.90,1902.12,3.19,301.11,11.83," 1,474.62 ",19.18, 93.93 ,22.46,,26.76,2.02%,1.00,6.27,4.13%,1.38%,2.75%,,,,
1902.03,8.20,0.32,0.53,7.90,1902.21,3.20,301.48,11.86," 1,481.26 ",19.58, 96.19 ,22.41,,26.67,2.28%,1.00,6.28,4.21%,1.16%,3.05%,,,,
1902.04,8.48,0.32,0.54,7.99,1902.29,3.21,308.06,11.74," 1,518.41 ",19.74, 97.28 ,22.82,,27.14,2.45%,1.00,6.22,4.00%,0.96%,3.04%,,,,
1902.05,8.46,0.32,0.55,8.09,1902.37,3.22,303.72,11.64," 1,501.79 ",19.90, 98.38 ,22.43,,26.64,2.63%,1.00,6.16,4.15%,1.07%,3.08%,,,,
1902.06,8.41,0.33,0.57,8.18,1902.46,3.23,298.42,11.53," 1,480.31 ",20.05, 99.45 ,21.96,,26.06,2.84%,1.00,6.10,4.44%,1.27%,3.17%,,,,
1902.07,8.60,0.33,0.58,8.18,1902.54,3.24,305.16,11.56," 1,518.53 ",20.43, 101.67 ,22.39,,26.53,2.47%,1.00,6.11,4.23%,1.26%,2.97%,,,,
1902.08,8.83,0.33,0.59,8.09,1902.62,3.25,317.01,11.73," 1,582.35 ",21.06, 105.14 ,23.17,,27.42,2.06%,1.00,6.19,3.98%,1.03%,2.95%,,,,
1902.09,8.85,0.33,0.60,8.18,1902.71,3.26,314.03,11.62," 1,572.33 ",21.20, 106.15 ,22.86,,27.02,2.23%,1.00,6.13,4.04%,1.03%,3.00%,,,,
1902.1,8.57,0.33,0.61,8.75,1902.79,3.27,284.26,10.89," 1,427.82 ",20.18, 101.35 ,20.60,,24.33,3.38%,1.00,5.74,5.07%,1.71%,3.36%,,,,
1902.11,8.24,0.33,0.62,8.47,1902.87,3.28,282.53,11.29," 1,423.85 ",21.23, 107.00 ,20.41,,24.08,2.82%,1.00,5.95,5.02%,1.36%,3.66%,,,,
1902.12,8.05,0.33,0.63,8.56,1902.96,3.29,272.95,11.19," 1,380.26 ",21.36, 108.02 ,19.63,,23.15,2.99%,1.00,5.89,5.11%,1.56%,3.55%,,,,
1903.01,8.46,0.33,0.62,8.66,1903.04,3.30,283.70,11.12," 1,439.30 ",20.85, 105.77 ,20.32,,23.93,2.55%,1.00,5.84,4.52%,1.56%,2.96%,,,,
1903.02,8.41,0.33,0.61,8.66,1903.12,3.31,282.02,11.18," 1,435.52 ",20.57, 104.69 ,20.11,,23.67,2.47%,1.00,5.85,4.22%,1.59%,2.63%,,,,
1903.03,8.08,0.34,0.61,8.37,1903.21,3.32,280.19,11.62," 1,431.13 ",20.98, 107.16 ,19.88,,23.40,2.42%,1.00,6.06,4.10%,1.29%,2.81%,,,,
1903.04,7.75,0.34,0.60,8.37,1903.29,3.33,268.75,11.68," 1,377.65 ",20.69, 106.07 ,18.98,,22.33,2.78%,1.00,6.08,4.53%,1.33%,3.21%,,,,
1903.05,7.60,0.34,0.59,8.18,1903.37,3.33,269.68,12.00," 1,387.54 ",20.87, 107.41 ,18.95,,22.29,2.67%,1.00,6.23,4.32%,1.23%,3.09%,,,,
1903.06,7.18,0.34,0.58,8.18,1903.46,3.34,254.77,12.06," 1,316.03 ",20.58, 106.31 ,17.82,,20.96,3.25%,1.00,6.24,4.28%,1.16%,3.12%,,,,
1903.07,6.85,0.34,0.57,8.18,1903.54,3.35,243.06,12.12," 1,260.77 ",20.29, 105.22 ,16.92,,19.91,3.80%,1.00,6.26,4.82%,1.10%,3.72%,,,,
1903.08,6.63,0.34,0.56,8.18,1903.62,3.36,235.26,12.18," 1,225.54 ",19.99, 104.12 ,16.30,,19.19,4.43%,1.00,6.27,5.44%,1.13%,4.31%,,,,
1903.09,6.47,0.35,0.56,8.28,1903.71,3.37,226.94,12.10," 1,187.47 ",19.47, 101.86 ,15.65,,18.45,4.38%,1.00,6.21,5.82%,1.18%,4.64%,,,,
1903.1,6.26,0.35,0.55,8.18,1903.79,3.38,222.13,12.30," 1,167.65 ",19.40, 101.97 ,15.25,,18.00,4.29%,1.00,6.30,5.71%,1.10%,4.61%,,,,
1903.11,6.28,0.35,0.54,8.09,1903.87,3.38,225.46,12.50," 1,190.64 ",19.33, 102.06 ,15.41,,18.20,4.37%,1.00,6.38,5.18%,0.91%,4.26%,,,,
1903.12,6.57,0.35,0.53,8.09,1903.96,3.39,235.87,12.57," 1,251.15 ",19.03, 100.93 ,16.04,,18.97,4.24%,1.00,6.40,4.80%,1.05%,3.75%,,,,
1904.01,6.68,0.35,0.53,8.28,1904.04,3.40,234.31,12.16," 1,248.23 ",18.47, 98.42 ,15.86,,18.78,4.81%,1.00,6.26,5.30%,1.32%,3.98%,,,,
1904.02,6.50,0.34,0.52,8.47,1904.12,3.41,222.87,11.77," 1,192.53 ",17.94, 96.01 ,15.02,,17.80,5.54%,1.00,6.14,6.07%,1.66%,4.42%,,,,
1904.03,6.48,0.34,0.52,8.37,1904.21,3.41,224.71,11.79," 1,207.62 ",18.03, 96.91 ,15.08,,17.90,5.68%,1.00,6.22,5.79%,1.55%,4.24%,,,,
1904.04,6.64,0.34,0.52,8.28,1904.29,3.42,232.90,11.81," 1,256.96 ",18.12, 97.81 ,15.57,,18.49,5.35%,1.00,6.31,5.26%,1.54%,3.72%,,,,
1904.05,6.50,0.33,0.51,8.09,1904.37,3.43,233.36,11.97," 1,264.79 ",18.43, 99.88 ,15.53,,18.46,5.12%,1.00,6.47,5.20%,1.21%,3.99%,,,,
1904.06,6.51,0.33,0.51,8.09,1904.46,3.43,233.72,11.85," 1,272.08 ",18.31, 99.66 ,15.47,,18.42,5.14%,1.00,6.48,5.14%,1.22%,3.92%,,,,
1904.07,6.78,0.33,0.51,8.09,1904.54,3.44,243.41,11.73," 1,330.16 ",18.19, 99.41 ,16.04,,19.11,4.90%,1.00,6.50,4.02%,1.12%,2.90%,,,,
1904.08,7.01,0.32,0.50,8.18,1904.62,3.45,248.74,11.47," 1,364.52 ",17.86, 97.97 ,16.30,,19.45,4.62%,1.00,6.44,3.60%,1.05%,2.56%,,,,
1904.09,7.32,0.32,0.50,8.28,1904.71,3.45,256.75,11.22," 1,413.61 ",17.54, 96.56 ,16.74,,19.99,4.43%,1.00,6.38,3.29%,1.17%,2.12%,,,,
1904.1,7.75,0.32,0.50,8.28,1904.79,3.46,271.84,11.11," 1,501.75 ",17.42, 96.25 ,17.63,,21.07,4.41%,1.00,6.39,2.81%,1.28%,1.54%,,,,
1904.11,8.17,0.31,0.49,8.47,1904.87,3.47,280.13,10.74," 1,552.51 ",16.91, 93.74 ,18.08,,21.61,4.50%,1.00,6.26,2.42%,1.41%,1.00%,,,,
1904.12,8.25,0.31,0.49,8.47,1904.96,3.47,282.87,10.63," 1,572.62 ",16.80, 93.40 ,18.16,,21.72,4.61%,1.00,6.28,1.99%,1.52%,0.47%,,,,
1905.01,8.43,0.31,0.51,8.47,1905.04,3.48,289.04,10.69," 1,611.89 ",17.32, 96.56 ,18.46,,22.09,4.52%,1.00,6.29,1.96%,1.53%,0.44%,,,,
1905.02,8.80,0.31,0.52,8.47,1905.12,3.48,301.73,10.74," 1,687.63 ",17.83, 99.72 ,19.17,,22.94,4.32%,1.00,6.31,1.51%,1.64%,-0.14%,,,,
1905.03,9.05,0.32,0.54,8.37,1905.21,3.47,313.83,10.92," 1,760.37 ",18.55, 104.07 ,19.83,,23.74,4.03%,1.00,6.41,1.48%,1.65%,-0.16%,,,,
1905.04,8.94,0.32,0.55,8.37,1905.29,3.47,310.01,10.98," 1,744.11 ",19.07, 107.30 ,19.48,,23.33,3.69%,1.00,6.43,2.26%,1.56%,0.70%,,,,
1905.05,8.50,0.32,0.57,8.28,1905.37,3.46,298.14,11.16," 1,682.57 ",19.82, 111.84 ,18.63,,22.31,3.67%,1.00,6.52,2.33%,1.36%,0.97%,,,,
1905.06,8.60,0.32,0.58,8.28,1905.46,3.46,301.65,11.22," 1,707.64 ",20.34, 115.17 ,18.74,,22.45,3.51%,1.00,6.54,2.34%,1.37%,0.97%,,,,
1905.07,8.87,0.32,0.60,8.28,1905.54,3.46,311.12,11.28," 1,766.58 ",20.87, 118.50 ,19.21,,23.01,3.52%,1.00,6.56,2.00%,1.39%,0.61%,,,,
1905.08,9.20,0.32,0.61,8.37,1905.62,3.45,319.03,11.21," 1,816.78 ",21.15, 120.46 ,19.57,,23.45,3.69%,1.00,6.51,2.18%,1.52%,0.66%,,,,
1905.09,9.23,0.33,0.63,8.28,1905.71,3.45,323.75,11.40," 1,849.07 ",21.92, 125.21 ,19.74,,23.65,3.53%,1.00,6.61,2.42%,1.42%,1.00%,,,,
1905.1,9.36,0.33,0.64,8.28,1905.79,3.44,328.31,11.46," 1,880.57 ",22.45, 128.59 ,19.90,,23.83,3.49%,1.00,6.63,2.73%,1.33%,1.40%,,,,
1905.11,9.31,0.33,0.66,8.37,1905.87,3.44,322.84,11.38," 1,854.69 ",22.71, 130.49 ,19.44,,23.28,3.73%,1.00,6.57,3.17%,1.37%,1.80%,,,,
1905.12,9.54,0.33,0.67,8.47,1905.96,3.43,327.10,11.31," 1,884.59 ",22.97, 132.36 ,19.58,,23.43,3.96%,1.00,6.52,3.07%,1.50%,1.57%,,,,
1906.01,9.87,0.34,0.68,8.47,1906.04,3.43,338.42,11.51," 1,955.31 ",23.23, 134.22 ,20.13,,24.08,3.97%,1.00,6.54,2.46%,1.41%,1.05%,,,,
1906.02,9.80,0.34,0.69,8.47,1906.12,3.45,336.02,11.72," 1,947.08 ",23.49, 136.10 ,19.87,,23.75,4.16%,1.00,6.55,2.41%,1.42%,0.98%,,,,
1906.03,9.56,0.35,0.69,8.47,1906.21,3.47,327.79,11.91," 1,905.15 ",23.74, 138.00 ,19.26,,23.02,4.30%,1.00,6.56,2.54%,1.34%,1.21%,,,,
1906.04,9.43,0.35,0.70,8.47,1906.29,3.49,323.33,12.11," 1,885.11 ",24.00, 139.93 ,18.88,,22.56,4.54%,1.00,6.57,2.48%,1.25%,1.23%,,,,
1906.05,9.18,0.36,0.71,8.56,1906.37,3.51,311.26,12.18," 1,820.66 ",23.99, 140.32 ,18.05,,21.57,5.02%,1.00,6.50,3.01%,1.28%,1.74%,,,,
1906.06,9.30,0.37,0.72,8.56,1906.46,3.53,315.33,12.38," 1,850.49 ",24.24, 142.27 ,18.17,,21.72,5.12%,1.00,6.51,2.89%,1.19%,1.70%,,,,
1906.07,9.06,0.37,0.72,8.28,1906.54,3.55,317.79,13.01," 1,871.25 ",25.34, 149.23 ,18.20,,21.75,4.75%,1.00,6.74,2.68%,0.86%,1.82%,,,,
1906.08,9.73,0.38,0.73,8.47,1906.62,3.57,333.62,12.92," 1,970.82 ",25.03, 147.86 ,18.97,,22.67,4.74%,1.00,6.60,2.18%,1.00%,1.18%,,,,
1906.09,10.03,0.38,0.74,8.56,1906.71,3.59,340.08,12.97," 2,015.40 ",25.01, 148.19 ,19.20,,22.94,4.77%,1.00,6.53,2.22%,0.94%,1.28%,,,,
1906.1,9.73,0.39,0.75,8.75,1906.79,3.61,322.74,12.88," 1,918.96 ",24.71, 146.93 ,18.10,,21.62,4.99%,1.00,6.40,2.90%,0.99%,1.91%,,,,
1906.11,9.93,0.39,0.75,8.85,1906.87,3.63,325.83,12.93," 1,943.77 ",24.69, 147.30 ,18.14,,21.68,4.76%,1.00,6.34,2.87%,0.94%,1.93%,,,,
1906.12,9.84,0.40,0.76,8.94,1906.96,3.65,319.44,12.99," 1,912.12 ",24.67, 147.68 ,17.66,,21.11,5.00%,1.00,6.28,2.58%,0.97%,1.61%,,,,
1907.01,9.56,0.40,0.75,8.85,1907.04,3.67,313.69,13.23," 1,884.29 ",24.67, 148.16 ,17.22,,20.60,5.32%,1.00,6.36,2.45%,0.78%,1.67%,,,,
1907.02,9.26,0.41,0.74,9.04,1907.12,3.69,297.45,13.06," 1,793.26 ",23.88, 143.95 ,16.22,,19.41,5.88%,1.00,6.23,2.16%,0.74%,1.42%,,,,
1907.03,8.35,0.41,0.74,8.94,1907.21,3.70,271.07,13.31," 1,640.93 ",23.86, 144.44 ,14.69,,17.60,6.40%,1.00,6.31,3.44%,0.62%,2.81%,,,,
1907.04,8.39,0.41,0.73,8.94,1907.29,3.72,272.37,13.42," 1,655.56 ",23.59, 143.40 ,14.67,,17.59,6.54%,1.00,6.32,2.74%,0.13%,2.61%,,,,
1907.05,8.10,0.42,0.72,9.13,1907.37,3.74,257.48,13.25," 1,571.74 ",22.83, 139.38 ,13.79,,16.56,7.33%,1.00,6.20,2.82%,0.18%,2.64%,,,,
1907.06,7.84,0.42,0.71,9.23,1907.46,3.75,246.64,13.21," 1,512.33 ",22.34, 136.96 ,13.14,,15.81,7.78%,1.00,6.15,3.32%,0.12%,3.20%,,,,
1907.07,8.14,0.42,0.70,9.23,1907.54,3.77,256.08,13.32," 1,577.01 ",22.08, 135.94 ,13.59,,16.36,7.52%,1.00,6.16,2.82%,0.28%,2.55%,,,,
1907.08,7.53,0.43,0.69,9.23,1907.62,3.79,236.89,13.42," 1,465.72 ",21.81, 134.95 ,12.51,,15.09,7.67%,1.00,6.17,3.17%,0.12%,3.06%,,,,
1907.09,7.45,0.43,0.69,9.23,1907.71,3.80,234.38,13.53," 1,457.12 ",21.55, 133.98 ,12.33,,14.90,7.48%,1.00,6.18,2.56%,-0.11%,2.68%,,,,
1907.1,6.64,0.43,0.68,9.32,1907.79,3.82,206.76,13.49," 1,292.43 ",21.07, 131.72 ,10.83,,13.12,8.83%,1.00,6.13,3.14%,-0.16%,3.31%,,,,
1907.11,6.25,0.44,0.67,8.94,1907.87,3.84,202.90,14.18," 1,275.67 ",21.70, 136.41 ,10.59,,12.86,8.60%,1.00,6.40,2.47%,-0.58%,3.05%,,,,
1907.12,6.57,0.44,0.66,8.75,1907.96,3.85,217.92,14.59," 1,377.78 ",21.89, 138.41 ,11.33,,13.80,7.74%,1.00,6.55,1.26%,-0.95%,2.21%,,,,
1908.01,6.85,0.44,0.65,8.66,1908.04,3.87,229.71,14.64," 1,460.00 ",21.91, 139.24 ,11.90,,14.52,7.19%,1.00,6.64,1.13%,-1.27%,2.40%,,,,
1908.02,6.60,0.43,0.65,8.56,1908.12,3.86,223.78,14.69," 1,430.13 ",21.93, 140.13 ,11.55,,14.13,7.19%,1.00,6.74,1.65%,-1.45%,3.10%,,,,
1908.03,6.87,0.43,0.64,8.56,1908.21,3.85,232.94,14.58," 1,496.40 ",21.70, 139.40 ,11.98,,14.68,6.89%,1.00,6.76,1.13%,-1.37%,2.51%,,,,
1908.04,7.24,0.43,0.63,8.66,1908.29,3.84,242.79,14.31," 1,567.32 ",21.24, 137.10 ,12.45,,15.28,6.70%,1.00,6.71,0.50%,-1.40%,1.90%,,,,
1908.05,7.63,0.42,0.63,8.66,1908.37,3.83,255.86,14.19," 1,659.39 ",21.02, 136.30 ,13.08,,16.07,5.63%,1.00,6.74,0.10%,-1.61%,1.71%,,,,
1908.06,7.64,0.42,0.62,8.66,1908.46,3.82,256.20,14.08," 1,669.17 ",20.79, 135.46 ,13.05,,16.06,6.35%,1.00,6.77,-0.01%,-1.74%,1.73%,,,,
1908.07,7.92,0.42,0.61,8.75,1908.54,3.82,262.70,13.82," 1,719.04 ",20.34, 133.12 ,13.35,,16.44,6.45%,1.00,6.72,-0.42%,-1.89%,1.47%,,,,
1908.08,8.26,0.41,0.61,8.75,1908.62,3.81,273.98,13.71," 1,800.31 ",20.12, 132.23 ,13.88,,17.12,6.17%,1.00,6.75,-0.92%,-2.08%,1.16%,,,,
1908.09,8.17,0.41,0.60,8.75,1908.71,3.80,270.99,13.60," 1,788.14 ",19.90, 131.32 ,13.70,,16.92,6.27%,1.00,6.77,-1.03%,-2.27%,1.24%,,,,
1908.1,8.27,0.41,0.59,8.85,1908.79,3.79,271.36,13.34," 1,797.92 ",19.47, 128.98 ,13.69,,16.92,6.40%,1.00,6.73,-0.80%,-2.34%,1.55%,,,,
1908.11,8.83,0.40,0.59,8.94,1908.87,3.78,286.65,13.09," 1,906.46 ",19.05, 126.67 ,14.44,,17.85,6.14%,1.00,6.68,-1.25%,-2.42%,1.16%,,,,
1908.12,9.03,0.40,0.58,9.04,1908.96,3.77,290.06,12.85," 1,936.24 ",18.63, 124.37 ,14.58,,18.04,6.04%,1.00,6.64,-1.66%,-2.43%,0.76%,,,,
1909.01,9.06,0.40,0.60,8.94,1909.04,3.76,294.12,13.09," 1,970.63 ",19.32, 129.42 ,14.76,,18.28,5.86%,1.00,6.73,-1.84%,-2.53%,0.69%,,,,
1909.02,8.80,0.41,0.61,9.04,1909.12,3.77,282.67,13.06," 1,901.22 ",19.59, 131.79 ,14.17,,17.55,5.96%,1.00,6.68,-1.21%,-2.26%,1.05%,,,,
1909.03,8.92,0.41,0.63,9.04,1909.21,3.79,286.53,13.17," 1,934.52 ",20.08, 135.55 ,14.34,,17.77,5.86%,1.00,6.69,-1.15%,-2.39%,1.24%,,,,
1909.04,9.32,0.41,0.64,9.23,1909.29,3.80,293.21,13.00," 1,986.92 ",20.13, 136.44 ,14.65,,18.16,5.77%,1.00,6.57,-1.22%,-2.38%,1.17%,,,,
1909.05,9.63,0.42,0.66,9.32,1909.37,3.81,299.87,12.98," 2,039.38 ",20.40, 138.71 ,14.95,,18.55,5.73%,1.00,6.51,-0.88%,-2.41%,1.53%,,,,
1909.06,9.80,0.42,0.67,9.42,1909.46,3.82,302.08,12.95," 2,061.76 ",20.65, 140.96 ,15.04,,18.66,5.64%,1.00,6.46,-0.68%,-2.33%,1.65%,,,,
1909.07,9.94,0.42,0.69,9.42,1909.54,3.84,306.39,13.05," 2,098.63 ",21.11, 144.62 ,15.23,,18.90,5.41%,1.00,6.48,-0.78%,-2.62%,1.85%,,,,
1909.08,10.18,0.43,0.70,9.51,1909.62,3.85,310.65,13.02," 2,135.24 ",21.36, 146.82 ,15.42,,19.13,5.29%,1.00,6.43,-1.75%,-2.70%,0.95%,,,,
1909.09,10.19,0.43,0.72,9.61,1909.71,3.86,307.88,12.99," 2,123.63 ",21.60, 149.01 ,15.25,,18.93,5.05%,1.00,6.38,-1.55%,-2.68%,1.12%,,,,
1909.1,10.23,0.43,0.73,9.80,1909.79,3.87,303.08,12.84," 2,097.94 ",21.63, 149.71 ,14.99,,18.60,5.23%,1.00,6.27,-1.06%,-2.66%,1.60%,,,,
1909.11,10.18,0.44,0.75,9.90,1909.87,3.89,298.70,12.81," 2,075.00 ",21.86, 151.85 ,14.75,,18.29,5.30%,1.00,6.22,-1.41%,-2.79%,1.37%,,,,
1909.12,10.30,0.44,0.76,9.99,1909.96,3.90,299.34,12.79," 2,086.86 ",22.09, 153.98 ,14.75,,18.30,5.26%,1.00,6.17,-1.93%,-2.92%,0.99%,,,,
1910.01,10.08,0.44,0.76,9.90,1910.04,3.91,295.77,12.98," 2,069.47 ",22.23, 155.52 ,14.55,,18.05,5.24%,1.00,6.25,-2.10%,-3.22%,1.12%,,,,
1910.02,9.72,0.45,0.76,9.90,1910.12,3.92,285.21,13.06," 2,003.17 ",22.15, 155.60 ,14.00,,17.37,5.38%,1.00,6.26,-2.67%,-3.32%,0.65%,,,,
1910.03,9.96,0.45,0.75,10.09,1910.21,3.92,286.73,12.88," 2,021.45 ",21.66, 152.73 ,14.05,,17.44,5.55%,1.00,6.16,-2.15%,-3.23%,1.08%,,,,
1910.04,9.72,0.45,0.75,10.18,1910.29,3.93,277.21,12.83," 1,961.84 ",21.39, 151.38 ,13.56,,16.83,5.90%,1.00,6.12,-2.18%,-3.42%,1.24%,,,,
1910.05,9.56,0.45,0.75,9.99,1910.37,3.93,277.84,13.15," 1,974.05 ",21.72, 154.35 ,13.57,,16.85,5.94%,1.00,6.26,-2.96%,-3.74%,0.78%,,,,
1910.06,9.10,0.46,0.75,9.90,1910.46,3.94,267.01,13.35," 1,905.04 ",21.86, 155.96 ,13.02,,16.18,6.27%,1.00,6.33,-2.87%,-3.96%,1.09%,,,,
1910.07,8.64,0.46,0.74,9.90,1910.54,3.95,253.52,13.42," 1,816.72 ",21.79, 156.12 ,12.34,,15.35,6.56%,1.00,6.35,-2.32%,-3.91%,1.59%,,,,
1910.08,8.85,0.46,0.74,9.80,1910.62,3.95,262.20,13.63," 1,887.09 ",21.92, 157.79 ,12.75,,15.86,6.33%,1.00,6.43,-2.79%,-3.76%,0.97%,,,,
1910.09,8.91,0.46,0.74,9.70,1910.71,3.96,266.57,13.84," 1,926.81 ",22.06, 159.49 ,12.94,,16.11,5.98%,1.00,6.51,-2.46%,-3.71%,1.25%,,,,
1910.1,9.32,0.47,0.74,9.42,1910.79,3.96,287.28,14.33," 2,085.18 ",22.66, 164.44 ,13.92,,17.34,5.25%,1.00,6.73,-3.11%,-3.94%,0.83%,,,,
1910.11,9.31,0.47,0.73,9.23,1910.87,3.97,292.89,14.71," 2,134.80 ",23.04, 167.96 ,14.16,,17.65,4.91%,1.00,6.89,-3.74%,-4.08%,0.35%,,,,
1910.12,9.05,0.47,0.73,9.23,1910.96,3.97,284.71,14.79," 2,084.16 ",22.97, 168.11 ,13.74,,17.14,5.25%,1.00,6.91,-4.15%,-3.88%,-0.27%,,,,
1911.01,9.27,0.47,0.72,9.23,1911.04,3.98,291.63,14.79," 2,143.84 ",22.60, 166.12 ,14.05,,17.53,4.96%,1.00,6.93,-3.75%,-3.68%,-0.08%,,,,
1911.02,9.43,0.47,0.71,8.94,1911.12,3.98,306.13,15.26," 2,259.79 ",22.94, 169.35 ,14.72,,18.37,4.44%,1.00,7.17,-3.96%,-3.61%,-0.35%,,,,
1911.03,9.32,0.47,0.70,9.04,1911.21,3.99,299.38,15.10," 2,219.20 ",22.32, 165.49 ,14.37,,17.94,4.71%,1.00,7.12,-3.92%,-3.39%,-0.53%,,,,
1911.04,9.28,0.47,0.68,8.75,1911.29,3.99,307.81,15.59," 2,291.36 ",22.66, 168.72 ,14.75,,18.43,4.33%,1.00,7.37,-4.03%,-3.54%,-0.49%,,,,
1911.05,9.48,0.47,0.67,8.75,1911.37,3.99,314.44,15.59," 2,350.41 ",22.28, 166.54 ,15.05,,18.81,4.19%,1.00,7.39,-3.71%,-3.26%,-0.45%,,,,
1911.06,9.67,0.47,0.66,8.75,1911.46,3.99,320.75,15.59," 2,407.23 ",21.89, 164.30 ,15.33,,19.16,4.07%,1.00,7.42,-4.63%,-3.15%,-1.48%,,,,
1911.07,9.63,0.47,0.65,8.85,1911.54,4.00,315.99,15.42," 2,381.15 ",21.27, 160.30 ,15.08,,18.86,4.15%,1.00,7.36,-4.55%,-3.04%,-1.51%,,,,
1911.08,9.17,0.47,0.64,9.13,1911.62,4.00,291.49,14.94," 2,205.92 ",20.24, 153.16 ,13.90,,17.39,4.91%,1.00,7.15,-3.88%,-2.68%,-1.20%,,,,
1911.09,8.67,0.47,0.63,9.23,1911.71,4.00,272.76,14.79," 2,073.48 ",19.66, 149.47 ,13.00,,16.28,5.39%,1.00,7.10,-2.88%,-2.41%,-0.47%,,,,
1911.1,8.72,0.47,0.61,9.23,1911.79,4.00,274.33,14.79," 2,094.81 ",19.29, 147.33 ,13.07,,16.38,5.34%,1.00,7.12,-2.79%,-2.35%,-0.44%,,,,
1911.11,9.07,0.47,0.60,9.13,1911.87,4.01,288.31,14.94," 2,211.08 ",19.13, 146.68 ,13.73,,17.23,4.75%,1.00,7.22,-2.70%,-2.34%,-0.36%,,,,
1911.12,9.11,0.47,0.59,9.04,1911.96,4.01,292.63,15.10," 2,253.86 ",18.95, 145.97 ,13.93,,17.49,4.41%,1.00,7.32,-2.44%,-2.33%,-0.11%,,,,
1912.01,9.12,0.47,0.60,9.13,1912.04,4.01,289.90,14.97," 2,242.43 ",19.05, 147.33 ,13.79,,17.34,4.70%,1.00,7.27,-2.12%,-1.94%,-0.18%,,,,
1912.02,9.04,0.47,0.61,9.23,1912.12,4.05,284.40,14.84," 2,209.42 ",19.14, 148.67 ,13.53,,17.02,4.91%,1.00,7.19,-1.71%,-1.81%,0.10%,,,,
1912.03,9.30,0.47,0.62,9.42,1912.21,4.08,286.66,14.56," 2,236.47 ",19.03, 148.50 ,13.64,,17.17,5.03%,1.00,7.05,-1.30%,-1.46%,0.16%,,,,
1912.04,9.59,0.47,0.63,9.70,1912.29,4.12,286.91,14.16," 2,247.59 ",18.75, 146.88 ,13.65,,17.20,5.16%,1.00,6.85,-0.72%,-1.14%,0.42%,,,,
1912.05,9.58,0.47,0.64,9.70,1912.37,4.16,286.61,14.19," 2,254.51 ",19.02, 149.63 ,13.65,,17.20,5.01%,1.00,6.85,-0.32%,-1.11%,0.79%,,,,
1912.06,9.58,0.48,0.65,9.61,1912.46,4.19,289.45,14.35," 2,286.24 ",19.49, 153.93 ,13.79,,17.38,4.68%,1.00,6.92,-0.51%,-1.19%,0.68%,,,,
1912.07,9.59,0.48,0.65,9.61,1912.54,4.23,289.75,14.38," 2,298.09 ",19.77, 156.77 ,13.80,,17.41,4.64%,1.00,6.92,-0.50%,-1.22%,0.72%,,,,
1912.08,9.81,0.48,0.66,9.70,1912.62,4.27,293.49,14.26," 2,337.18 ",19.84, 158.03 ,13.98,,17.65,4.72%,1.00,6.86,-0.13%,-0.98%,0.84%,,,,
1912.09,9.86,0.48,0.67,9.80,1912.71,4.30,292.12,14.15," 2,335.67 ",19.92, 159.30 ,13.93,,17.58,4.70%,1.00,6.80,0.18%,-0.85%,1.03%,,,,
1912.1,9.84,0.48,0.68,9.80,1912.79,4.34,291.53,14.17," 2,340.38 ",20.20, 162.14 ,13.91,,17.56,3.99%,1.00,6.80,0.36%,-0.89%,1.25%,,,,
1912.11,9.73,0.48,0.69,9.80,1912.87,4.38,288.27,14.20," 2,323.71 ",20.47, 164.98 ,13.75,,17.37,4.37%,1.00,6.81,-0.09%,-0.92%,0.83%,,,,
1912.12,9.38,0.48,0.70,9.70,1912.96,4.41,280.63,14.36," 2,271.74 ",20.94, 169.53 ,13.39,,16.92,4.31%,1.00,6.88,0.10%,-1.05%,1.15%,,,,
1913.01,9.30,0.48,0.69,9.80,1913.04,4.45,275.53,14.22," 2,240.09 ",20.57, 167.21 ,13.15,,16.62,4.40%,1.01,6.82,0.49%,-0.87%,1.36%,,,,
1913.02,8.97,0.48,0.69,9.80,1913.12,4.43,265.75,14.22," 2,170.23 ",20.39, 166.53 ,12.68,,16.04,4.71%,1.01,6.85,1.27%,-0.87%,2.15%,,,,
1913.03,8.80,0.48,0.68,9.80,1913.21,4.40,260.72,14.22," 2,138.78 ",20.22, 165.88 ,12.44,,15.75,5.22%,1.01,6.89,1.63%,-0.87%,2.50%,,,,
1913.04,8.79,0.48,0.68,9.80,1913.29,4.38,260.42,14.22," 2,146.07 ",20.05, 165.22 ,12.43,,15.74,5.25%,1.01,6.93,1.22%,-0.93%,2.15%,,,,
1913.05,8.55,0.48,0.67,9.70,1913.37,4.35,255.92,14.37," 2,118.86 ",20.08, 166.24 ,12.22,,15.49,5.54%,1.01,7.04,0.91%,-1.03%,1.94%,,,,
1913.06,8.12,0.48,0.67,9.80,1913.46,4.33,240.57,14.22," 2,001.58 ",19.70, 163.92 ,11.49,,14.58,6.19%,1.01,7.01,1.09%,-0.99%,2.08%,,,,
1913.07,8.23,0.48,0.66,9.90,1913.54,4.31,241.37,14.08," 2,017.96 ",19.33, 161.63 ,11.53,,14.65,6.29%,1.01,6.98,0.60%,-1.00%,1.60%,,,,
1913.08,8.45,0.48,0.65,9.90,1913.62,4.28,247.82,14.08," 2,081.71 ",19.16, 160.94 ,11.85,,15.06,6.08%,1.01,7.02,0.45%,-0.95%,1.39%,,,,
1913.09,8.53,0.48,0.65,10.00,1913.71,4.26,247.66,13.94," 2,090.16 ",18.80, 158.66 ,11.84,,15.07,6.10%,1.01,6.98,0.46%,-0.90%,1.37%,,,,
1913.1,8.26,0.48,0.64,10.00,1913.79,4.23,239.82,13.94," 2,033.80 ",18.63, 158.00 ,11.47,,14.61,6.51%,1.01,7.02,0.59%,-0.96%,1.55%,,,,
1913.11,8.05,0.48,0.64,10.10,1913.87,4.21,231.41,13.80," 1,972.22 ",18.28, 155.77 ,11.07,,14.12,7.07%,1.01,6.99,1.25%,-0.86%,2.11%,,,,
1913.12,8.04,0.48,0.63,10.00,1913.96,4.18,233.44,13.94," 1,999.37 ",18.29, 156.67 ,11.17,,14.27,6.91%,1.01,7.10,1.50%,-0.96%,2.46%,,,,
1914.01,8.37,0.48,0.62,10.00,1914.04,4.16,243.02,13.79," 2,091.28 ",18.02, 155.11 ,11.64,,14.88,6.34%,1.00,7.14,1.42%,-0.96%,2.38%,,,,
1914.02,8.48,0.47,0.61,9.90,1914.12,4.17,248.70,13.78," 2,150.05 ",17.94, 155.09 ,11.91,,15.24,5.80%,1.00,7.23,1.29%,-0.99%,2.28%,,,,
1914.03,8.32,0.47,0.60,9.90,1914.21,4.17,244.01,13.64," 2,119.31 ",17.67, 153.47 ,11.69,,14.97,6.07%,1.00,7.25,1.35%,-0.91%,2.27%,,,,
1914.04,8.12,0.46,0.59,9.80,1914.29,4.18,240.57,13.63," 2,099.33 ",17.58, 153.39 ,11.52,,14.78,6.20%,1.00,7.35,1.33%,-0.94%,2.26%,,,,
1914.05,8.17,0.46,0.58,9.90,1914.37,4.19,239.61,13.34," 2,100.62 ",17.13, 150.21 ,11.48,,14.74,6.57%,1.00,7.30,1.34%,-0.82%,2.16%,,,,
1914.06,8.13,0.45,0.58,9.90,1914.46,4.19,238.43,13.20," 2,099.98 ",16.86, 148.52 ,11.43,,14.69,6.60%,1.00,7.32,1.58%,-0.80%,2.39%,,,,
1914.07,7.68,0.45,0.57,10.00,1914.54,4.20,222.98,12.92," 1,973.39 ",16.43, 145.38 ,10.69,,13.77,7.30%,1.00,7.26,2.67%,-0.74%,3.42%,,,,
1914.08,7.68,0.44,0.56,10.20,1914.62,4.21,218.61,12.52," 1,943.94 ",15.85, 140.91 ,10.49,,13.53,7.55%,1.00,7.14,3.29%,-0.47%,3.76%,,,,
1914.09,7.68,0.44,0.55,10.20,1914.71,4.21,218.61,12.38," 1,953.11 ",15.58, 139.24 ,10.50,,13.56,7.42%,1.00,7.16,3.13%,-0.51%,3.64%,,,,
1914.1,7.68,0.43,0.54,10.10,1914.79,4.22,220.78,12.36," 1,981.65 ",15.47, 138.90 ,10.61,,13.72,7.21%,1.00,7.26,2.84%,-0.65%,3.49%,,,,
1914.11,7.68,0.43,0.53,10.20,1914.87,4.23,218.61,12.10," 1,971.27 ",15.06, 135.83 ,10.52,,13.62,7.16%,1.00,7.21,3.50%,-0.54%,4.04%,,,,
1914.12,7.35,0.42,0.52,10.10,1914.96,4.23,211.29,12.07," 1,914.32 ",14.95, 135.43 ,10.17,,13.19,7.38%,1.00,7.30,4.34%,-0.68%,5.01%,,,,
1915.01,7.48,0.42,0.55,10.10,1915.04,4.24,215.03,12.10," 1,957.31 ",15.81, 143.92 ,10.36,,13.46,7.19%,1.00,7.32,4.57%,-0.66%,5.23%,,,,
1915.02,7.38,0.42,0.58,10.00,1915.12,4.22,214.27,12.24," 1,959.74 ",16.84, 154.02 ,10.33,,13.44,7.13%,1.00,7.43,4.75%,-0.71%,5.46%,,,,
1915.03,7.57,0.42,0.61,9.90,1915.21,4.21,222.01,12.39," 2,039.95 ",17.89, 164.38 ,10.71,,13.94,6.82%,1.00,7.54,4.04%,-0.87%,4.91%,,,,
1915.04,8.14,0.42,0.64,10.00,1915.29,4.19,236.34,12.29," 2,181.03 ",18.58, 171.48 ,11.40,,14.86,6.37%,1.00,7.50,3.35%,-0.71%,4.06%,,,,
1915.05,7.95,0.42,0.67,10.10,1915.37,4.18,228.54,12.19," 2,118.40 ",19.26, 178.53 ,11.03,,14.38,6.90%,1.00,7.46,3.96%,-0.67%,4.64%,,,,
1915.06,8.04,0.43,0.70,10.10,1915.46,4.16,231.13,12.22," 2,151.82 ",20.12, 187.35 ,11.15,,14.55,6.81%,1.00,7.50,3.91%,-0.79%,4.70%,,,,
1915.07,8.01,0.43,0.73,10.10,1915.54,4.15,230.26,12.24," 2,153.29 ",20.99, 196.24 ,11.11,,14.50,6.86%,1.00,7.54,4.12%,-0.91%,5.03%,,,,
1915.08,8.35,0.43,0.76,10.10,1915.62,4.13,240.04,12.27," 2,254.25 ",21.85, 205.18 ,11.58,,15.11,6.40%,1.00,7.57,3.83%,-0.91%,4.74%,,,,
1915.09,8.66,0.43,0.79,10.10,1915.71,4.11,248.95,12.29," 2,347.56 ",22.71, 214.15 ,12.01,,15.66,6.22%,1.00,7.61,3.69%,-0.92%,4.60%,,,,
1915.1,9.14,0.43,0.82,10.20,1915.79,4.10,260.17,12.19," 2,462.97 ",23.34, 220.97 ,12.55,,16.35,5.98%,1.00,7.57,3.57%,-0.82%,4.39%,,,,
1915.11,9.46,0.43,0.85,10.30,1915.87,4.08,266.67,12.10," 2,533.99 ",23.96, 227.68 ,12.86,,16.74,5.79%,1.00,7.53,3.46%,-0.90%,4.35%,,,,
1915.12,9.48,0.43,0.88,10.30,1915.96,4.07,267.23,12.12," 2,548.95 ",24.81, 236.61 ,12.88,,16.75,5.68%,1.00,7.56,3.66%,-0.84%,4.51%,,,,
1916.01,9.33,0.44,0.93,10.40,1916.04,4.05,260.47,12.31," 2,494.28 ",26.08, 249.75 ,12.54,,16.30,6.00%,1.00,7.53,4.09%,-0.75%,4.84%,,,,
1916.02,9.20,0.45,0.99,10.40,1916.12,4.07,256.84,12.61," 2,469.59 ",27.59, 265.29 ,12.35,,16.03,6.11%,1.00,7.54,4.25%,-0.72%,4.97%,,,,
1916.03,9.17,0.46,1.04,10.50,1916.21,4.08,253.57,12.79," 2,448.34 ",28.81, 278.21 ,12.18,,15.79,6.31%,1.00,7.49,3.71%,-0.54%,4.25%,,,,
1916.04,9.07,0.47,1.10,10.60,1916.29,4.10,248.44,12.96," 2,409.22 ",30.05, 291.39 ,11.91,,15.42,6.57%,1.00,7.43,3.58%,-0.47%,4.04%,,,,
1916.05,9.27,0.48,1.15,10.70,1916.37,4.11,251.54,13.14," 2,449.95 ",31.23, 304.20 ,12.03,,15.55,6.46%,1.00,7.38,3.58%,-0.28%,3.86%,,,,
1916.06,9.36,0.50,1.21,10.80,1916.46,4.13,251.63,13.31," 2,461.64 ",32.39, 316.91 ,12.00,,15.49,6.56%,1.00,7.33,4.12%,-0.10%,4.22%,,,,
1916.07,9.23,0.51,1.26,10.80,1916.54,4.14,248.14,13.60," 2,438.53 ",33.85, 332.62 ,11.79,,15.21,7.04%,1.00,7.34,4.81%,0.04%,4.77%,,,,
1916.08,9.30,0.52,1.31,10.90,1916.62,4.16,247.73,13.76," 2,445.76 ",34.97, 345.30 ,11.73,,15.11,6.93%,1.00,7.29,5.29%,0.22%,5.07%,,,,
1916.09,9.68,0.53,1.37,11.10,1916.71,4.17,253.20,13.80," 2,511.17 ",35.78, 354.88 ,11.94,,15.36,6.83%,1.00,7.18,5.16%,0.38%,4.78%,,,,
1916.1,9.98,0.54,1.42,11.30,1916.79,4.19,256.43,13.83," 2,554.61 ",36.54, 363.99 ,12.05,,15.46,6.70%,1.00,7.07,4.72%,0.53%,4.20%,,,,
1916.11,10.21,0.55,1.48,11.50,1916.87,4.20,257.78,13.87," 2,579.54 ",37.27, 372.91 ,12.05,,15.44,6.75%,1.00,6.96,4.74%,0.68%,4.07%,,,,
1916.12,9.80,0.56,1.53,11.60,1916.96,4.22,245.29,14.02," 2,466.30 ",38.30, 385.04 ,11.41,,14.60,7.18%,1.00,6.91,5.50%,0.79%,4.70%,,,,
1917.01,9.57,0.57,1.51,11.70,1917.04,4.23,237.49,14.16," 2,399.70 ",37.45, 378.39 ,10.99,,14.04,7.70%,1.00,6.87,5.88%,1.02%,4.86%,,,,
1917.02,9.03,0.58,1.49,12.00,1917.12,4.26,218.48,14.07," 2,219.54 ",36.00, 365.74 ,10.06,,12.84,8.55%,1.00,6.71,7.02%,1.35%,5.67%,,,,
1917.03,9.31,0.59,1.47,12.00,1917.21,4.29,225.26,14.34," 2,300.50 ",35.52, 362.74 ,10.33,,13.17,8.38%,1.00,6.72,6.91%,1.43%,5.48%,,,,
1917.04,9.17,0.60,1.45,12.60,1917.29,4.32,211.31,13.90," 2,169.83 ",33.34, 342.39 ,9.64,,12.29,9.54%,1.00,6.40,7.84%,1.94%,5.90%,,,,
1917.05,8.86,0.61,1.43,12.80,1917.37,4.34,200.97,13.93," 2,075.65 ",32.35, 334.07 ,9.14,,11.65,10.03%,1.00,6.31,8.67%,2.06%,6.61%,,,,
1917.06,9.04,0.63,1.41,13.00,1917.46,4.37,201.90,13.96," 2,097.25 ",31.38, 325.95 ,9.15,,11.67,10.04%,1.00,6.22,8.62%,2.12%,6.50%,,,,
1917.07,8.79,0.64,1.38,12.80,1917.54,4.40,199.39,14.42," 2,083.59 ",31.39, 328.07 ,9.00,,11.49,10.03%,1.00,6.33,9.16%,2.15%,7.01%,,,,
1917.08,8.53,0.65,1.36,13.00,1917.62,4.43,190.51,14.44," 2,003.44 ",30.44, 320.13 ,8.57,,10.95,10.72%,1.00,6.24,10.26%,2.38%,7.88%,,,,
1917.09,8.12,0.66,1.34,13.30,1917.71,4.46,177.26,14.35," 1,876.70 ",29.32, 310.39 ,7.95,,10.17,11.84%,1.00,6.11,11.58%,2.57%,9.01%,,,,
1917.1,7.68,0.67,1.32,13.50,1917.79,4.49,165.17,14.37," 1,761.39 ",28.43, 303.20 ,7.39,,9.47,12.82%,1.00,6.03,12.09%,2.68%,9.42%,,,,
1917.11,7.04,0.68,1.30,13.50,1917.87,4.51,151.41,14.61," 1,627.59 ",27.98, 300.78 ,6.75,,8.69,14.50%,1.00,6.04,13.34%,2.75%,10.59%,,,,
1917.12,6.80,0.69,1.28,13.70,1917.96,4.54,144.11,14.62," 1,562.25 ",27.13, 294.07 ,6.41,,8.28,15.63%,1.00,5.96,14.12%,2.92%,11.20%,,,,
1918.01,7.21,0.68,1.26,14.00,1918.04,4.57,149.53,14.10," 1,633.69 ",26.05, 284.59 ,6.64,,8.60,15.41%,1.00,5.84,13.69%,3.15%,10.54%,,,,
1918.02,7.43,0.67,1.23,14.10,1918.12,4.56,153.00,13.80," 1,684.16 ",25.37, 279.26 ,6.78,,8.81,15.29%,1.00,5.82,13.39%,3.31%,10.07%,,,,
1918.03,7.28,0.66,1.21,14.00,1918.21,4.56,150.98,13.69," 1,674.50 ",25.05, 277.86 ,6.69,,8.70,15.44%,1.00,5.89,14.09%,3.20%,10.88%,,,,
1918.04,7.21,0.65,1.18,14.20,1918.29,4.55,147.42,13.29," 1,647.33 ",24.19, 270.29 ,6.52,,8.51,15.85%,1.00,5.83,15.01%,3.31%,11.70%,,,,
1918.05,7.44,0.64,1.16,14.50,1918.37,4.55,148.98,12.82," 1,676.64 ",23.21, 261.19 ,6.58,,8.61,15.94%,1.00,5.73,15.13%,3.44%,11.70%,,,,
1918.06,7.45,0.63,1.14,14.70,1918.46,4.54,147.15,12.44," 1,667.72 ",22.42, 254.08 ,6.50,,8.52,16.29%,1.00,5.68,14.72%,3.60%,11.12%,,,,
1918.07,7.51,0.62,1.11,15.10,1918.54,4.54,144.40,11.92," 1,647.88 ",21.36, 243.78 ,6.37,,8.38,16.76%,1.00,5.55,14.99%,3.85%,11.14%,,,,
1918.08,7.58,0.61,1.09,15.40,1918.62,4.53,142.91,11.50," 1,641.78 ",20.49, 235.44 ,6.30,,8.31,17.15%,1.00,5.47,15.44%,4.02%,11.42%,,,,
1918.09,7.54,0.60,1.06,15.70,1918.71,4.52,139.44,11.10," 1,612.53 ",19.66, 227.34 ,6.15,,8.12,17.76%,1.00,5.39,16.33%,4.07%,12.27%,,,,
1918.1,7.86,0.59,1.04,16.00,1918.79,4.52,142.63,10.71," 1,659.77 ",18.84, 219.19 ,6.29,,8.33,17.48%,1.00,5.31,16.34%,4.29%,12.05%,,,,
1918.11,8.06,0.58,1.01,16.30,1918.87,4.51,143.57,10.33," 1,680.69 ",18.06, 211.44 ,6.33,,8.40,17.46%,1.00,5.23,16.99%,4.45%,12.54%,,,,
1918.12,7.90,0.57,0.99,16.50,1918.96,4.51,139.01,10.03," 1,637.15 ",17.42, 205.16 ,6.13,,8.15,18.00%,1.00,5.19,17.45%,4.61%,12.84%,,,,
1919.01,7.85,0.57,0.99,16.50,1919.04,4.50,138.13,9.97," 1,636.57 ",17.33, 205.35 ,6.10,,8.12,18.21%,1.00,5.21,18.33%,4.58%,13.75%,,,,
1919.02,7.88,0.56,0.98,16.20,1919.12,4.54,141.23,10.10," 1,683.22 ",17.56, 209.33 ,6.24,,8.33,17.50%,1.00,5.31,18.09%,4.43%,13.66%,,,,
1919.03,8.12,0.56,0.98,16.40,1919.21,4.58,143.76,9.91," 1,723.18 ",17.26, 206.91 ,6.36,,8.50,17.29%,1.00,5.25,18.12%,4.67%,13.45%,,,,
1919.04,8.39,0.56,0.97,16.70,1919.29,4.62,145.87,9.68," 1,758.16 ",16.86, 203.27 ,6.46,,8.65,16.98%,1.00,5.16,17.92%,4.96%,12.95%,,,,
1919.05,8.97,0.55,0.97,16.90,1919.37,4.66,154.11,9.51," 1,867.00 ",16.58, 200.85 ,6.83,,9.16,16.11%,1.00,5.10,17.35%,5.07%,12.28%,,,,
1919.06,9.21,0.55,0.96,16.90,1919.46,4.70,158.23,9.45," 1,926.49 ",16.49, 200.81 ,7.02,,9.43,15.57%,1.00,5.11,17.17%,5.06%,12.11%,,,,
1919.07,9.51,0.55,0.96,17.40,1919.54,4.74,158.69,9.12," 1,941.34 ",15.94, 194.95 ,7.05,,9.48,15.77%,1.00,4.96,17.98%,5.29%,12.69%,,,,
1919.08,8.87,0.54,0.95,17.70,1919.62,4.77,145.50,8.91," 1,789.09 ",15.58, 191.62 ,6.48,,8.71,17.06%,1.00,4.88,19.64%,5.51%,14.13%,,,,
1919.09,9.01,0.54,0.95,17.80,1919.71,4.81,146.97,8.81," 1,816.14 ",15.41, 190.48 ,6.56,,8.83,16.79%,1.00,4.86,19.96%,5.61%,14.34%,,,,
1919.1,9.47,0.54,0.94,18.10,1919.79,4.85,151.91,8.61," 1,886.09 ",15.08, 187.21 ,6.79,,9.15,16.19%,1.00,4.79,18.21%,5.83%,12.38%,,,,
1919.11,9.19,0.53,0.94,18.50,1919.87,4.89,144.23,8.37," 1,799.41 ",14.67, 183.07 ,6.47,,8.72,17.03%,1.00,4.69,15.21%,6.11%,9.11%,,,,
1919.12,8.92,0.53,0.93,18.90,1919.96,4.93,137.03,8.14," 1,718.04 ",14.29, 179.12 ,6.16,,8.32,17.88%,1.00,4.59,16.31%,6.44%,9.88%,,,,
1920.01,8.83,0.53,0.92,19.30,1920.04,4.97,132.84,7.95," 1,673.77 ",13.83, 174.24 ,5.99,,8.09,18.63%,1.00,4.50,16.90%,6.76%,10.13%,,,,
1920.02,8.10,0.53,0.91,19.50,1920.12,4.98,120.60,7.84," 1,527.88 ",13.52, 171.33 ,5.46,,7.38,20.37%,1.00,4.47,18.80%,6.93%,11.87%,,,,
1920.03,8.67,0.53,0.90,19.70,1920.21,4.99,127.78,7.74," 1,626.96 ",13.23, 168.42 ,5.80,,7.86,19.18%,1.00,4.44,18.60%,7.09%,11.51%,,,,
1920.04,8.60,0.52,0.89,20.30,1920.29,5.00,123.00,7.48," 1,574.07 ",12.68, 162.29 ,5.60,,7.60,20.00%,1.00,4.32,19.70%,7.34%,12.36%,,,,
1920.05,8.06,0.52,0.88,20.60,1920.37,5.01,113.60,7.35," 1,461.59 ",12.34, 158.82 ,5.19,,7.05,21.77%,1.00,4.27,19.96%,7.55%,12.41%,,,,
1920.06,7.92,0.52,0.87,20.90,1920.46,5.02,110.03,7.22," 1,423.33 ",12.02, 155.45 ,5.04,,6.86,22.57%,1.00,4.23,19.12%,7.76%,11.36%,,,,
1920.07,7.91,0.52,0.85,20.80,1920.54,5.03,110.41,7.23," 1,436.17 ",11.92, 155.09 ,5.08,,6.93,22.36%,1.00,4.26,18.94%,7.82%,11.12%,,,,
1920.08,7.60,0.52,0.84,20.30,1920.62,5.04,108.70,7.39," 1,421.88 ",12.06, 157.77 ,5.02,,6.86,22.43%,1.00,4.38,19.03%,7.61%,11.41%,,,,
1920.09,7.87,0.52,0.83,20.00,1920.71,5.05,114.25,7.48," 1,502.63 ",12.09, 158.95 ,5.30,,7.25,21.33%,1.00,4.46,18.34%,7.38%,10.96%,,,,
1920.1,7.88,0.51,0.82,19.90,1920.79,5.06,114.97,7.49," 1,520.31 ",11.99, 158.53 ,5.35,,7.33,21.39%,1.00,4.50,16.59%,7.38%,9.21%,,,,
1920.11,7.48,0.51,0.81,19.80,1920.87,5.07,109.69,7.50," 1,458.69 ",11.89, 158.12 ,5.13,,7.04,22.37%,1.00,4.54,16.32%,7.38%,8.94%,,,,
1920.12,6.81,0.51,0.80,19.40,1920.96,5.08,101.92,7.63," 1,363.87 ",11.97, 160.22 ,4.78,,6.58,23.53%,1.00,4.65,16.57%,7.35%,9.23%,,,,
1921.01,7.11,0.51,0.76,19.00,1921.04,5.09,108.65,7.73," 1,462.55 ",11.58, 155.82 ,5.12,,7.06,21.92%,1.01,4.76,16.31%,7.25%,9.06%,,,,
1921.02,7.06,0.50,0.72,18.40,1921.12,5.02,111.40,7.92," 1,508.51 ",11.28, 152.77 ,5.27,,7.29,21.41%,1.01,4.96,17.01%,6.94%,10.07%,,,,
1921.03,6.88,0.50,0.67,18.30,1921.21,4.96,109.16,7.89," 1,486.99 ",10.67, 145.35 ,5.19,,7.19,21.61%,1.01,5.04,17.53%,6.86%,10.67%,,,,
1921.04,6.91,0.49,0.63,18.10,1921.29,4.89,110.84,7.91," 1,518.96 ",10.11, 138.49 ,5.30,,7.35,21.52%,1.01,5.14,16.24%,6.72%,9.53%,,,,
1921.05,7.12,0.49,0.59,17.70,1921.37,4.83,116.79,8.02," 1,609.65 ",9.64, 132.82 ,5.61,,7.80,20.30%,1.01,5.31,14.61%,6.52%,8.09%,,,,
1921.06,6.55,0.49,0.55,17.60,1921.46,4.76,108.05,8.00," 1,498.39 ",8.99, 124.68 ,5.22,,7.27,21.64%,1.01,5.39,15.27%,6.51%,8.76%,,,,
1921.07,6.53,0.48,0.50,17.70,1921.54,4.70,107.12,7.89," 1,494.49 ",8.24, 115.00 ,5.20,,7.26,21.72%,1.01,5.40,15.74%,6.48%,9.26%,,,,
1921.08,6.45,0.48,0.46,17.70,1921.62,4.63,105.80,7.82," 1,485.27 ",7.55, 105.93 ,5.16,,7.23,21.59%,1.01,5.45,15.52%,6.39%,9.13%,,,,
1921.09,6.61,0.47,0.42,17.50,1921.71,4.56,109.67,7.84," 1,548.68 ",6.93, 97.82 ,5.38,,7.55,20.64%,1.01,5.57,13.34%,6.25%,7.09%,,,,
1921.1,6.70,0.47,0.38,17.50,1921.79,4.50,111.16,7.77," 1,578.91 ",6.22, 88.37 ,5.48,,7.71,20.36%,1.01,5.62,11.66%,6.23%,5.43%,,,,
1921.11,7.06,0.46,0.33,17.40,1921.87,4.43,117.81,7.75," 1,682.48 ",5.55, 79.24 ,5.84,,8.24,19.35%,1.01,5.70,11.33%,6.22%,5.11%,,,,
1921.12,7.31,0.46,0.29,17.30,1921.96,4.37,122.68,7.72," 1,761.32 ",4.87, 69.87 ,6.11,,8.65,18.70%,1.01,5.78,8.71%,6.15%,2.56%,,,,
1922.01,7.30,0.46,0.32,16.90,1922.04,4.30,125.42,7.98," 1,810.08 ",5.55, 80.16 ,6.29,,8.92,17.95%,1.00,5.97,8.54%,6.03%,2.51%,,,,
1922.02,7.46,0.47,0.36,16.90,1922.12,4.31,128.16,8.05," 1,859.43 ",6.13, 88.91 ,6.46,,9.19,17.41%,1.00,5.99,8.39%,6.21%,2.18%,,,,
1922.03,7.74,0.47,0.39,16.70,1922.21,4.31,134.57,8.21," 1,962.26 ",6.78, 98.87 ,6.82,,9.72,16.24%,1.00,6.08,8.01%,6.18%,1.82%,,,,
1922.04,8.21,0.48,0.42,16.70,1922.29,4.32,142.74,8.29," 2,091.48 ",7.36, 107.83 ,7.27,,10.38,15.01%,1.00,6.10,4.59%,6.28%,-1.69%,,,,
1922.05,8.53,0.48,0.46,16.70,1922.37,4.32,148.30,8.36," 2,183.21 ",7.94, 116.89 ,7.59,,10.85,14.43%,1.00,6.12,3.05%,6.46%,-3.42%,,,,
1922.06,8.45,0.49,0.49,16.70,1922.46,4.33,146.91,8.43," 2,173.08 ",8.52, 126.01 ,7.56,,10.82,14.59%,1.00,6.14,1.81%,6.57%,-4.76%,,,,
1922.07,8.51,0.49,0.52,16.80,1922.54,4.33,147.07,8.45," 2,185.90 ",9.04, 134.42 ,7.60,,10.89,14.57%,1.00,6.13,2.36%,6.65%,-4.30%,,,,
1922.08,8.83,0.49,0.56,16.60,1922.62,4.34,154.44,8.63," 2,306.11 ",9.74, 145.39 ,8.02,,11.50,13.65%,1.00,6.22,6.19%,6.63%,-0.44%,,,,
1922.09,9.06,0.50,0.59,16.60,1922.71,4.34,158.47,8.70," 2,377.01 ",10.32, 154.79 ,8.27,,11.86,13.17%,1.00,6.24,7.00%,6.73%,0.27%,,,,
1922.1,9.26,0.50,0.62,16.70,1922.79,4.35,160.99,8.72," 2,425.83 ",10.84, 163.29 ,8.43,,12.11,12.99%,1.00,6.22,5.35%,6.90%,-1.55%,,,,
1922.11,8.80,0.51,0.66,16.80,1922.87,4.35,152.09,8.74," 2,302.58 ",11.35, 171.83 ,8.00,,11.49,13.69%,1.00,6.20,5.95%,7.07%,-1.12%,,,,
1922.12,8.78,0.51,0.69,16.90,1922.96,4.36,150.84,8.76," 2,294.81 ",11.85, 180.34 ,7.96,,11.45,13.90%,1.00,6.19,5.78%,7.24%,-1.46%,,,,
1923.01,8.90,0.51,0.71,16.80,1923.04,4.36,153.81,8.84," 2,351.23 ",12.34, 188.68 ,8.15,,11.73,13.44%,1.01,6.24,6.15%,7.36%,-1.21%,,,,
1923.02,9.28,0.51,0.74,16.80,1923.12,4.34,160.38,8.87," 2,462.92 ",12.76, 195.95 ,8.53,,12.27,12.92%,1.01,6.28,4.57%,7.51%,-2.94%,,,,
1923.03,9.43,0.52,0.76,16.80,1923.21,4.31,162.97,8.90," 2,514.12 ",13.18, 203.29 ,8.70,,12.51,12.72%,1.01,6.32,4.47%,7.58%,-3.11%,,,,
1923.04,9.10,0.52,0.79,16.90,1923.29,4.29,156.34,8.88," 2,423.20 ",13.52, 209.49 ,8.37,,12.04,13.26%,1.01,6.31,5.98%,7.63%,-1.65%,,,,
1923.05,8.67,0.52,0.81,16.90,1923.37,4.26,148.95,8.90," 2,320.20 ",13.93, 216.98 ,8.00,,11.51,13.95%,1.01,6.35,9.21%,7.61%,1.60%,,,,
1923.06,8.34,0.52,0.84,17.00,1923.46,4.24,142.44,8.88," 2,230.28 ",14.26, 223.30 ,7.67,,11.04,14.46%,1.01,6.35,11.35%,7.57%,3.77%,,,,
1923.07,8.06,0.52,0.86,17.20,1923.54,4.21,136.06,8.81," 2,141.83 ",14.50, 228.32 ,7.35,,10.57,15.08%,1.01,6.31,12.36%,7.35%,5.01%,,,,
1923.08,8.10,0.52,0.88,17.10,1923.62,4.19,137.53,8.89," 2,176.71 ",15.00, 237.37 ,7.44,,10.72,14.87%,1.01,6.38,11.56%,7.19%,4.37%,,,,
1923.09,8.15,0.53,0.91,17.20,1923.71,4.16,137.58,8.86," 2,189.10 ",15.32, 243.76 ,7.46,,10.75,14.82%,1.01,6.38,11.44%,7.24%,4.21%,,,,
1923.1,8.03,0.53,0.93,17.30,1923.79,4.14,134.77,8.84," 2,156.12 ",15.64, 250.17 ,7.32,,10.55,15.17%,1.01,6.37,10.52%,7.28%,3.24%,,,,
1923.11,8.27,0.53,0.96,17.30,1923.87,4.11,138.79,8.87," 2,232.38 ",16.04, 258.01 ,7.55,,10.88,14.67%,1.01,6.41,10.44%,7.27%,3.17%,,,,
1923.12,8.55,0.53,0.98,17.30,1923.96,4.09,143.49,8.89," 2,319.89 ",16.45, 265.91 ,7.81,,11.26,14.35%,1.01,6.44,10.27%,7.25%,3.02%,,,,
1924.01,8.83,0.53,0.98,17.30,1924.04,4.06,148.19,8.92," 2,407.88 ",16.38, 266.09 ,8.07,,11.63,13.96%,1.00,6.48,10.51%,7.24%,3.27%,,,,
1924.02,8.87,0.53,0.97,17.20,1924.12,4.04,149.73,9.00," 2,445.04 ",16.40, 267.85 ,8.16,,11.76,13.89%,1.00,6.55,11.08%,7.09%,3.99%,,,,
1924.03,8.70,0.54,0.97,17.10,1924.21,4.03,147.72,9.08," 2,424.57 ",16.43, 269.63 ,8.06,,11.61,14.00%,1.00,6.62,10.63%,7.03%,3.60%,,,,
1924.04,8.50,0.54,0.96,17.00,1924.29,4.01,145.17,9.17," 2,395.30 ",16.45, 271.46 ,7.92,,11.42,14.27%,1.00,6.69,10.99%,6.97%,4.01%,,,,
1924.05,8.47,0.54,0.96,17.00,1924.37,3.99,144.66,9.19," 2,399.49 ",16.38, 271.73 ,7.90,,11.38,14.22%,1.00,6.72,9.83%,6.98%,2.85%,,,,
1924.06,8.63,0.54,0.96,17.00,1924.46,3.98,147.39,9.22," 2,457.57 ",16.31, 271.96 ,8.05,,11.60,14.00%,1.00,6.75,9.67%,6.90%,2.77%,,,,
1924.07,9.03,0.54,0.95,17.10,1924.54,3.96,153.32,9.20," 2,569.22 ",16.14, 270.52 ,8.38,,12.07,13.49%,1.00,6.74,8.70%,6.96%,1.73%,,,,
1924.08,9.34,0.54,0.95,17.00,1924.62,3.94,159.52,9.28," 2,686.01 ",16.17, 272.25 ,8.72,,12.56,12.77%,1.00,6.81,7.83%,6.90%,0.93%,,,,
1924.09,9.25,0.55,0.94,17.10,1924.71,3.93,157.06,9.25," 2,657.55 ",16.00, 270.78 ,8.58,,12.36,13.03%,1.00,6.81,7.56%,6.81%,0.76%,,,,
1924.1,9.13,0.55,0.94,17.20,1924.79,3.91,154.12,9.23," 2,620.84 ",15.84, 269.35 ,8.42,,12.13,13.44%,1.00,6.80,7.92%,6.95%,0.97%,,,,
1924.11,9.64,0.55,0.93,17.20,1924.87,3.89,162.73,9.26," 2,780.35 ",15.77, 269.44 ,8.89,,12.80,12.72%,1.00,6.83,7.63%,6.95%,0.68%,,,,
1924.12,10.16,0.55,0.93,17.30,1924.96,3.88,170.51,9.23," 2,926.54 ",15.61, 267.88 ,9.31,,13.41,12.39%,1.00,6.82,7.27%,7.09%,0.18%,,,,
1925.01,10.58,0.55,0.96,17.30,1925.04,3.86,177.56,9.30," 3,060.82 ",16.06, 276.78 ,9.69,,13.95,11.99%,1.00,6.85,6.67%,6.94%,-0.26%,,,,
1925.02,10.67,0.56,0.98,17.20,1925.12,3.85,180.12,9.42," 3,118.34 ",16.60, 287.37 ,9.83,,14.14,11.90%,1.00,6.92,6.12%,6.78%,-0.67%,,,,
1925.03,10.39,0.56,1.01,17.30,1925.21,3.83,174.37,9.44," 3,032.58 ",16.95, 294.79 ,9.52,,13.69,12.42%,1.00,6.91,5.76%,6.83%,-1.07%,,,,
1925.04,10.28,0.57,1.04,17.20,1925.29,3.82,173.53,9.57," 3,031.78 ",17.51, 305.83 ,9.48,,13.62,12.31%,1.00,6.98,6.50%,6.68%,-0.18%,,,,
1925.05,10.61,0.57,1.06,17.30,1925.37,3.80,178.07,9.58," 3,124.96 ",17.84, 313.09 ,9.73,,13.96,12.01%,1.00,6.98,7.02%,6.73%,0.29%,,,,
1925.06,10.80,0.58,1.09,17.50,1925.46,3.79,179.18,9.54," 3,158.52 ",18.08, 318.78 ,9.80,,14.04,12.07%,1.00,6.93,7.43%,6.92%,0.50%,,,,
1925.07,11.10,0.58,1.12,17.70,1925.54,3.77,182.08,9.50," 3,223.53 ",18.32, 324.39 ,9.96,,14.26,12.04%,1.00,6.88,7.79%,7.03%,0.76%,,,,
1925.08,11.25,0.58,1.14,17.70,1925.62,3.76,184.54,9.57," 3,281.21 ",18.75, 333.37 ,10.11,,14.45,11.91%,1.00,6.91,8.34%,7.02%,1.32%,,,,
1925.09,11.51,0.59,1.17,17.70,1925.71,3.74,188.81,9.64," 3,371.32 ",19.19, 342.70 ,10.36,,14.78,11.68%,1.00,6.94,8.31%,7.01%,1.30%,,,,
1925.1,11.89,0.59,1.20,17.70,1925.79,3.73,195.04,9.71," 3,497.07 ",19.64, 352.06 ,10.72,,15.26,11.27%,1.00,6.97,8.23%,7.00%,1.24%,,,,
1925.11,12.26,0.60,1.22,18.00,1925.87,3.71,197.76,9.61," 3,560.15 ",19.73, 355.14 ,10.89,,15.46,11.22%,1.00,6.88,8.97%,7.09%,1.88%,,,,
1925.12,12.46,0.60,1.25,17.90,1925.96,3.70,202.11,9.73," 3,653.05 ",20.28, 366.48 ,11.15,,15.79,10.96%,1.00,6.95,8.72%,7.02%,1.70%,,,,
1926.01,12.65,0.61,1.25,17.90,1926.04,3.68,205.19,9.85," 3,723.59 ",20.26, 367.65 ,11.34,,16.02,10.72%,1.01,6.98,9.13%,7.00%,2.12%,,,,
1926.02,12.67,0.62,1.25,17.90,1926.12,3.65,205.51,9.98," 3,744.57 ",20.24, 368.84 ,11.39,,16.04,10.71%,1.01,7.02,9.71%,6.97%,2.74%,,,,
1926.03,11.81,0.62,1.25,17.80,1926.21,3.62,192.64,10.15," 3,525.42 ",20.36, 372.54 ,10.71,,15.05,11.13%,1.01,7.10,10.72%,6.95%,3.77%,,,,
1926.04,11.48,0.63,1.25,17.90,1926.29,3.60,186.21,10.22," 3,423.35 ",20.23, 371.86 ,10.40,,14.56,11.40%,1.01,7.09,11.09%,6.97%,4.12%,,,,
1926.05,11.56,0.64,1.25,17.80,1926.37,3.57,188.56,10.40," 3,482.51 ",20.32, 375.36 ,10.58,,14.77,11.11%,1.01,7.17,10.33%,6.88%,3.45%,,,,
1926.06,12.11,0.65,1.25,17.70,1926.46,3.54,198.65,10.58," 3,685.09 ",20.42, 378.86 ,11.20,,15.59,10.46%,1.01,7.25,10.12%,6.70%,3.42%,,,,
1926.07,12.62,0.65,1.24,17.50,1926.54,3.51,209.38,10.83," 3,900.91 ",20.64, 384.53 ,11.87,,16.47,9.86%,1.01,7.37,10.08%,6.47%,3.61%,,,,
1926.08,13.12,0.66,1.24,17.40,1926.62,3.48,218.93,11.01," 4,095.87 ",20.74, 388.05 ,12.49,,17.26,9.31%,1.01,7.45,9.72%,6.30%,3.42%,,,,
1926.09,13.32,0.67,1.24,17.50,1926.71,3.45,220.99,11.07," 4,151.81 ",20.61, 387.13 ,12.69,,17.47,9.08%,1.01,7.45,9.73%,6.33%,3.40%,,,,
1926.1,13.02,0.68,1.24,17.60,1926.79,3.43,214.79,11.14," 4,052.68 ",20.49, 386.59 ,12.43,,17.03,9.15%,1.01,7.45,10.59%,6.35%,4.24%,,,,
1926.11,13.19,0.68,1.24,17.70,1926.87,3.40,216.36,11.20," 4,100.00 ",20.36, 385.75 ,12.62,,17.22,8.94%,1.01,7.44,10.80%,6.38%,4.42%,,,,
1926.12,13.49,0.69,1.24,17.70,1926.96,3.37,221.29,11.32," 4,211.12 ",20.34, 387.09 ,13.01,,17.68,8.63%,1.01,7.48,10.35%,6.34%,4.01%,,,,
1927.01,13.40,0.70,1.23,17.50,1927.04,3.34,222.32,11.56," 4,249.17 ",20.39, 389.72 ,13.19,,17.84,8.35%,1.00,7.61,10.55%,6.11%,4.44%,,,,
1927.02,13.66,0.70,1.22,17.40,1927.12,3.34,227.94,11.74," 4,375.20 ",20.32, 390.12 ,13.63,,18.36,7.78%,1.00,7.67,10.59%,6.06%,4.53%,,,,
1927.03,13.87,0.71,1.21,17.30,1927.21,3.34,232.78,11.92," 4,487.20 ",20.27, 390.81 ,14.03,,18.81,7.51%,1.00,7.74,10.26%,5.92%,4.33%,,,,
1927.04,14.21,0.72,1.20,17.30,1927.29,3.34,238.49,12.03," 4,616.52 ",20.09, 388.88 ,14.49,,19.34,6.79%,1.00,7.76,9.23%,5.85%,3.38%,,,,
1927.05,14.70,0.72,1.19,17.40,1927.37,3.34,245.29,12.07," 4,767.73 ",19.79, 384.66 ,15.00,,19.94,6.45%,1.00,7.74,8.35%,5.84%,2.51%,,,,
1927.06,14.89,0.73,1.18,17.60,1927.46,3.34,245.64,12.04," 4,793.98 ",19.38, 378.30 ,15.12,,20.01,6.35%,1.00,7.67,7.93%,5.96%,1.97%,,,,
1927.07,15.22,0.74,1.16,17.30,1927.54,3.34,255.44,12.36," 5,005.31 ",19.54, 382.80 ,15.82,,20.85,6.04%,1.00,7.83,8.06%,5.71%,2.35%,,,,
1927.08,16.03,0.74,1.15,17.20,1927.62,3.33,270.59,12.55," 5,322.83 ",19.46, 382.86 ,16.86,,22.14,5.44%,1.00,7.90,7.55%,5.65%,1.90%,,,,
1927.09,16.94,0.75,1.14,17.30,1927.71,3.33,284.30,12.59," 5,613.12 ",19.18, 378.74 ,17.82,,23.29,4.94%,1.00,7.87,5.33%,5.64%,-0.31%,,,,
1927.1,16.68,0.76,1.13,17.40,1927.79,3.33,278.33,12.63," 5,515.98 ",18.89, 374.35 ,17.54,,22.84,4.94%,1.00,7.85,3.92%,5.70%,-1.78%,,,,
1927.11,17.06,0.76,1.12,17.30,1927.87,3.33,286.32,12.81," 5,695.41 ",18.81, 374.24 ,18.13,,23.52,4.69%,1.00,7.92,2.77%,5.72%,-2.94%,,,,
1927.12,17.46,0.77,1.11,17.30,1927.96,3.33,293.03,12.92," 5,850.37 ",18.63, 371.93 ,18.65,,24.10,4.39%,1.00,7.94,2.46%,5.79%,-3.33%,,,,
1928.01,17.53,0.78,1.13,17.30,1928.04,3.33,294.21,13.04," 5,895.51 ",19.02, 381.04 ,18.81,,24.22,4.13%,1.00,7.96,2.86%,5.94%,-3.09%,,,,
1928.02,17.32,0.78,1.16,17.10,1928.12,3.35,294.08,13.30," 5,915.22 ",19.61, 394.46 ,18.87,,24.22,3.90%,1.00,8.06,2.71%,5.92%,-3.22%,,,,
1928.03,18.25,0.79,1.18,17.10,1928.21,3.38,309.87,13.41," 6,255.33 ",19.98, 403.43 ,19.94,,25.51,3.66%,1.00,8.07,1.50%,5.95%,-4.45%,,,,
1928.04,19.40,0.80,1.20,17.10,1928.29,3.40,329.40,13.53," 6,672.25 ",20.38, 412.72 ,21.26,,27.10,3.18%,1.00,8.08,0.42%,5.91%,-5.48%,,,,
1928.05,20.00,0.80,1.22,17.20,1928.37,3.42,337.61,13.56," 6,861.51 ",20.63, 419.24 ,21.83,,27.73,2.88%,1.00,8.04,0.37%,6.07%,-5.70%,,,,
1928.06,19.02,0.81,1.25,17.10,1928.46,3.44,322.95,13.75," 6,586.75 ",21.14, 431.15 ,20.91,,26.48,2.86%,1.00,8.09,1.07%,6.03%,-4.97%,,,,
1928.07,19.16,0.82,1.27,17.10,1928.54,3.47,325.32,13.87," 6,658.80 ",21.53, 440.68 ,21.08,,26.61,2.53%,1.00,8.10,2.86%,6.06%,-3.20%,,,,
1928.08,19.78,0.82,1.29,17.10,1928.62,3.49,335.85,13.98," 6,898.12 ",21.90, 449.88 ,21.76,,27.39,2.16%,1.00,8.11,2.60%,6.09%,-3.49%,,,,
1928.09,21.17,0.83,1.31,17.30,1928.71,3.51,355.30,13.93," 7,321.36 ",22.02, 453.74 ,23.00,,28.87,1.81%,1.00,8.02,1.57%,6.24%,-4.67%,,,,
1928.1,21.60,0.84,1.34,17.20,1928.79,3.53,364.62,14.12," 7,537.75 ",22.54, 465.88 ,23.58,,29.50,1.43%,1.00,8.08,2.46%,6.28%,-3.82%,,,,
1928.11,23.06,0.84,1.36,17.20,1928.87,3.56,389.26,14.24," 8,071.77 ",22.91, 475.00 ,25.12,,31.34,0.96%,1.00,8.09,1.80%,6.30%,-4.50%,,,,
1928.12,23.15,0.85,1.38,17.10,1928.96,3.58,393.07,14.43," 8,175.60 ",23.43, 487.36 ,25.30,,31.47,0.73%,1.00,8.14,1.41%,6.27%,-4.86%,,,,
1929.01,24.86,0.86,1.40,17.10,1929.04,3.60,422.10,14.60," 8,804.81 ",23.75, 495.49 ,27.08,,33.59,0.45%,1.01,8.15,0.54%,6.29%,-5.75%,,,,
1929.02,24.99,0.87,1.42,17.10,1929.12,3.57,424.31,14.77," 8,876.53 ",24.08, 503.68 ,27.13,,33.56,0.65%,1.01,8.20,0.49%,6.35%,-5.86%,,,,
1929.03,25.43,0.88,1.44,17.00,1929.21,3.55,434.32,15.03," 9,112.16 ",24.56, 515.27 ,27.68,,34.13,0.42%,1.01,8.29,0.25%,6.26%,-6.01%,,,,
1929.04,25.28,0.89,1.46,16.90,1929.29,3.52,434.31,15.29," 9,138.74 ",25.03, 526.71 ,27.57,,33.90,0.22%,1.01,8.38,-1.01%,6.25%,-7.26%,,,,
1929.05,25.66,0.90,1.48,17.00,1929.37,3.50,438.25,15.37," 9,248.50 ",25.21, 531.99 ,27.70,,33.97,0.17%,1.01,8.37,-0.73%,6.29%,-7.02%,,,,
1929.06,26.15,0.91,1.50,17.10,1929.46,3.47,444.01,15.45," 9,397.16 ",25.38, 537.24 ,27.94,,34.17,0.23%,1.01,8.36,-0.67%,6.34%,-7.01%,,,,
1929.07,28.48,0.92,1.51,17.30,1929.54,3.45,477.98,15.44," 10,143.38 ",25.41, 539.22 ,29.93,,36.51,-0.16%,1.01,8.31,-1.15%,6.44%,-7.59%,,,,
1929.08,30.10,0.93,1.53,17.30,1929.62,3.42,505.17,15.61," 10,747.96 ",25.73, 547.40 ,31.48,,38.29,-0.47%,1.01,8.35,-1.83%,6.42%,-8.24%,,,,
1929.09,31.30,0.94,1.55,17.30,1929.71,3.39,525.31,15.78," 11,204.42 ",26.05, 555.57 ,32.56,,39.50,-0.61%,1.01,8.39,-1.42%,6.17%,-7.58%,,,,
1929.1,27.99,0.95,1.57,17.30,1929.79,3.37,469.75,15.94," 10,047.88 ",26.38, 564.32 ,28.96,,35.05,-0.37%,1.00,8.43,-0.13%,6.22%,-6.35%,,,,
1929.11,20.58,0.96,1.59,17.30,1929.87,3.34,345.39,16.11," 7,416.55 ",26.70, 573.36 ,21.17,,25.59,0.71%,1.00,8.48,2.81%,6.20%,-3.39%,,,,
1929.12,21.40,0.97,1.61,17.20,1929.96,3.32,361.24,16.37," 7,786.19 ",27.18, 585.78 ,22.01,,26.57,0.29%,1.00,8.57,2.11%,6.12%,-4.01%,,,,
1930.01,21.71,0.97,1.56,17.10,1930.04,3.29,368.62,16.48," 7,974.79 ",26.44, 571.94 ,22.31,,26.90,-0.01%,1.00,8.66,1.92%,6.11%,-4.19%,,,,
1930.02,23.07,0.97,1.50,17.00,1930.12,3.29,394.02,16.60," 8,554.13 ",25.67, 557.30 ,23.70,,28.53,-0.44%,1.00,8.73,1.11%,5.99%,-4.87%,,,,
1930.03,23.94,0.97,1.45,16.90,1930.21,3.30,411.29,16.71," 8,959.47 ",24.91, 542.66 ,24.59,,29.57,-0.75%,1.00,8.81,0.63%,5.94%,-5.31%,,,,
1930.04,25.46,0.97,1.40,17.00,1930.29,3.30,434.83,16.62," 9,502.45 ",23.86, 521.40 ,25.84,,31.04,-1.19%,1.00,8.77,0.18%,6.01%,-5.83%,,,,
1930.05,23.94,0.97,1.34,16.90,1930.37,3.31,411.29,16.74," 9,018.49 ",23.07, 505.92 ,24.31,,29.17,-1.15%,1.00,8.85,-0.72%,5.97%,-6.69%,,,,
1930.06,21.52,0.98,1.29,16.80,1930.46,3.31,371.92,16.85," 8,185.89 ",22.29, 490.70 ,21.87,,26.24,-0.90%,1.00,8.92,-0.67%,5.84%,-6.51%,,,,
1930.07,21.06,0.98,1.24,16.60,1930.54,3.32,368.35,17.07," 8,138.73 ",21.64, 478.04 ,21.55,,25.85,-0.90%,1.00,9.05,-0.16%,5.80%,-5.97%,,,,
1930.08,20.79,0.98,1.18,16.50,1930.62,3.32,365.83,17.19," 8,114.73 ",20.82, 461.75 ,21.30,,25.56,-0.68%,1.00,9.13,0.13%,5.75%,-5.62%,,,,
1930.09,20.78,0.98,1.13,16.60,1930.71,3.32,363.46,17.10," 8,093.57 ",19.76, 440.12 ,21.07,,25.29,-0.42%,1.00,9.10,0.62%,5.83%,-5.21%,,,,
1930.1,17.92,0.98,1.08,16.50,1930.79,3.33,315.33,17.21," 7,053.88 ",18.95, 423.94 ,18.21,,21.88,0.31%,1.00,9.17,2.16%,5.78%,-3.62%,,,,
1930.11,16.62,0.98,1.02,16.40,1930.87,3.33,294.24,17.34," 6,614.36 ",18.11, 407.13 ,16.94,,20.38,0.71%,1.00,9.25,3.11%,5.73%,-2.62%,,,,
1930.12,15.51,0.98,0.97,16.10,1930.96,3.34,279.71,17.67," 6,320.74 ",17.49, 395.30 ,16.06,,19.35,1.05%,1.00,9.45,3.13%,5.47%,-2.34%,,,,
1931.01,15.98,0.97,0.94,15.90,1931.04,3.34,291.81,17.65," 6,627.43 ",17.17, 389.85 ,16.71,,20.17,0.88%,1.00,9.59,2.72%,5.35%,-2.63%,,,,
1931.02,17.20,0.95,0.91,15.70,1931.12,3.37,318.08,17.63," 7,257.64 ",16.83, 383.98 ,18.16,,21.96,0.56%,1.00,9.71,1.19%,5.19%,-4.00%,,,,
1931.03,17.53,0.94,0.88,15.60,1931.21,3.40,326.27,17.50," 7,477.57 ",16.38, 375.37 ,18.58,,22.49,0.40%,1.00,9.78,0.94%,5.02%,-4.09%,,,,
1931.04,15.86,0.93,0.85,15.50,1931.29,3.43,297.09,17.36," 6,842.02 ",15.92, 366.69 ,16.87,,20.46,0.96%,1.00,9.85,1.50%,4.85%,-3.35%,,,,
1931.05,14.33,0.91,0.82,15.30,1931.37,3.45,271.94,17.33," 6,296.05 ",15.56, 360.28 ,15.40,,18.72,1.59%,1.00,9.98,2.12%,4.62%,-2.50%,,,,
1931.06,13.87,0.90,0.79,15.10,1931.46,3.48,266.69,17.31," 6,208.04 ",15.19, 353.59 ,15.06,,18.36,1.64%,1.00,10.12,2.46%,4.24%,-1.78%,,,,
1931.07,14.33,0.89,0.76,15.10,1931.54,3.51,275.54,17.05," 6,447.01 ",14.61, 341.92 ,15.52,,18.96,1.36%,1.00,10.12,2.64%,4.21%,-1.57%,,,,
1931.08,13.90,0.87,0.73,15.10,1931.62,3.54,267.27,16.79," 6,286.29 ",14.04, 330.14 ,15.01,,18.38,1.55%,1.00,10.13,2.77%,4.05%,-1.27%,,,,
1931.09,11.83,0.86,0.70,15.00,1931.71,3.57,228.99,16.65," 5,418.43 ",13.55, 320.62 ,12.82,,15.76,2.71%,1.00,10.20,4.26%,3.81%,0.45%,,,,
1931.1,10.25,0.85,0.67,14.90,1931.79,3.60,199.73,16.50," 4,758.79 ",13.06, 311.06 ,11.15,,13.76,3.78%,1.00,10.28,5.12%,3.58%,1.54%,,,,
1931.11,10.39,0.83,0.64,14.70,1931.87,3.62,205.22,16.46," 4,922.10 ",12.64, 303.19 ,11.42,,14.16,3.46%,1.00,10.42,4.26%,3.35%,0.91%,,,,
1931.12,8.44,0.82,0.61,14.60,1931.96,3.65,167.84,16.31," 4,058.30 ",12.13, 293.31 ,9.31,,11.61,5.41%,1.00,10.50,5.58%,3.19%,2.39%,,,,
1932.01,8.30,0.79,0.59,14.30,1932.04,3.68,168.52,16.11," 4,107.16 ",12.05, 293.59 ,9.31,,11.69,5.40%,1.01,10.73,5.59%,2.82%,2.78%,,,,
1932.02,8.23,0.77,0.58,14.10,1932.12,3.65,169.47,15.79," 4,162.35 ",11.88, 291.67 ,9.34,,11.79,5.27%,1.01,10.94,5.12%,2.57%,2.55%,,,,
1932.03,8.26,0.74,0.56,14.00,1932.21,3.62,171.30,15.35," 4,238.77 ",11.61, 287.37 ,9.41,,11.95,5.26%,1.01,11.08,4.28%,2.33%,1.96%,,,,
1932.04,6.28,0.71,0.54,13.90,1932.29,3.59,131.18,14.90," 3,276.61 ",11.35, 283.47 ,7.19,,9.19,8.50%,1.01,11.23,6.56%,2.16%,4.41%,,,,
1932.05,5.51,0.69,0.53,13.70,1932.37,3.56,116.77,14.55," 2,947.12 ",11.16, 281.71 ,6.39,,8.24,10.13%,1.01,11.45,7.76%,1.85%,5.92%,,,,
1932.06,4.77,0.66,0.51,13.60,1932.46,3.53,101.83,14.09," 2,599.71 ",10.89, 277.96 ,5.57,,7.24,12.41%,1.01,11.60,9.73%,1.73%,8.00%,,,,
1932.07,5.01,0.63,0.49,13.60,1932.54,3.50,106.96,13.52," 2,759.28 ",10.53, 271.69 ,5.84,,7.65,11.54%,1.01,11.67,9.48%,1.64%,7.84%,,,,
1932.08,7.53,0.61,0.48,13.50,1932.62,3.46,161.95,13.05," 4,205.95 ",10.25, 266.27 ,8.83,,11.63,5.81%,1.01,11.82,4.90%,1.46%,3.44%,,,,
1932.09,8.26,0.58,0.46,13.40,1932.71,3.43,178.97,12.57," 4,675.33 ",9.97, 260.37 ,9.76,,12.89,4.69%,1.01,11.97,3.97%,1.35%,2.61%,,,,
1932.1,7.12,0.55,0.44,13.30,1932.79,3.40,155.43,12.08," 4,086.66 ",9.68, 254.44 ,8.48,,11.24,6.14%,1.01,12.13,6.06%,1.12%,4.94%,,,,
1932.11,7.05,0.53,0.43,13.20,1932.87,3.37,155.07,11.59," 4,102.52 ",9.39, 248.30 ,8.46,,11.26,6.06%,1.01,12.28,6.18%,0.95%,5.23%,,,,
1932.12,6.82,0.50,0.41,13.10,1932.96,3.34,151.16,11.08," 4,023.41 ",9.09, 241.88 ,8.26,,11.03,6.26%,1.01,12.44,6.43%,0.78%,5.66%,,,,
1933.01,7.09,0.50,0.41,12.90,1933.04,3.31,159.58,11.14," 4,272.25 ",9.28, 248.56 ,8.73,,11.69,5.54%,1.00,12.71,6.47%,0.59%,5.88%,,,,
1933.02,6.25,0.49,0.42,12.70,1933.12,3.29,142.89,11.20," 3,850.39 ",9.49, 255.67 ,7.83,,10.52,6.72%,1.00,12.96,8.25%,0.41%,7.84%,,,,
1933.03,6.23,0.49,0.42,12.60,1933.21,3.28,143.56,11.18," 3,893.63 ",9.62, 260.93 ,7.87,,10.63,6.58%,1.00,13.11,8.37%,0.13%,8.23%,,,,
1933.04,6.89,0.48,0.42,12.60,1933.29,3.26,158.77,11.06," 4,331.11 ",9.68, 264.02 ,8.72,,11.81,5.31%,1.00,13.17,7.49%,0.00%,7.50%,,,,
1933.05,8.87,0.48,0.42,12.60,1933.37,3.25,204.39,10.95," 5,600.64 ",9.74, 266.77 ,11.25,,15.25,2.75%,1.00,13.22,5.15%,-0.08%,5.23%,,,,
1933.06,10.39,0.47,0.43,12.70,1933.46,3.23,237.53,10.75," 6,533.27 ",9.72, 267.24 ,13.10,,17.77,1.53%,1.00,13.17,3.77%,-0.02%,3.79%,,,,
1933.07,11.23,0.47,0.43,13.10,1933.54,3.22,248.90,10.31," 6,869.47 ",9.47, 261.50 ,13.75,,18.66,1.37%,1.00,12.82,3.56%,0.33%,3.24%,,,,
1933.08,10.67,0.46,0.43,13.20,1933.62,3.20,234.70,10.12," 6,500.74 ",9.46, 261.98 ,13.00,,17.65,1.94%,1.00,12.77,3.71%,0.44%,3.27%,,,,
1933.09,10.58,0.46,0.43,13.20,1933.71,3.18,232.72,10.01," 6,469.00 ",9.51, 264.45 ,12.92,,17.55,1.94%,1.00,12.83,3.97%,0.36%,3.60%,,,,
1933.1,9.55,0.45,0.44,13.20,1933.79,3.17,210.06,9.90," 5,862.15 ",9.57, 267.02 ,11.70,,15.90,2.71%,1.00,12.88,4.94%,0.34%,4.60%,,,,
1933.11,9.78,0.45,0.44,13.20,1933.87,3.15,215.12,9.79," 6,026.10 ",9.62, 269.57 ,12.01,,16.33,2.50%,1.00,12.93,4.21%,0.32%,3.88%,,,,
1933.12,9.97,0.44,0.44,13.20,1933.96,3.14,219.30,9.68," 6,165.76 ",9.68, 272.11 ,12.28,,16.71,2.34%,1.00,12.98,4.15%,0.30%,3.85%,,,,
1934.01,10.54,0.44,0.44,13.20,1934.04,3.12,231.84,9.70," 6,540.99 ",9.77, 275.66 ,13.03,,17.72,1.89%,1.00,13.03,3.91%,0.28%,3.63%,,,,
1934.02,11.32,0.44,0.45,13.30,1934.12,3.09,247.12,9.64," 6,994.89 ",9.79, 277.02 ,13.93,,18.95,1.55%,1.00,13.00,3.19%,0.34%,2.85%,,,,
1934.03,10.74,0.44,0.45,13.30,1934.21,3.07,234.46,9.66," 6,659.28 ",9.88, 280.57 ,13.25,,18.04,2.00%,1.00,13.06,4.03%,0.32%,3.71%,,,,
1934.04,10.92,0.44,0.46,13.30,1934.29,3.04,238.39,9.68," 6,793.80 ",9.97, 284.13 ,13.52,,18.40,1.94%,1.00,13.12,3.63%,0.24%,3.39%,,,,
1934.05,9.81,0.44,0.46,13.30,1934.37,3.01,214.16,9.70," 6,126.25 ",10.06, 287.77 ,12.18,,16.58,2.77%,1.00,13.19,4.93%,0.22%,4.71%,,,,
1934.06,9.94,0.45,0.47,13.40,1934.46,2.98,215.38,9.64," 6,184.09 ",10.08, 289.30 ,12.29,,16.73,2.80%,1.00,13.15,5.30%,0.22%,5.08%,,,,
1934.07,9.47,0.45,0.47,13.40,1934.54,2.96,205.19,9.66," 5,914.80 ",10.17, 293.05 ,11.74,,16.00,3.15%,1.00,13.22,6.03%,0.14%,5.89%,,,,
1934.08,9.10,0.45,0.47,13.40,1934.62,2.93,197.17,9.68," 5,706.95 ",10.26, 296.82 ,11.32,,15.43,3.56%,1.00,13.28,6.29%,0.12%,6.17%,,,,
1934.09,8.88,0.45,0.48,13.60,1934.71,2.90,189.58,9.55," 5,510.13 ",10.19, 296.29 ,10.91,,14.89,4.00%,1.00,13.15,6.54%,0.25%,6.29%,,,,
1934.1,8.95,0.45,0.48,13.50,1934.79,2.87,192.49,9.64," 5,618.06 ",10.36, 302.37 ,11.11,,15.17,3.74%,1.00,13.31,6.63%,0.15%,6.48%,,,,
1934.11,9.20,0.45,0.49,13.50,1934.87,2.85,197.86,9.66," 5,798.48 ",10.45, 306.19 ,11.45,,15.65,3.50%,1.00,13.37,6.27%,0.13%,6.13%,,,,
1934.12,9.26,0.45,0.49,13.40,1934.96,2.82,200.64,9.75," 5,903.67 ",10.62, 312.40 ,11.64,,15.92,3.25%,1.00,13.54,6.29%,-0.02%,6.30%,,,,
1935.01,9.26,0.45,0.57,13.60,1935.04,2.79,197.69,9.61," 5,840.40 ",12.17, 359.51 ,11.50,,15.73,3.53%,1.00,13.40,6.76%,0.11%,6.64%,,,,
1935.02,8.98,0.45,0.65,13.70,1935.12,2.78,190.31,9.54," 5,645.94 ",13.78, 408.67 ,11.09,,15.18,3.99%,1.00,13.35,7.51%,0.19%,7.33%,,,,
1935.03,8.41,0.45,0.73,13.70,1935.21,2.77,178.23,9.54," 5,311.15 ",15.47, 461.02 ,10.40,,14.24,4.54%,1.00,13.39,8.21%,0.19%,8.02%,,,,
1935.04,9.04,0.45,0.76,13.80,1935.29,2.76,190.20,9.40," 5,690.97 ",15.92, 476.35 ,11.10,,15.20,4.07%,1.00,13.34,7.77%,0.26%,7.51%,,,,
1935.05,9.75,0.44,0.78,13.80,1935.37,2.74,205.14,9.33," 6,161.20 ",16.48, 495.00 ,11.99,,16.40,3.37%,1.00,13.38,7.29%,0.20%,7.09%,,,,
1935.06,10.12,0.44,0.81,13.70,1935.46,2.73,214.47,9.32," 6,465.03 ",17.17, 517.46 ,12.54,,17.14,2.82%,1.00,13.53,6.89%,0.02%,6.87%,,,,
1935.07,10.65,0.44,0.79,13.70,1935.54,2.72,225.71,9.32," 6,827.04 ",16.81, 508.56 ,13.20,,18.02,2.33%,1.00,13.57,6.13%,0.02%,6.11%,,,,
1935.08,11.37,0.44,0.78,13.70,1935.62,2.71,240.97,9.32," 7,312.09 ",16.46, 499.48 ,14.11,,19.22,1.85%,1.00,13.61,5.48%,0.02%,5.46%,,,,
1935.09,11.61,0.44,0.76,13.70,1935.71,2.70,246.05,9.32," 7,490.01 ",16.11, 490.30 ,14.42,,19.62,1.71%,1.00,13.66,5.96%,0.02%,5.94%,,,,
1935.1,11.92,0.45,0.76,13.70,1935.79,2.69,252.62,9.54," 7,714.20 ",16.11, 491.84 ,14.83,,20.14,1.53%,1.00,13.70,6.11%,0.02%,6.10%,,,,
1935.11,13.04,0.46,0.76,13.80,1935.87,2.67,274.35,9.68," 8,402.50 ",15.99, 489.72 ,16.13,,21.87,0.90%,1.00,13.65,5.58%,0.09%,5.49%,,,,
1935.12,13.04,0.47,0.76,13.80,1935.96,2.66,274.35,9.89," 8,427.73 ",15.99, 491.19 ,16.16,,21.87,0.96%,1.00,13.69,5.70%,0.03%,5.67%,,,,
1936.01,13.76,0.48,0.77,13.80,1936.04,2.65,289.50,10.10," 8,918.92 ",16.20, 499.10 ,17.09,,23.08,0.63%,1.00,13.74,5.55%,0.03%,5.52%,,,,
1936.02,14.55,0.49,0.78,13.80,1936.12,2.65,306.12,10.31," 9,457.45 ",16.41, 507.00 ,18.10,,24.41,0.30%,1.00,13.76,5.05%,0.08%,4.97%,,,,
1936.03,14.86,0.50,0.79,13.70,1936.21,2.66,314.93,10.60," 9,756.73 ",16.74, 518.70 ,18.66,,25.10,0.12%,1.00,13.89,4.33%,-0.11%,4.44%,,,,
1936.04,14.88,0.52,0.82,13.70,1936.29,2.66,315.35,10.95," 9,798.13 ",17.38, 539.95 ,18.72,,25.13,0.05%,1.00,13.92,4.91%,-0.17%,5.08%,,,,
1936.05,14.09,0.53,0.85,13.70,1936.37,2.66,298.61,11.30," 9,307.20 ",18.01, 561.47 ,17.75,,23.79,0.39%,1.00,13.95,5.45%,-0.23%,5.68%,,,,
1936.06,14.69,0.55,0.88,13.80,1936.46,2.66,309.07,11.57," 9,663.27 ",18.51, 578.88 ,18.39,,24.60,0.32%,1.00,13.87,4.91%,-0.27%,5.17%,,,,
1936.07,15.56,0.57,0.90,13.90,1936.54,2.67,325.02,11.91," 10,192.96 ",18.80, 589.57 ,19.36,,25.84,0.22%,1.00,13.80,3.49%,-0.77%,4.26%,,,,
1936.08,15.87,0.59,0.92,14.00,1936.62,2.67,329.13,12.24," 10,353.75 ",19.08, 600.22 ,19.62,,26.13,0.28%,1.00,13.73,2.95%,-0.91%,3.85%,,,,
1936.09,16.05,0.61,0.94,14.00,1936.71,2.67,332.86,12.65," 10,504.35 ",19.49, 615.21 ,19.86,,26.40,0.16%,1.00,13.76,1.11%,-1.01%,2.12%,,,,
1936.1,16.89,0.65,0.97,14.00,1936.79,2.67,350.28,13.41," 11,089.38 ",20.05, 634.68 ,20.91,,27.73,-0.15%,1.00,13.79,0.18%,-1.21%,1.39%,,,,
1936.11,17.36,0.68,0.99,14.00,1936.87,2.68,360.03,14.17," 11,435.35 ",20.60, 654.33 ,21.50,,28.45,-0.34%,1.00,13.81,-0.36%,-1.45%,1.08%,,,,
1936.12,17.06,0.72,1.02,14.00,1936.96,2.68,353.81,14.93," 11,277.26 ",21.15, 674.26 ,21.13,,27.90,-0.26%,1.00,13.84,0.02%,-1.54%,1.56%,,,,
1937.01,17.59,0.73,1.05,14.10,1937.04,2.68,362.21,15.03," 11,585.07 ",21.62, 691.55 ,21.62,,28.50,-0.19%,1.00,13.77,-0.16%,-1.48%,1.32%,,,,
1937.02,18.11,0.74,1.08,14.10,1937.12,2.67,372.92,15.24," 11,968.16 ",22.24, 713.73 ,22.24,,29.26,-0.26%,1.00,13.81,-0.07%,-1.51%,1.44%,,,,
1937.03,18.09,0.75,1.11,14.20,1937.21,2.66,369.88,15.34," 11,911.77 ",22.70, 730.90 ,22.04,,28.93,-0.08%,1.00,13.76,-0.58%,-1.64%,1.06%,,,,
1937.04,17.01,0.78,1.13,14.30,1937.29,2.65,345.37,15.84," 11,164.79 ",22.94, 741.69 ,20.56,,26.93,0.33%,1.00,13.71,-0.27%,-1.60%,1.33%,,,,
1937.05,16.25,0.81,1.15,14.40,1937.37,2.64,327.65,16.33," 10,635.88 ",23.19, 752.69 ,19.47,,25.47,0.62%,1.00,13.65,0.08%,-1.56%,1.64%,,,,
1937.06,15.64,0.84,1.17,14.40,1937.46,2.63,315.35,16.94," 10,282.44 ",23.59, 769.21 ,18.71,,24.45,0.73%,1.00,13.69,0.76%,-1.63%,2.39%,,,,
1937.07,16.57,0.82,1.19,14.50,1937.54,2.62,331.79,16.35," 10,863.17 ",23.76, 777.97 ,19.65,,25.63,0.72%,1.00,13.64,0.77%,-1.67%,2.44%,,,,
1937.08,16.74,0.79,1.20,14.50,1937.62,2.61,335.20,15.89," 11,017.97 ",24.10, 792.01 ,19.81,,25.79,0.75%,1.00,13.68,0.34%,-1.83%,2.16%,,,,
1937.09,14.37,0.77,1.22,14.60,1937.71,2.60,285.77,15.31," 9,435.24 ",24.26, 801.04 ,16.85,,21.91,1.65%,1.00,13.63,1.46%,-2.00%,3.46%,,,,
1937.1,12.28,0.78,1.19,14.60,1937.79,2.59,244.21,15.51," 8,105.64 ",23.67, 785.48 ,14.36,,18.67,2.63%,1.00,13.67,3.32%,-2.03%,5.34%,,,,
1937.11,11.20,0.79,1.16,14.50,1937.87,2.58,224.27,15.82," 7,487.50 ",23.23, 775.49 ,13.16,,17.11,3.27%,1.00,13.81,4.02%,-2.16%,6.18%,,,,
1937.12,11.02,0.80,1.13,14.40,1937.96,2.57,222.19,16.13," 7,463.21 ",22.78, 765.28 ,13.01,,16.93,3.30%,1.00,13.95,3.81%,-2.38%,6.18%,,,,
1938.01,11.31,0.79,1.08,14.20,1938.04,2.56,231.25,16.22," 7,812.89 ",22.01, 743.76 ,13.51,,17.59,2.89%,1.00,14.19,3.11%,-2.66%,5.77%,,,,
1938.02,11.04,0.79,1.02,14.10,1938.12,2.54,227.33,16.20," 7,726.07 ",21.07, 716.15 ,13.26,,17.28,3.09%,1.00,14.34,2.84%,-2.65%,5.50%,,,,
1938.03,10.31,0.78,0.97,14.10,1938.21,2.53,212.30,16.06," 7,260.69 ",19.97, 683.11 ,12.38,,16.14,3.64%,1.00,14.39,3.73%,-2.62%,6.34%,,,,
1938.04,9.89,0.77,0.90,14.20,1938.29,2.51,202.22,15.68," 6,960.54 ",18.47, 635.76 ,11.79,,15.39,4.13%,1.00,14.34,4.81%,-2.72%,7.53%,,,,
1938.05,9.98,0.75,0.84,14.10,1938.37,2.49,205.51,15.51," 7,118.19 ",17.23, 596.75 ,11.99,,15.68,3.88%,1.00,14.49,5.08%,-2.83%,7.91%,,,,
1938.06,10.21,0.74,0.77,14.10,1938.46,2.48,210.24,15.24," 7,326.22 ",15.86, 552.52 ,12.29,,16.08,3.75%,1.00,14.54,5.16%,-2.92%,8.08%,,,,
1938.07,12.24,0.71,0.72,14.10,1938.54,2.46,252.04,14.69," 8,825.51 ",14.83, 519.15 ,14.77,,19.33,2.40%,1.00,14.59,2.89%,-3.05%,5.93%,,,,
1938.08,12.31,0.69,0.67,14.10,1938.62,2.44,253.49,14.14," 8,917.24 ",13.80, 485.34 ,14.90,,19.51,2.36%,1.00,14.65,2.48%,-3.09%,5.57%,,,,
1938.09,11.75,0.66,0.62,14.10,1938.71,2.43,241.95,13.59," 8,551.42 ",12.77, 451.22 ,14.28,,18.69,2.55%,1.00,14.70,2.84%,-3.10%,5.94%,,,,
1938.1,13.06,0.61,0.63,14.00,1938.79,2.41,270.85,12.65," 9,609.96 ",13.00, 461.12 ,16.06,,21.01,1.78%,1.00,14.85,2.01%,-3.13%,5.14%,,,,
1938.11,13.07,0.56,0.63,14.00,1938.87,2.39,271.06,11.61," 9,651.66 ",13.13, 467.69 ,16.15,,21.10,1.76%,1.00,14.90,1.52%,-3.06%,4.58%,,,,
1938.12,12.69,0.51,0.64,14.00,1938.96,2.38,263.18,10.58," 9,402.43 ",13.27, 474.20 ,15.76,,20.56,1.99%,1.00,14.96,1.81%,-3.02%,4.83%,,,,
1939.01,12.50,0.51,0.66,14.00,1939.04,2.36,259.24,10.65," 9,293.35 ",13.76, 493.17 ,15.60,,20.32,2.07%,1.00,15.01,2.14%,-2.99%,5.13%,,,,
1939.02,12.40,0.52,0.69,13.90,1939.12,2.35,259.01,10.79," 9,317.57 ",14.34, 515.97 ,15.66,,20.38,1.99%,1.00,15.16,1.85%,-2.99%,4.84%,,,,
1939.03,12.39,0.52,0.71,13.90,1939.21,2.34,258.80,10.86," 9,342.61 ",14.83, 535.37 ,15.73,,20.43,2.03%,1.00,15.21,1.98%,-3.00%,4.98%,,,,
1939.04,10.83,0.52,0.73,13.80,1939.29,2.32,227.86,11.01," 8,258.60 ",15.29, 554.13 ,13.92,,18.05,2.86%,1.00,15.37,3.24%,-3.12%,6.36%,,,,
1939.05,11.23,0.53,0.74,13.80,1939.37,2.31,236.27,11.08," 8,597.10 ",15.64, 569.06 ,14.50,,18.78,2.52%,1.00,15.41,2.85%,-3.09%,5.95%,,,,
1939.06,11.43,0.53,0.76,13.80,1939.46,2.30,240.48,11.15," 8,784.02 ",15.99, 584.06 ,14.83,,19.18,2.32%,1.00,15.46,2.08%,-3.14%,5.22%,,,,
1939.07,11.71,0.54,0.78,13.80,1939.54,2.29,246.37,11.36," 9,033.78 ",16.34, 599.17 ,15.27,,19.71,2.03%,1.00,15.51,2.50%,-3.07%,5.57%,,,,
1939.08,11.54,0.55,0.79,13.80,1939.62,2.27,242.80,11.57," 8,938.00 ",16.69, 614.45 ,15.12,,19.48,2.11%,1.00,15.55,2.98%,-3.13%,6.11%,,,,
1939.09,12.77,0.56,0.81,14.10,1939.71,2.26,262.96,11.53," 9,715.59 ",16.68, 616.26 ,16.45,,21.15,1.79%,1.00,15.27,2.27%,-2.97%,5.24%,,,,
1939.1,12.90,0.58,0.84,14.00,1939.79,2.25,267.53,12.03," 9,921.64 ",17.42, 646.06 ,16.82,,21.57,1.60%,1.00,15.42,2.46%,-2.97%,5.43%,,,,
1939.11,12.67,0.60,0.87,14.00,1939.87,2.24,262.76,12.44," 9,783.20 ",18.04, 671.77 ,16.60,,21.24,1.70%,1.00,15.47,2.76%,-3.02%,5.78%,,,,
1939.12,12.37,0.62,0.90,14.00,1939.96,2.22,256.54,12.86," 9,591.45 ",18.67, 697.84 ,16.28,,20.78,1.88%,1.00,15.51,3.39%,-2.95%,6.33%,,,,
1940.01,12.30,0.62,0.93,13.90,1940.04,2.21,256.92,13.02," 9,646.35 ",19.43, 729.36 ,16.38,,20.86,1.84%,1.00,15.67,3.64%,-2.99%,6.63%,,,,
1940.02,12.22,0.63,0.96,14.00,1940.12,2.19,253.43,13.00," 9,555.82 ",19.91, 750.70 ,16.22,,20.61,2.06%,1.00,15.62,4.00%,-2.95%,6.95%,,,,
1940.03,12.15,0.63,0.99,14.00,1940.21,2.17,251.98,13.07," 9,542.13 ",20.53, 777.51 ,16.17,,20.51,2.15%,1.00,15.68,4.11%,-3.03%,7.14%,,,,
1940.04,12.27,0.64,1.01,14.00,1940.29,2.15,254.47,13.20," 9,678.04 ",20.88, 794.02 ,16.37,,20.71,2.04%,1.00,15.74,4.31%,-3.07%,7.38%,,,,
1940.05,10.58,0.64,1.02,14.00,1940.37,2.12,219.42,13.34," 8,387.33 ",21.22, 811.25 ,14.14,,17.86,3.08%,1.00,15.80,6.18%,-3.14%,9.32%,,,,
1940.06,9.67,0.65,1.04,14.10,1940.46,2.10,199.12,13.38," 7,654.19 ",21.42, 823.20 ,12.84,,16.21,3.95%,1.00,15.74,7.34%,-3.15%,10.48%,,,,
1940.07,9.99,0.66,1.05,14.00,1940.54,2.08,207.18,13.62," 8,007.59 ",21.84, 844.31 ,13.37,,16.86,3.71%,1.00,15.91,5.98%,-3.37%,9.35%,,,,
1940.08,10.20,0.66,1.07,14.00,1940.62,2.06,211.54,13.76," 8,220.23 ",22.12, 859.63 ,13.65,,17.20,3.64%,1.00,15.97,6.30%,-3.48%,9.78%,,,,
1940.09,10.63,0.67,1.08,14.00,1940.71,2.04,220.45,13.90," 8,611.76 ",22.40, 874.95 ,14.21,,17.89,3.31%,1.00,16.03,6.19%,-3.56%,9.75%,,,,
1940.1,10.73,0.67,1.07,14.00,1940.79,2.02,222.53,13.90," 8,738.01 ",22.19, 871.36 ,14.33,,18.02,3.33%,1.00,16.09,6.44%,-3.67%,10.11%,,,,
1940.11,10.98,0.67,1.06,14.00,1940.87,1.99,227.71,13.90," 8,987.07 ",21.98, 867.60 ,14.64,,18.39,3.27%,1.00,16.15,6.14%,-3.74%,9.88%,,,,
1940.12,10.53,0.67,1.05,14.10,1940.96,1.97,216.83,13.80," 8,602.99 ",21.62, 857.85 ,13.91,,17.47,3.90%,1.00,16.09,6.50%,-3.82%,10.32%,,,,
1941.01,10.55,0.67,1.05,14.10,1941.04,1.95,217.24,13.87," 8,665.18 ",21.69, 865.15 ,13.90,,17.46,4.05%,1.00,16.15,7.08%,-4.00%,11.08%,,,,
1941.02,9.89,0.68,1.06,14.10,1941.12,1.99,203.65,13.93," 8,169.40 ",21.76, 872.84 ,13.00,,16.33,4.63%,1.00,16.11,8.04%,-4.08%,12.12%,,,,
1941.03,9.95,0.68,1.06,14.20,1941.21,2.04,203.45,13.90," 8,207.56 ",21.67, 874.37 ,12.96,,16.27,4.75%,1.00,15.96,7.83%,-4.02%,11.85%,,,,
1941.04,9.64,0.68,1.07,14.30,1941.29,2.08,195.73,13.87," 7,942.89 ",21.73, 881.63 ,12.43,,15.62,5.17%,1.00,15.82,8.39%,-3.92%,12.31%,,,,
1941.05,9.43,0.69,1.08,14.40,1941.37,2.12,190.14,13.85," 7,762.72 ",21.78, 889.05 ,12.04,,15.14,5.58%,1.00,15.68,8.67%,-3.85%,12.52%,,,,
1941.06,9.76,0.69,1.09,14.70,1941.46,2.16,192.77,13.63," 7,916.78 ",21.53, 884.15 ,12.16,,15.31,5.79%,1.00,15.33,8.33%,-3.62%,11.95%,,,,
1941.07,10.26,0.69,1.12,14.70,1941.54,2.21,202.65,13.69," 8,369.21 ",22.19, 916.31 ,12.74,,16.05,5.37%,1.00,15.30,7.98%,-3.59%,11.57%,,,,
1941.08,10.21,0.70,1.16,14.90,1941.62,2.25,198.95,13.58," 8,263.36 ",22.54, 936.14 ,12.46,,15.70,5.64%,1.00,15.06,8.64%,-3.43%,12.07%,,,,
1941.09,10.24,0.70,1.19,15.10,1941.71,2.29,196.90,13.46," 8,224.46 ",22.88, 955.77 ,12.28,,15.48,5.92%,1.00,14.83,8.95%,-3.34%,12.29%,,,,
1941.1,9.83,0.70,1.18,15.30,1941.79,2.33,186.54,13.35," 7,838.41 ",22.39, 940.93 ,11.58,,14.60,6.57%,1.00,14.61,9.43%,-3.22%,12.65%,,,,
1941.11,9.37,0.71,1.17,15.40,1941.87,2.38,176.66,13.32," 7,469.74 ",22.06, 932.72 ,10.91,,13.78,7.26%,1.00,14.49,9.62%,-3.20%,12.82%,,,,
1941.12,8.76,0.71,1.16,15.50,1941.96,2.42,164.09,13.30," 6,985.26 ",21.73, 924.99 ,10.09,,12.76,8.10%,1.00,14.37,10.71%,-3.14%,13.85%,,,,
1942.01,8.93,0.70,1.12,15.70,1942.04,2.46,165.15,13.01," 7,076.25 ",20.71, 887.50 ,10.10,,12.81,8.38%,1.00,14.16,10.98%,-2.99%,13.97%,,,,
1942.02,8.65,0.70,1.08,15.80,1942.12,2.46,158.95,12.80," 6,856.71 ",19.85, 856.10 ,9.68,,12.30,9.01%,1.00,14.10,11.27%,-2.86%,14.13%,,,,
1942.03,8.18,0.69,1.04,16.00,1942.21,2.46,148.44,12.52," 6,448.10 ",18.87, 819.81 ,9.00,,11.47,9.99%,1.00,13.95,12.04%,-2.75%,14.79%,,,,
1942.04,7.84,0.68,1.02,16.10,1942.29,2.46,141.39,12.26," 6,186.09 ",18.39, 804.82 ,8.54,,10.92,10.72%,1.00,13.89,12.49%,-2.73%,15.22%,,,,
1942.05,7.93,0.67,1.00,16.30,1942.37,2.46,141.25,11.93," 6,223.85 ",17.81, 784.85 ,8.51,,10.90,11.05%,1.00,13.75,12.47%,-2.62%,15.09%,,,,
1942.06,8.33,0.66,0.98,16.30,1942.46,2.46,148.38,11.76," 6,580.95 ",17.46, 774.23 ,8.91,,11.44,10.59%,1.00,13.78,12.16%,-2.66%,14.82%,,,,
1942.07,8.64,0.65,0.97,16.40,1942.54,2.47,152.96,11.45," 6,826.56 ",17.11, 763.77 ,9.15,,11.78,10.35%,1.00,13.72,12.03%,-2.68%,14.72%,,,,
1942.08,8.59,0.63,0.95,16.50,1942.62,2.47,151.16,11.14," 6,787.37 ",16.78, 753.27 ,9.01,,11.63,10.66%,1.00,13.67,12.20%,-2.63%,14.83%,,,,
1942.09,8.68,0.62,0.94,16.50,1942.71,2.47,152.74,10.91," 6,899.30 ",16.54, 747.16 ,9.08,,11.75,10.65%,1.00,13.69,11.89%,-2.64%,14.53%,,,,
1942.1,9.32,0.61,0.97,16.70,1942.79,2.47,162.04,10.61," 7,359.21 ",16.86, 765.93 ,9.60,,12.44,10.25%,1.00,13.56,10.99%,-2.53%,13.52%,,,,
1942.11,9.47,0.60,1.00,16.80,1942.87,2.47,163.66,10.37," 7,472.39 ",17.28, 789.06 ,9.66,,12.54,10.32%,1.00,13.50,11.22%,-2.48%,13.70%,,,,
1942.12,9.52,0.59,1.03,16.90,1942.96,2.47,163.56,10.14," 7,505.96 ",17.70, 812.09 ,9.62,,12.50,10.51%,1.00,13.45,11.66%,-2.43%,14.09%,,,,
1943.01,10.09,0.59,1.04,16.90,1943.04,2.47,173.35,10.14," 7,994.13 ",17.92, 826.61 ,10.15,,13.21,10.12%,1.00,13.47,11.11%,-2.40%,13.51%,,,,
1943.02,10.69,0.59,1.06,16.90,1943.12,2.47,183.66,10.14," 8,508.46 ",18.15, 841.03 ,10.71,,13.95,9.77%,1.00,13.50,10.37%,-2.33%,12.71%,,,,
1943.03,11.07,0.59,1.07,17.20,1943.21,2.47,186.87,9.96," 8,695.68 ",18.06, 840.50 ,10.85,,14.15,9.91%,1.00,13.29,10.20%,-2.17%,12.37%,,,,
1943.04,11.44,0.59,1.08,17.40,1943.29,2.47,190.89,9.85," 8,921.21 ",18.02, 842.21 ,11.04,,14.40,9.87%,1.00,13.17,9.41%,-2.10%,11.52%,,,,
1943.05,11.89,0.59,1.09,17.50,1943.37,2.47,197.27,9.79," 9,257.27 ",18.08, 848.65 ,11.36,,14.83,9.67%,1.00,13.12,9.08%,-2.27%,11.34%,,,,
1943.06,12.10,0.59,1.10,17.50,1943.46,2.47,200.75,9.79," 9,459.05 ",18.25, 859.91 ,11.52,,15.03,9.47%,1.00,13.14,8.46%,-2.35%,10.81%,,,,
1943.07,12.35,0.59,1.09,17.40,1943.54,2.48,206.08,9.90," 9,748.85 ",18.24, 863.05 ,11.77,,15.37,8.90%,1.00,13.24,8.34%,-2.25%,10.59%,,,,
1943.08,11.74,0.60,1.09,17.30,1943.62,2.48,197.03,10.01," 9,360.37 ",18.24, 866.41 ,11.21,,14.65,9.19%,1.00,13.35,8.84%,-2.35%,11.19%,,,,
1943.09,11.99,0.60,1.08,17.40,1943.71,2.48,200.07,10.01," 9,544.39 ",18.02, 859.71 ,11.34,,14.82,9.15%,1.00,13.30,8.17%,-2.22%,10.39%,,,,
1943.1,11.88,0.60,1.03,17.40,1943.79,2.48,198.24,10.07," 9,496.85 ",17.24, 826.04 ,11.19,,14.63,9.26%,1.00,13.32,8.56%,-2.08%,10.64%,,,,
1943.11,11.33,0.61,0.99,17.40,1943.87,2.48,189.06,10.12," 9,097.60 ",16.46, 792.26 ,10.63,,13.92,9.73%,1.00,13.35,9.36%,-2.06%,11.42%,,,,
1943.12,11.48,0.61,0.94,17.40,1943.96,2.48,191.56,10.18," 9,258.86 ",15.69, 758.13 ,10.74,,14.07,9.64%,1.00,13.38,9.37%,-1.98%,11.35%,,,,
1944.01,11.85,0.61,0.94,17.40,1944.04,2.48,197.73,10.23," 9,598.49 ",15.63, 758.70 ,11.05,,14.49,9.37%,1.00,13.40,9.30%,-1.88%,11.18%,,,,
1944.02,11.77,0.62,0.93,17.40,1944.12,2.47,196.40,10.29," 9,575.32 ",15.57, 759.30 ,10.95,,14.37,9.39%,1.00,13.44,9.61%,-1.88%,11.50%,,,,
1944.03,12.10,0.62,0.93,17.40,1944.21,2.46,201.91,10.35," 9,885.82 ",15.52, 759.82 ,11.22,,14.75,9.17%,1.00,13.48,9.54%,-1.80%,11.35%,,,,
1944.04,11.89,0.62,0.93,17.50,1944.29,2.45,197.27,10.34," 9,700.93 ",15.37, 756.06 ,10.94,,14.39,9.47%,1.00,13.44,10.27%,-1.65%,11.92%,,,,
1944.05,12.10,0.63,0.92,17.50,1944.37,2.44,200.75,10.40," 9,914.88 ",15.32, 756.59 ,11.10,,14.62,9.35%,1.00,13.48,10.47%,-1.77%,12.23%,,,,
1944.06,12.67,0.63,0.92,17.60,1944.46,2.43,209.02,10.39," 10,365.73 ",15.18, 752.68 ,11.53,,15.20,9.00%,1.00,13.44,10.11%,-1.73%,11.84%,,,,
1944.07,13.00,0.63,0.91,17.70,1944.54,2.43,213.25,10.39," 10,618.56 ",14.98, 746.02 ,11.74,,15.48,8.92%,1.00,13.40,10.33%,-1.61%,11.94%,,,,
1944.08,12.81,0.64,0.91,17.70,1944.62,2.42,210.13,10.44," 10,506.70 ",14.87, 743.64 ,11.54,,15.23,9.07%,1.00,13.44,10.70%,-1.67%,12.38%,,,,
1944.09,12.60,0.64,0.90,17.70,1944.71,2.41,206.69,10.50," 10,378.20 ",14.76, 741.30 ,11.33,,14.97,9.09%,1.00,13.48,11.18%,-1.66%,12.84%,,,,
1944.1,12.91,0.64,0.91,17.70,1944.79,2.40,211.77,10.50," 10,677.47 ",14.93, 752.63 ,11.58,,15.32,8.98%,1.00,13.52,11.16%,-1.71%,12.88%,,,,
1944.11,12.82,0.64,0.92,17.70,1944.87,2.39,210.30,10.50," 10,647.14 ",15.09, 764.07 ,11.48,,15.19,9.07%,1.00,13.56,11.67%,-1.76%,13.43%,,,,
1944.12,13.10,0.64,0.93,17.80,1944.96,2.38,213.68,10.44," 10,862.61 ",15.17, 771.16 ,11.64,,15.41,9.09%,1.00,13.52,12.02%,-1.70%,13.73%,,,,
1945.01,13.49,0.64,0.94,17.80,1945.04,2.37,220.04,10.49," 11,230.45 ",15.33, 782.55 ,11.96,,15.85,8.72%,1.00,13.55,11.89%,-1.80%,13.69%,,,,
1945.02,13.94,0.65,0.95,17.80,1945.12,2.36,227.38,10.55," 11,649.94 ",15.50, 793.93 ,12.34,,16.36,8.40%,1.00,13.60,11.89%,-1.84%,13.73%,,,,
1945.03,13.93,0.65,0.96,17.80,1945.21,2.34,227.22,10.60," 11,686.85 ",15.66, 805.41 ,12.32,,16.34,8.43%,1.00,13.64,11.81%,-1.88%,13.68%,,,,
1945.04,14.28,0.65,0.97,17.80,1945.29,2.33,232.93,10.60," 12,025.94 ",15.88, 819.69 ,12.63,,16.75,8.17%,1.00,13.69,11.90%,-1.95%,13.85%,,,,
1945.05,14.82,0.65,0.99,17.90,1945.37,2.31,240.39,10.54," 12,456.34 ",16.00, 829.30 ,13.04,,17.28,8.00%,1.00,13.66,11.50%,-1.91%,13.41%,,,,
1945.06,15.09,0.65,1.00,18.10,1945.46,2.30,242.06,10.43," 12,588.15 ",16.04, 834.20 ,13.13,,17.39,8.15%,1.00,13.55,12.05%,-1.83%,13.88%,,,,
1945.07,14.78,0.65,1.00,18.10,1945.54,2.28,237.09,10.48," 12,374.97 ",15.99, 834.49 ,12.87,,17.04,8.32%,1.00,13.59,13.03%,-1.98%,15.01%,,,,
1945.08,14.83,0.66,0.99,18.10,1945.62,2.27,237.89,10.53," 12,462.65 ",15.93, 834.76 ,12.92,,17.09,8.30%,1.00,13.64,12.92%,-2.04%,14.96%,,,,
1945.09,15.84,0.66,0.99,18.10,1945.71,2.25,254.09,10.59," 13,357.64 ",15.88, 834.85 ,13.80,,18.25,7.82%,1.00,13.68,12.62%,-2.09%,14.71%,,,,
1945.1,16.50,0.66,0.98,18.10,1945.79,2.24,264.68,10.59," 13,960.59 ",15.72, 829.17 ,14.37,,19.00,7.55%,1.00,13.73,11.59%,-2.02%,13.60%,,,,
1945.11,17.04,0.66,0.97,18.10,1945.87,2.22,273.34,10.59," 14,464.01 ",15.56, 823.36 ,14.85,,19.61,7.26%,1.00,13.77,11.95%,-2.03%,13.99%,,,,
1945.12,17.33,0.66,0.96,18.20,1945.96,2.21,276.47,10.53," 14,675.78 ",15.31, 812.97 ,15.02,,19.82,7.26%,1.00,13.74,11.97%,-2.01%,13.98%,,,,
1946.01,18.02,0.67,0.94,18.20,1946.04,2.19,287.47,10.64," 15,307.15 ",15.00, 798.49 ,15.62,,20.60,7.02%,1.00,13.78,11.23%,-1.97%,13.20%,,,,
1946.02,18.07,0.67,0.92,18.10,1946.12,2.20,289.86,10.80," 15,482.35 ",14.76, 788.25 ,15.76,,20.77,6.90%,1.00,13.88,11.21%,-1.96%,13.17%,,,,
1946.03,17.53,0.68,0.90,18.30,1946.21,2.20,278.13,10.79," 14,903.55 ",14.28, 765.16 ,15.13,,19.93,7.34%,1.00,13.74,12.42%,-1.94%,14.36%,,,,
1946.04,18.66,0.68,0.88,18.40,1946.29,2.21,294.45,10.73," 15,825.94 ",13.89, 746.35 ,16.04,,21.10,7.02%,1.00,13.69,11.87%,-2.10%,13.97%,,,,
1946.05,18.70,0.68,0.86,18.50,1946.37,2.21,293.48,10.67," 15,821.94 ",13.50, 727.64 ,16.01,,21.05,7.08%,1.00,13.63,11.51%,-1.98%,13.49%,,,,
1946.06,18.58,0.68,0.84,18.70,1946.46,2.22,288.48,10.56," 15,599.71 ",13.04, 705.26 ,15.77,,20.71,7.21%,1.00,13.51,11.55%,-1.88%,13.43%,,,,
1946.07,18.05,0.68,0.86,19.80,1946.54,2.22,264.68,10.02," 14,357.95 ",12.56, 681.44 ,14.51,,19.04,8.27%,1.00,12.77,13.03%,-1.47%,14.50%,,,,
1946.08,17.70,0.69,0.87,20.20,1946.62,2.23,254.41,9.87," 13,845.35 ",12.55, 683.14 ,13.98,,18.34,8.66%,1.00,12.54,13.45%,-1.41%,14.86%,,,,
1946.09,15.09,0.69,0.89,20.40,1946.71,2.23,214.77,9.82," 11,732.56 ",12.67, 691.98 ,11.84,,15.53,10.05%,1.00,12.43,14.94%,-1.38%,16.32%,,,,
1946.1,14.75,0.70,0.95,20.80,1946.79,2.24,205.89,9.72," 11,291.94 ",13.21, 724.73 ,11.39,,14.93,10.58%,1.00,12.21,15.23%,-1.17%,16.40%,,,,
1946.11,14.69,0.70,1.00,21.30,1946.87,2.24,200.24,9.59," 11,025.83 ",13.68, 753.07 ,11.11,,14.57,11.05%,1.00,11.94,15.42%,-1.05%,16.47%,,,,
1946.12,15.13,0.71,1.06,21.50,1946.96,2.25,204.32,9.59," 11,294.44 ",14.31, 791.28 ,11.37,,14.90,10.93%,1.00,11.85,15.31%,-1.06%,16.37%,,,,
1947.01,15.21,0.71,1.13,21.50,1947.04,2.25,205.40,9.63," 11,398.53 ",15.26, 846.83 ,11.47,,15.02,10.78%,1.00,11.86,14.99%,-0.94%,15.92%,,,,
1947.02,15.80,0.72,1.20,21.50,1947.12,2.27,213.37,9.68," 11,885.44 ",16.21, 902.69 ,11.95,,15.64,10.41%,1.00,11.87,14.00%,-0.85%,14.85%,,,,
1947.03,15.16,0.72,1.27,21.90,1947.21,2.28,200.99,9.55," 11,240.02 ",16.84, 941.61 ,11.29,,14.76,11.01%,1.00,11.66,14.78%,-0.74%,15.52%,,,,
1947.04,14.60,0.73,1.33,21.90,1947.29,2.30,193.56,9.72," 10,870.13 ",17.59, 987.75 ,10.90,,14.24,11.23%,1.00,11.66,15.42%,-0.81%,16.23%,,,,
1947.05,14.34,0.75,1.38,21.90,1947.37,2.31,190.12,9.90," 10,722.88 ",18.34," 1,034.40 ",10.73,,14.01,11.28%,1.00,11.67,16.01%,-0.92%,16.93%,,,,
1947.06,14.84,0.76,1.44,22.00,1947.46,2.33,195.85,10.03," 11,093.47 ",19.00," 1,076.45 ",11.08,,14.45,11.02%,1.00,11.62,15.80%,-1.05%,16.85%,,,,
1947.07,15.77,0.77,1.48,22.20,1947.54,2.35,206.25,10.07," 11,730.01 ",19.31," 1,098.37 ",11.70,,15.23,10.56%,1.00,11.52,15.34%,-1.11%,16.45%,,,,
1947.08,15.46,0.78,1.51,22.50,1947.62,2.36,199.50,10.07," 11,393.80 ",19.53," 1,115.30 ",11.34,,14.74,10.95%,1.00,11.38,15.06%,-0.95%,16.01%,,,,
1947.09,15.06,0.79,1.55,23.00,1947.71,2.38,190.11,9.97," 10,905.19 ",19.57," 1,122.38 ",10.83,,14.06,11.51%,1.00,11.14,15.13%,-0.70%,15.82%,,,,
1947.1,15.45,0.81,1.57,23.00,1947.79,2.39,195.04,10.18," 11,236.27 ",19.82," 1,141.81 ",11.13,,14.44,11.24%,1.00,11.14,14.09%,-0.71%,14.80%,,,,
1947.11,15.27,0.82,1.59,23.10,1947.87,2.41,191.93,10.35," 11,106.97 ",19.98," 1,156.52 ",10.98,,14.21,11.47%,1.00,11.10,13.97%,-0.47%,14.45%,,,,
1947.12,15.03,0.84,1.61,23.40,1947.96,2.42,186.49,10.42," 10,842.50 ",19.98," 1,161.44 ",10.68,,13.82,11.91%,1.00,10.97,14.28%,0.10%,14.18%,,,,
1948.01,14.83,0.84,1.64,23.70,1948.04,2.44,181.68,10.33," 10,612.86 ",20.13," 1,176.02 ",10.42,,13.47,12.41%,1.00,10.83,14.71%,0.28%,14.43%,,,,
1948.02,14.10,0.85,1.68,23.50,1948.12,2.43,174.21,10.46," 10,227.25 ",20.72," 1,216.15 ",10.00,,12.92,12.81%,1.00,10.96,15.22%,0.23%,14.99%,,,,
1948.03,14.30,0.85,1.71,23.40,1948.21,2.42,177.43,10.55," 10,468.24 ",21.22," 1,251.80 ",10.19,,13.16,12.59%,1.00,11.04,15.14%,0.17%,14.97%,,,,
1948.04,15.40,0.85,1.76,23.80,1948.29,2.41,187.87,10.37," 11,135.00 ",21.47," 1,272.57 ",10.78,,13.91,12.17%,1.00,10.88,14.50%,0.38%,14.11%,,,,
1948.05,16.15,0.85,1.81,23.90,1948.37,2.40,196.20,10.33," 11,679.43 ",21.99," 1,308.96 ",11.24,,14.50,11.92%,1.00,10.87,14.35%,0.39%,13.96%,,,,
1948.06,16.82,0.85,1.86,24.10,1948.46,2.39,202.64,10.24," 12,113.82 ",22.41," 1,339.58 ",11.58,,14.93,11.75%,1.00,10.81,14.24%,0.42%,13.82%,,,,
1948.07,16.42,0.86,1.93,24.40,1948.54,2.38,195.39,10.19," 11,731.12 ",22.97," 1,378.87 ",11.13,,14.34,12.24%,1.00,10.71,14.92%,0.31%,14.61%,,,,
1948.08,15.94,0.86,2.00,24.50,1948.62,2.36,188.90,10.23," 11,392.90 ",23.70," 1,429.47 ",10.72,,13.80,12.64%,1.00,10.70,15.75%,0.09%,15.66%,,,,
1948.09,15.76,0.87,2.07,24.50,1948.71,2.35,186.77,10.31," 11,316.06 ",24.53," 1,486.31 ",10.55,,13.58,12.80%,1.00,10.73,16.17%,-0.09%,16.25%,,,,
1948.1,16.19,0.89,2.14,24.40,1948.79,2.34,192.65,10.59," 11,725.93 ",25.50," 1,552.35 ",10.83,,13.93,12.61%,1.00,10.81,16.25%,-0.16%,16.41%,,,,
1948.11,15.29,0.91,2.22,24.20,1948.87,2.33,183.45,10.92," 11,220.98 ",26.60," 1,626.76 ",10.25,,13.19,13.05%,1.00,10.93,17.10%,-0.23%,17.33%,,,,
1948.12,15.19,0.93,2.29,24.10,1948.96,2.32,183.00,11.20," 11,250.96 ",27.59," 1,696.16 ",10.16,,13.07,13.10%,1.00,11.00,17.36%,-0.33%,17.69%,,,,
1949.01,15.36,0.95,2.32,24.00,1949.04,2.31,185.82,11.45," 11,482.96 ",28.07," 1,734.41 ",10.25,,13.19,12.99%,1.00,11.08,17.57%,-0.53%,18.10%,,,,
1949.02,14.77,0.96,2.35,23.80,1949.12,2.31,180.18,11.75," 11,195.19 ",28.67," 1,781.23 ",9.87,,12.71,13.34%,1.00,11.20,17.76%,-0.52%,18.28%,,,,
1949.03,14.91,0.98,2.38,23.80,1949.21,2.31,181.89,11.96," 11,363.21 ",29.03," 1,813.84 ",9.90,,12.74,13.31%,1.00,11.22,17.91%,-0.53%,18.44%,,,,
1949.04,14.89,0.99,2.39,23.90,1949.29,2.31,180.89,12.07," 11,363.30 ",28.99," 1,821.39 ",9.78,,12.59,13.55%,1.00,11.19,18.10%,-0.61%,18.71%,,,,
1949.05,14.78,1.01,2.39,23.80,1949.37,2.31,180.31,12.28," 11,391.04 ",29.20," 1,844.55 ",9.69,,12.48,13.61%,1.00,11.26,18.28%,-0.79%,19.07%,,,,
1949.06,13.97,1.02,2.40,23.90,1949.46,2.31,169.71,12.39," 10,786.95 ",29.16," 1,853.16 ",9.07,,11.68,14.36%,1.00,11.23,18.81%,-0.79%,19.60%,,,,
1949.07,14.76,1.03,2.40,23.70,1949.54,2.32,180.82,12.58," 11,559.75 ",29.36," 1,877.03 ",9.61,,12.38,13.65%,1.00,11.35,18.44%,-0.94%,19.38%,,,,
1949.08,15.29,1.03,2.39,23.80,1949.62,2.32,186.53,12.61," 11,991.68 ",29.20," 1,877.05 ",9.85,,12.69,13.44%,1.00,11.32,17.97%,-0.90%,18.87%,,,,
1949.09,15.49,1.04,2.39,23.90,1949.71,2.32,188.18,12.63," 12,165.39 ",29.03," 1,877.04 ",9.88,,12.74,13.22%,1.00,11.29,17.32%,-1.07%,18.39%,,,,
1949.1,15.89,1.07,2.37,23.70,1949.79,2.32,194.67,13.15," 12,655.69 ",28.99," 1,884.95 ",10.17,,13.10,12.92%,1.00,11.41,16.83%,-1.05%,17.88%,,,,
1949.11,16.11,1.11,2.34,23.80,1949.87,2.32,196.53,13.50," 12,850.14 ",28.59," 1,869.16 ",10.22,,13.17,12.92%,1.00,11.38,16.73%,-0.99%,17.72%,,,,
1949.12,16.54,1.14,2.32,23.60,1949.96,2.32,203.49,14.03," 13,381.36 ",28.54," 1,876.95 ",10.53,,13.57,12.54%,1.00,11.50,16.66%,-1.18%,17.84%,,,,
1950.01,16.88,1.15,2.34,23.50,1950.04,2.32,208.55,14.21," 13,792.40 ",28.87," 1,909.26 ",10.75,,13.85,12.38%,1.00,11.57,16.17%,-1.19%,17.36%,,,,
1950.02,17.21,1.16,2.35,23.50,1950.12,2.34,212.63,14.33," 14,141.02 ",29.08," 1,933.67 ",10.91,,14.06,12.14%,1.00,11.57,15.42%,-1.01%,16.43%,,,,
1950.03,17.35,1.17,2.37,23.60,1950.21,2.36,213.45,14.39," 14,275.43 ",29.16," 1,950.01 ",10.91,,14.06,12.16%,1.00,11.53,15.19%,-0.74%,15.93%,,,,
1950.04,17.84,1.18,2.43,23.60,1950.29,2.38,219.48,14.52," 14,759.50 ",29.85," 2,007.65 ",11.18,,14.39,11.92%,1.00,11.53,14.94%,-0.76%,15.71%,,,,
1950.05,18.44,1.19,2.48,23.70,1950.37,2.40,225.91,14.58," 15,273.22 ",30.42," 2,056.86 ",11.46,,14.75,11.73%,1.00,11.48,14.48%,-0.74%,15.22%,,,,
1950.06,18.74,1.20,2.54,23.80,1950.46,2.42,228.62,14.64," 15,538.96 ",30.99," 2,106.14 ",11.55,,14.86,11.61%,1.00,11.43,14.69%,-0.54%,15.23%,,,,
1950.07,17.38,1.24,2.60,24.10,1950.54,2.45,209.39,14.98," 14,316.72 ",31.32," 2,141.74 ",10.54,,13.55,12.62%,1.00,11.29,15.38%,-0.18%,15.56%,,,,
1950.08,18.43,1.29,2.66,24.30,1950.62,2.47,220.21,15.37," 15,144.30 ",31.78," 2,185.78 ",11.04,,14.19,12.26%,1.00,11.20,14.90%,0.01%,14.89%,,,,
1950.09,19.08,1.33,2.72,24.40,1950.71,2.49,227.04,15.83," 15,704.86 ",32.37," 2,238.85 ",11.34,,14.56,12.05%,1.00,11.16,14.17%,0.08%,14.09%,,,,
1950.1,19.87,1.38,2.76,24.60,1950.79,2.51,234.52,16.25," 16,315.81 ",32.58," 2,266.31 ",11.66,,14.97,11.87%,1.00,11.07,13.47%,0.05%,13.41%,,,,
1950.11,19.83,1.42,2.80,24.70,1950.87,2.53,233.10,16.73," 16,314.04 ",32.91," 2,303.55 ",11.54,,14.81,11.98%,1.00,11.03,13.86%,0.09%,13.77%,,,,
1950.12,19.75,1.47,2.84,25.00,1950.96,2.55,229.37,17.07," 16,152.82 ",32.98," 2,322.73 ",11.31,,14.51,12.19%,1.00,10.90,14.28%,0.31%,13.97%,,,,
1951.01,21.21,1.49,2.84,25.40,1951.04,2.57,242.45,16.99," 17,173.45 ",32.43," 2,296.81 ",11.90,,15.26,11.90%,1.00,10.73,14.18%,0.50%,13.68%,,,,
1951.02,22.00,1.50,2.83,25.70,1951.12,2.58,248.54,16.98," 17,705.42 ",32.01," 2,280.24 ",12.14,,15.57,11.84%,1.00,10.62,14.32%,0.69%,13.63%,,,,
1951.03,21.63,1.52,2.83,25.80,1951.21,2.59,243.42,17.11," 17,441.72 ",31.85," 2,282.02 ",11.84,,15.18,12.01%,1.00,10.59,14.88%,0.78%,14.10%,,,,
1951.04,21.92,1.53,2.79,25.80,1951.29,2.60,246.68,17.26," 17,778.60 ",31.44," 2,265.58 ",11.95,,15.31,11.85%,1.00,10.61,14.99%,0.76%,14.23%,,,,
1951.05,21.93,1.55,2.76,25.90,1951.37,2.61,245.84,17.34," 17,822.17 ",30.90," 2,240.30 ",11.86,,15.20,11.87%,1.00,10.58,15.10%,0.88%,14.23%,,,,
1951.06,21.55,1.56,2.72,25.90,1951.46,2.62,241.58,17.49," 17,619.00 ",30.49," 2,223.84 ",11.62,,14.88,11.82%,1.00,10.60,15.11%,0.75%,14.36%,,,,
1951.07,21.93,1.55,2.65,25.90,1951.54,2.63,245.84,17.34," 18,035.06 ",29.71," 2,179.34 ",11.78,,15.09,11.69%,1.00,10.61,14.76%,0.67%,14.09%,,,,
1951.08,22.89,1.53,2.58,25.90,1951.62,2.63,256.60,17.19," 18,929.64 ",28.92," 2,133.62 ",12.26,,15.70,11.21%,1.00,10.63,14.68%,0.63%,14.05%,,,,
1951.09,23.48,1.52,2.51,26.10,1951.71,2.64,261.20,16.91," 19,372.72 ",27.92," 2,070.93 ",12.44,,15.94,11.02%,1.00,10.56,14.31%,0.74%,13.57%,,,,
1951.1,23.36,1.48,2.49,26.20,1951.79,2.65,258.87,16.44," 19,301.74 ",27.56," 2,054.67 ",12.31,,15.76,11.00%,1.00,10.53,14.51%,0.85%,13.66%,,,,
1951.11,22.71,1.45,2.46,26.40,1951.87,2.66,249.76,15.91," 18,721.36 ",27.09," 2,030.69 ",11.85,,15.17,11.31%,1.00,10.47,15.40%,0.92%,14.47%,,,,
1951.12,23.41,1.41,2.44,26.50,1951.96,2.67,256.49,15.45," 19,322.09 ",26.73," 2,013.92 ",12.15,,15.54,11.07%,1.00,10.44,15.16%,0.88%,14.28%,,,,
1952.01,24.19,1.41,2.43,26.50,1952.04,2.68,265.04,15.49," 20,063.10 ",26.59," 2,012.67 ",12.53,,16.02,10.68%,1.00,10.46,14.33%,0.89%,13.44%,,,,
1952.02,23.75,1.42,2.41,26.30,1952.12,2.69,262.19,15.64," 19,946.62 ",26.64," 2,026.85 ",12.36,,15.81,10.62%,1.00,10.55,14.57%,0.83%,13.74%,,,,
1952.03,23.81,1.42,2.40,26.30,1952.21,2.71,262.86,15.68," 20,096.40 ",26.50," 2,025.68 ",12.36,,15.81,10.48%,1.00,10.56,14.52%,0.94%,13.58%,,,,
1952.04,23.74,1.43,2.38,26.40,1952.29,2.72,261.09,15.73," 20,061.61 ",26.18," 2,011.23 ",12.24,,15.66,10.52%,1.00,10.53,14.16%,1.04%,13.12%,,,,
1952.05,23.73,1.44,2.36,26.40,1952.37,2.73,260.98,15.84," 20,154.57 ",25.96," 2,004.42 ",12.20,,15.61,10.41%,1.00,10.55,13.26%,1.04%,12.22%,,,,
1952.06,24.38,1.45,2.34,26.50,1952.46,2.74,267.12,15.89," 20,730.74 ",25.64," 1,989.74 ",12.45,,15.93,10.27%,1.00,10.52,11.59%,1.07%,10.52%,,,,
1952.07,25.08,1.45,2.35,26.70,1952.54,2.76,272.73,15.77," 21,268.19 ",25.52," 1,990.01 ",12.67,,16.21,10.13%,1.00,10.45,11.56%,1.05%,10.52%,,,,
1952.08,25.18,1.45,2.35,26.70,1952.62,2.77,273.82,15.77," 21,455.46 ",25.59," 2,005.23 ",12.68,,16.23,10.05%,1.00,10.47,11.80%,1.09%,10.70%,,,,
1952.09,24.78,1.45,2.36,26.70,1952.71,2.78,269.47,15.77," 21,217.59 ",25.66," 2,020.72 ",12.43,,15.92,10.19%,1.00,10.48,11.82%,1.08%,10.74%,,,,
1952.1,24.26,1.44,2.37,26.70,1952.79,2.79,263.81,15.62," 20,874.85 ",25.81," 2,042.16 ",12.13,,15.54,10.26%,1.00,10.49,11.68%,1.14%,10.53%,,,,
1952.11,25.03,1.42,2.39,26.70,1952.87,2.81,272.18,15.48," 21,639.47 ",25.95," 2,063.37 ",12.47,,15.99,9.95%,1.00,10.50,12.05%,1.17%,10.88%,,,,
1952.12,26.04,1.41,2.40,26.70,1952.96,2.82,283.17,15.33," 22,614.24 ",26.10," 2,084.26 ",12.93,,16.58,9.59%,1.00,10.52,12.07%,1.24%,10.82%,,,,
1953.01,26.18,1.41,2.41,26.60,1953.04,2.83,285.76,15.39," 22,923.72 ",26.31," 2,110.24 ",13.01,,16.67,9.50%,1.00,10.57,12.37%,1.25%,11.12%,,,,
1953.02,25.86,1.41,2.42,26.50,1953.12,2.80,283.33,15.45," 22,832.24 ",26.51," 2,136.66 ",12.86,,16.48,9.58%,1.00,10.66,12.59%,1.12%,11.47%,,,,
1953.03,25.99,1.41,2.43,26.60,1953.21,2.77,283.69,15.39," 22,964.11 ",26.52," 2,147.09 ",12.83,,16.45,9.48%,1.00,10.67,12.48%,1.10%,11.38%,,,,
1953.04,24.71,1.41,2.46,26.60,1953.29,2.83,269.72,15.43," 21,937.20 ",26.82," 2,181.00 ",12.16,,15.59,9.73%,0.98,10.65,13.54%,1.13%,12.42%,,,,
1953.05,24.84,1.42,2.48,26.70,1953.37,3.05,270.12,15.41," 22,074.43 ",27.00," 2,206.85 ",12.14,,15.56,9.50%,1.00,10.43,13.73%,1.40%,12.33%,,,,
1953.06,23.95,1.42,2.51,26.80,1953.46,3.11,259.47,15.38," 21,308.87 ",27.19," 2,233.21 ",11.62,,14.90,9.85%,1.02,10.37,14.12%,1.41%,12.71%,,,,
1953.07,24.29,1.42,2.52,26.80,1953.54,2.93,263.15,15.38," 21,716.66 ",27.34," 2,256.00 ",11.75,,15.07,9.99%,1.00,10.55,13.73%,1.21%,12.52%,,,,
1953.08,24.39,1.42,2.54,26.90,1953.62,2.95,263.25,15.33," 21,830.41 ",27.38," 2,270.46 ",11.72,,15.03,10.10%,1.01,10.52,14.01%,1.29%,12.72%,,,,
1953.09,23.27,1.42,2.55,26.90,1953.71,2.87,251.16,15.33," 20,933.86 ",27.52," 2,294.00 ",11.14,,14.29,10.56%,1.02,10.62,14.81%,1.16%,13.65%,,,,
1953.1,23.97,1.43,2.54,27.00,1953.79,2.66,257.76,15.38," 21,590.53 ",27.28," 2,284.86 ",11.39,,14.62,10.61%,1.00,10.80,14.48%,0.97%,13.51%,,,,
1953.11,24.50,1.44,2.52,26.90,1953.87,2.68,264.44,15.54," 22,258.44 ",27.24," 2,292.46 ",11.64,,14.95,10.36%,1.01,10.84,14.10%,0.95%,13.14%,,,,
1953.12,24.83,1.45,2.51,26.90,1953.96,2.59,268.00,15.65," 22,668.03 ",27.09," 2,291.45 ",11.75,,15.10,10.37%,1.01,10.95,14.12%,0.85%,13.27%,,,,
1954.01,25.46,1.46,2.52,26.90,1954.04,2.48,274.80,15.72," 23,353.99 ",27.24," 2,314.60 ",12.00,,15.43,10.30%,1.00,11.08,14.15%,0.73%,13.43%,,,,
1954.02,26.02,1.46,2.54,26.90,1954.12,2.47,280.85,15.79," 23,979.53 ",27.38," 2,337.75 ",12.22,,15.71,10.17%,1.01,11.12,14.02%,0.75%,13.27%,,,,
1954.03,26.57,1.47,2.55,26.90,1954.21,2.37,286.78,15.87," 24,599.29 ",27.52," 2,360.87 ",12.42,,15.97,10.13%,1.01,11.24,13.96%,0.62%,13.34%,,,,
1954.04,27.63,1.46,2.57,26.80,1954.29,2.29,299.34,15.85," 25,789.44 ",27.88," 2,401.91 ",12.91,,16.60,9.81%,0.99,11.38,13.62%,0.52%,13.10%,,,,
1954.05,28.73,1.46,2.60,26.90,1954.37,2.37,310.10,15.72," 26,829.36 ",28.03," 2,424.89 ",13.31,,17.12,9.54%,1.00,11.28,13.31%,0.67%,12.64%,,,,
1954.06,28.96,1.45,2.62,26.90,1954.46,2.38,312.58,15.65," 27,156.98 ",28.28," 2,456.88 ",13.36,,17.18,9.44%,1.01,11.29,13.09%,0.68%,12.41%,,,,
1954.07,30.13,1.46,2.62,26.90,1954.54,2.30,325.21,15.72," 28,367.97 ",28.31," 2,469.92 ",13.83,,17.78,9.20%,1.00,11.39,13.00%,0.58%,12.42%,,,,
1954.08,30.73,1.46,2.63,26.90,1954.62,2.36,331.68,15.79," 29,047.69 ",28.35," 2,482.87 ",14.04,,18.05,9.04%,1.00,11.36,12.63%,0.68%,11.95%,,,,
1954.09,31.45,1.47,2.63,26.80,1954.71,2.38,340.72,15.93," 29,955.43 ",28.49," 2,505.02 ",14.36,,18.45,8.82%,1.00,11.40,12.47%,0.64%,11.83%,,,,
1954.1,32.18,1.49,2.68,26.80,1954.79,2.43,348.63,16.18," 30,769.27 ",29.00," 2,559.33 ",14.62,,18.78,8.65%,1.00,11.37,12.39%,0.70%,11.68%,,,,
1954.11,33.44,1.52,2.72,26.80,1954.87,2.48,362.28,16.43," 32,094.88 ",29.50," 2,613.78 ",15.12,,19.41,8.37%,1.00,11.35,11.98%,0.76%,11.22%,,,,
1954.12,34.97,1.54,2.77,26.70,1954.96,2.51,380.28,16.75," 33,812.67 ",30.12," 2,678.33 ",15.79,,20.26,7.96%,0.99,11.38,11.23%,0.74%,10.49%,,,,
1955.01,35.60,1.55,2.83,26.70,1955.04,2.61,387.13,16.82," 34,546.45 ",30.81," 2,749.48 ",15.99,,20.50,7.78%,1.00,11.31,11.30%,0.83%,10.47%,,,,
1955.02,36.79,1.55,2.90,26.70,1955.12,2.65,400.07,16.89," 35,826.84 ",31.50," 2,820.84 ",16.44,,21.06,7.57%,1.00,11.29,11.01%,0.87%,10.14%,,,,
1955.03,36.50,1.56,2.96,26.70,1955.21,2.68,396.91,16.96," 35,671.03 ",32.19," 2,892.77 ",16.22,,20.76,7.62%,1.00,11.29,11.06%,0.87%,10.18%,,,,
1955.04,37.76,1.56,3.05,26.70,1955.29,2.75,410.62,17.00," 37,029.73 ",33.13," 2,987.75 ",16.69,,21.33,7.38%,1.00,11.24,10.78%,0.92%,9.86%,,,,
1955.05,37.60,1.57,3.13,26.70,1955.37,2.76,408.88,17.04," 37,000.86 ",34.07," 3,083.40 ",16.52,,21.10,7.37%,1.00,11.26,10.98%,0.94%,10.04%,,,,
1955.06,39.78,1.57,3.22,26.70,1955.46,2.78,432.58,17.07," 39,274.87 ",35.02," 3,179.11 ",17.37,,22.16,6.94%,0.99,11.27,9.74%,0.90%,8.84%,,,,
1955.07,42.69,1.59,3.29,26.80,1955.54,2.90,462.49,17.19," 42,120.71 ",35.68," 3,249.41 ",18.45,,23.50,6.52%,1.00,11.13,8.99%,1.06%,7.92%,,,,
1955.08,42.43,1.60,3.37,26.80,1955.62,2.97,459.68,17.37," 41,996.00 ",36.47," 3,332.23 ",18.22,,23.17,6.52%,1.00,11.09,9.25%,1.10%,8.15%,,,,
1955.09,44.34,1.62,3.44,26.90,1955.71,2.97,478.58,17.49," 43,856.44 ",37.13," 3,402.48 ",18.84,,23.93,6.38%,1.01,11.08,9.16%,1.11%,8.05%,,,,
1955.1,42.11,1.63,3.50,26.90,1955.79,2.88,454.51,17.56," 41,784.84 ",37.78," 3,472.97 ",17.77,,22.53,6.79%,1.00,11.19,9.93%,0.96%,8.96%,,,,
1955.11,44.95,1.63,3.56,26.90,1955.87,2.89,485.17,17.63," 44,737.97 ",38.42," 3,543.21 ",18.84,,23.84,6.46%,1.00,11.21,9.30%,0.90%,8.39%,,,,
1955.12,45.37,1.64,3.62,26.80,1955.96,2.96,491.53,17.77," 45,461.01 ",39.22," 3,627.26 ",18.94,,23.94,6.26%,1.01,11.21,9.07%,0.77%,8.29%,,,,
1956.01,44.15,1.67,3.64,26.80,1956.04,2.90,478.31,18.09," 44,378.01 ",39.47," 3,662.15 ",18.29,,23.08,6.51%,1.01,11.30,9.54%,0.74%,8.80%,,,,
1956.02,44.43,1.70,3.67,26.80,1956.12,2.84,481.34,18.42," 44,801.85 ",39.72," 3,697.36 ",18.27,,23.02,6.64%,0.99,11.38,9.32%,0.47%,8.86%,,,,
1956.03,47.49,1.73,3.69,26.80,1956.21,2.96,514.50,18.74," 48,032.84 ",39.98," 3,732.18 ",19.37,,24.37,6.09%,0.98,11.29,8.10%,0.52%,7.58%,,,,
1956.04,48.05,1.75,3.66,26.90,1956.29,3.18,518.63,18.92," 48,565.80 ",39.50," 3,699.29 ",19.37,,24.34,5.85%,1.01,11.07,8.27%,0.80%,7.47%,,,,
1956.05,46.54,1.78,3.63,27.00,1956.37,3.07,500.47,19.11," 47,014.46 ",39.04," 3,667.01 ",18.54,,23.27,6.18%,1.01,11.16,8.07%,0.73%,7.34%,,,,
1956.06,46.27,1.80,3.60,27.20,1956.46,3.00,493.91,19.21," 46,548.44 ",38.43," 3,621.66 ",18.16,,22.77,6.33%,0.99,11.17,8.08%,0.71%,7.38%,,,,
1956.07,48.78,1.81,3.55,27.40,1956.54,3.11,516.90,19.22," 48,866.25 ",37.65," 3,559.61 ",18.86,,23.62,5.50%,0.98,11.02,7.53%,0.69%,6.83%,,,,
1956.08,48.49,1.83,3.51,27.30,1956.62,3.33,515.71,19.43," 48,906.72 ",37.29," 3,536.81 ",18.67,,23.37,5.08%,1.00,10.88,6.81%,0.64%,6.17%,,,,
1956.09,46.84,1.84,3.46,27.40,1956.71,3.38,496.34,19.50," 47,224.21 ",36.66," 3,488.38 ",17.84,,22.31,5.22%,1.01,10.82,6.84%,0.77%,6.07%,,,,
1956.1,46.24,1.81,3.44,27.50,1956.79,3.34,488.20,19.07," 46,601.00 ",36.35," 3,470.21 ",17.42,,21.78,5.23%,0.99,10.85,6.86%,0.86%,6.00%,,,,
1956.11,45.76,1.77,3.43,27.50,1956.87,3.49,483.13,18.72," 46,266.19 ",36.18," 3,464.58 ",17.12,,21.39,4.94%,0.99,10.75,7.49%,0.88%,6.61%,,,,
1956.12,46.44,1.74,3.41,27.60,1956.96,3.59,488.54,18.30," 46,929.66 ",35.87," 3,445.95 ",17.20,,21.47,4.75%,1.01,10.65,7.41%,1.27%,6.15%,,,,
1957.01,45.43,1.74,3.41,27.60,1957.04,3.46,477.91,18.27," 46,055.26 ",35.84," 3,453.56 ",16.72,,20.86,5.05%,1.01,10.80,8.05%,1.37%,6.68%,,,,
1957.02,43.47,1.73,3.40,27.70,1957.12,3.34,455.64,18.17," 44,055.09 ",35.67," 3,449.14 ",15.84,,19.76,5.54%,1.00,10.90,8.93%,1.28%,7.65%,,,,
1957.03,44.03,1.73,3.40,27.80,1957.21,3.41,459.85,18.07," 44,607.70 ",35.51," 3,444.61 ",15.90,,19.82,5.29%,1.00,10.82,9.04%,1.43%,7.62%,,,,
1957.04,45.05,1.73,3.41,27.90,1957.29,3.48,468.82,18.00," 45,623.03 ",35.45," 3,450.00 ",16.12,,20.09,5.17%,0.99,10.75,8.98%,1.46%,7.52%,,,,
1957.05,46.78,1.73,3.41,28.00,1957.37,3.60,485.08,17.94," 47,351.32 ",35.39," 3,455.02 ",16.60,,20.66,4.91%,0.99,10.64,8.76%,1.37%,7.40%,,,,
1957.06,47.55,1.73,3.42,28.10,1957.46,3.80,491.31,17.88," 48,104.85 ",35.34," 3,459.91 ",16.73,,20.81,4.65%,0.99,10.46,8.45%,1.42%,7.03%,,,,
1957.07,48.51,1.74,3.44,28.30,1957.54,3.93,497.69,17.85," 48,874.88 ",35.26," 3,462.52 ",16.87,,20.96,4.46%,1.00,10.31,8.46%,1.47%,6.99%,,,,
1957.08,45.84,1.75,3.45,28.30,1957.62,3.93,470.30,17.95," 46,331.72 ",35.43," 3,490.37 ",15.87,,19.70,4.69%,1.00,10.34,9.21%,1.35%,7.86%,,,,
1957.09,43.98,1.76,3.47,28.30,1957.71,3.92,451.21,18.06," 44,600.01 ",35.60," 3,518.92 ",15.16,,18.81,4.77%,1.00,10.38,9.77%,1.31%,8.46%,,,,
1957.1,41.24,1.77,3.44,28.30,1957.79,3.97,423.10,18.16," 41,970.96 ",35.26," 3,497.58 ",14.15,,17.55,5.19%,1.02,10.37,10.42%,1.19%,9.23%,,,,
1957.11,40.35,1.78,3.40,28.40,1957.87,3.72,412.51,18.20," 41,071.02 ",34.79," 3,464.14 ",13.74,,17.04,5.65%,1.05,10.59,10.30%,0.80%,9.51%,,,,
1957.12,40.33,1.79,3.37,28.40,1957.96,3.21,412.31,18.30," 41,202.50 ",34.45," 3,442.91 ",13.67,,16.95,6.06%,1.01,11.08,10.58%,0.40%,10.18%,,,,
1958.01,41.12,1.78,3.29,28.60,1958.04,3.09,417.45,18.10," 41,866.58 ",33.43," 3,353.12 ",13.79,,17.09,6.06%,1.01,11.14,10.33%,0.46%,9.87%,,,,
1958.02,41.26,1.78,3.22,28.60,1958.12,3.05,418.87,18.04," 42,159.87 ",32.66," 3,286.82 ",13.78,,17.09,6.19%,1.01,11.21,9.74%,0.39%,9.35%,,,,
1958.03,42.11,1.77,3.14,28.80,1958.21,2.98,424.53,17.84," 42,879.27 ",31.66," 3,197.36 ",13.93,,17.26,6.30%,1.01,11.22,9.35%,0.26%,9.10%,,,,
1958.04,42.34,1.76,3.07,28.90,1958.29,2.88,425.37,17.65," 43,112.83 ",30.84," 3,126.04 ",13.91,,17.24,6.27%,1.00,11.31,10.07%,0.28%,9.80%,,,,
1958.05,43.70,1.74,3.00,28.90,1958.37,2.92,439.03,17.51," 44,645.59 ",30.14," 3,064.91 ",14.32,,17.74,5.98%,1.00,11.30,9.94%,0.13%,9.80%,,,,
1958.06,44.75,1.73,2.93,28.90,1958.46,2.97,449.58,17.38," 45,865.59 ",29.44," 3,003.04 ",14.64,,18.12,5.70%,0.98,11.28,9.89%,0.25%,9.64%,,,,
1958.07,45.98,1.73,2.91,29.00,1958.54,3.20,460.35,17.32," 47,111.00 ",29.17," 2,984.99 ",14.96,,18.51,5.23%,0.97,11.05,9.54%,0.62%,8.93%,,,,
1958.08,47.70,1.73,2.90,28.90,1958.62,3.54,479.22,17.38," 49,190.65 ",29.10," 2,987.19 ",15.54,,19.23,4.56%,0.98,10.80,8.83%,0.92%,7.90%,,,,
1958.09,48.96,1.73,2.88,28.90,1958.71,3.76,491.88,17.38," 50,638.70 ",28.93," 2,978.75 ",15.93,,19.70,4.18%,1.00,10.64,8.85%,1.06%,7.79%,,,,
1958.1,50.95,1.74,2.88,28.90,1958.79,3.80,511.87,17.45," 52,846.61 ",28.97," 2,990.66 ",16.56,,20.46,3.95%,1.01,10.63,8.62%,0.96%,7.66%,,,,
1958.11,52.50,1.74,2.89,29.00,1958.87,3.74,525.62,17.45," 54,416.70 ",28.90," 2,992.06 ",16.99,,20.97,3.97%,0.99,10.68,8.46%,0.84%,7.62%,,,,
1958.12,53.49,1.75,2.89,28.90,1958.96,3.86,537.39,17.58," 55,786.37 ",29.03," 3,014.07 ",17.36,,21.40,3.73%,0.99,10.65,8.30%,0.64%,7.66%,,,,
1959.01,55.62,1.76,2.96,29.00,1959.04,4.02,556.86,17.59," 57,959.93 ",29.67," 3,088.00 ",17.98,,22.14,3.45%,1.01,10.51,7.42%,0.79%,6.63%,,,,
1959.02,54.77,1.76,3.04,28.90,1959.12,3.96,550.25,17.72," 57,425.32 ",30.51," 3,183.89 ",17.76,,21.84,3.63%,1.00,10.63,7.44%,0.56%,6.88%,,,,
1959.03,56.16,1.77,3.11,28.90,1959.21,3.99,564.21,17.78," 59,037.36 ",31.24," 3,269.34 ",18.20,,22.36,3.46%,0.99,10.64,6.84%,0.44%,6.41%,,,,
1959.04,57.10,1.78,3.21,29.00,1959.29,4.12,571.68,17.79," 59,973.64 ",32.10," 3,368.05 ",18.43,,22.61,3.26%,0.99,10.53,6.86%,0.64%,6.22%,,,,
1959.05,57.96,1.78,3.30,29.00,1959.37,4.31,580.29,17.85," 61,033.01 ",33.07," 3,478.47 ",18.69,,22.89,3.04%,1.00,10.40,7.01%,0.67%,6.34%,,,,
1959.06,57.46,1.79,3.40,29.10,1959.46,4.34,573.31,17.86," 60,455.11 ",33.92," 3,577.23 ",18.45,,22.56,3.07%,1.00,10.38,6.51%,0.51%,6.00%,,,,
1959.07,59.74,1.80,3.41,29.20,1959.54,4.40,594.01,17.86," 62,795.69 ",33.91," 3,584.42 ",19.09,,23.31,2.95%,1.00,10.33,5.59%,0.45%,5.15%,,,,
1959.08,59.40,1.80,3.42,29.20,1959.62,4.43,590.63,17.93," 62,596.26 ",34.01," 3,604.03 ",18.96,,23.11,2.91%,0.98,10.34,5.54%,0.46%,5.08%,,,,
1959.09,57.05,1.81,3.43,29.30,1959.71,4.68,565.33,17.94," 60,073.03 ",33.99," 3,611.75 ",18.12,,22.07,2.90%,1.02,10.14,6.01%,0.34%,5.67%,,,,
1959.1,57.00,1.82,3.42,29.40,1959.79,4.53,562.91,17.94," 59,975.10 ",33.74," 3,595.00 ",18.02,,21.91,3.20%,1.00,10.27,6.11%,0.27%,5.84%,,,,
1959.11,57.23,1.82,3.40,29.40,1959.87,4.53,565.19,18.01," 60,376.98 ",33.61," 3,590.47 ",18.07,,21.95,3.14%,0.99,10.31,6.09%,0.21%,5.88%,,,,
1959.12,59.06,1.83,3.39,29.40,1959.96,4.69,583.26,18.07," 62,468.49 ",33.48," 3,585.64 ",18.62,,22.59,2.90%,1.00,10.21,5.13%,-0.06%,5.18%,,,,
1960.01,58.03,1.87,3.39,29.30,1960.04,4.72,575.04,18.50," 61,753.63 ",33.59," 3,607.53 ",18.34,,22.22,2.96%,1.02,10.26,5.16%,-0.16%,5.32%,,,,
1960.02,55.78,1.90,3.39,29.40,1960.12,4.49,550.87,18.80," 59,325.56 ",33.48," 3,605.48 ",17.55,,21.23,3.47%,1.02,10.46,5.19%,0.04%,5.15%,,,,
1960.03,55.02,1.94,3.39,29.40,1960.21,4.25,543.36,19.16," 58,689.20 ",33.48," 3,616.07 ",17.29,,20.90,3.76%,1.00,10.70,5.45%,-0.06%,5.52%,,,,
1960.04,55.73,1.94,3.35,29.50,1960.29,4.28,548.51,19.13," 59,417.19 ",32.94," 3,568.09 ",17.43,,21.06,3.71%,1.00,10.68,4.95%,-0.28%,5.23%,,,,
1960.05,55.22,1.95,3.30,29.50,1960.37,4.35,543.49,19.16," 59,046.41 ",32.51," 3,532.23 ",17.26,,20.83,3.66%,1.02,10.65,3.75%,-0.59%,4.33%,,,,
1960.06,57.26,1.95,3.26,29.60,1960.46,4.15,561.66,19.13," 61,194.09 ",31.98," 3,483.98 ",17.82,,21.49,3.67%,1.02,10.83,3.30%,-0.69%,3.98%,,,,
1960.07,55.84,1.95,3.26,29.60,1960.54,3.90,547.73,19.13," 59,850.19 ",32.01," 3,497.69 ",17.38,,20.94,3.93%,1.01,11.09,3.53%,-0.65%,4.18%,,,,
1960.08,56.51,1.95,3.27,29.60,1960.62,3.80,554.30,19.13," 60,742.48 ",32.04," 3,511.34 ",17.58,,21.17,3.88%,1.00,11.22,3.71%,-0.75%,4.46%,,,,
1960.09,54.81,1.95,3.27,29.60,1960.71,3.80,537.63,19.13," 59,089.82 ",32.08," 3,525.34 ",17.05,,20.51,4.02%,1.00,11.25,4.58%,-0.67%,5.25%,,,,
1960.1,53.73,1.95,3.27,29.80,1960.79,3.89,523.50,19.00," 57,710.74 ",31.86," 3,512.27 ",16.61,,19.96,4.07%,1.00,11.13,5.03%,-0.51%,5.54%,,,,
1960.11,55.47,1.95,3.27,29.80,1960.87,3.93,540.45,19.00," 59,754.19 ",31.86," 3,522.56 ",17.15,,20.59,3.80%,1.01,11.13,4.63%,-0.16%,4.79%,,,,
1960.12,56.80,1.95,3.27,29.80,1960.96,3.84,553.41,19.00," 61,361.97 ",31.86," 3,532.63 ",17.56,,21.07,3.63%,1.00,11.25,5.03%,0.06%,4.96%,,,,
1961.01,59.72,1.95,3.21,29.80,1961.04,3.84,581.86,18.97," 64,691.74 ",31.28," 3,477.24 ",18.47,,22.14,3.18%,1.01,11.28,4.89%,0.19%,4.70%,,,,
1961.02,62.17,1.94,3.15,29.80,1961.12,3.78,605.73,18.93," 67,521.13 ",30.69," 3,421.13 ",19.23,,23.03,2.91%,1.01,11.37,4.85%,0.24%,4.61%,,,,
1961.03,64.12,1.94,3.09,29.80,1961.21,3.74,624.73,18.90," 69,814.55 ",30.11," 3,364.43 ",19.84,,23.73,2.75%,1.00,11.45,4.76%,0.50%,4.26%,,,,
1961.04,65.83,1.94,3.07,29.80,1961.29,3.78,641.39,18.90," 71,852.45 ",29.91," 3,350.86 ",20.38,,24.35,2.58%,1.01,11.45,4.81%,0.43%,4.39%,,,,
1961.05,66.50,1.94,3.05,29.80,1961.37,3.71,647.92,18.90," 72,760.20 ",29.72," 3,337.12 ",20.60,,24.58,2.56%,0.99,11.55,4.51%,-0.08%,4.59%,,,,
1961.06,65.62,1.94,3.03,29.80,1961.46,3.88,639.34,18.90," 71,974.24 ",29.52," 3,323.41 ",20.33,,24.24,2.45%,1.00,11.42,4.38%,-0.09%,4.47%,,,,
1961.07,65.44,1.95,3.04,30.00,1961.54,3.92,633.34,18.84," 71,475.04 ",29.39," 3,316.72 ",20.15,,24.00,2.52%,0.99,11.35,4.38%,-0.14%,4.52%,,,,
1961.08,67.79,1.95,3.04,29.90,1961.62,4.04,658.28,18.97," 74,467.78 ",29.55," 3,343.12 ",20.94,,24.93,2.18%,1.01,11.31,3.77%,0.03%,3.74%,,,,
1961.09,67.26,1.96,3.05,30.00,1961.71,3.98,650.95,18.97," 73,818.11 ",29.52," 3,347.39 ",20.71,,24.63,2.25%,1.01,11.37,4.11%,0.35%,3.76%,,,,
1961.1,68.00,1.98,3.10,30.00,1961.79,3.92,658.12,19.16," 74,811.35 ",29.97," 3,406.85 ",20.92,,24.87,2.22%,1.00,11.46,3.75%,0.45%,3.30%,,,,
1961.11,71.08,2.00,3.14,30.00,1961.87,3.94,687.92,19.36," 78,383.23 ",30.42," 3,466.30 ",21.86,,25.96,1.92%,0.99,11.48,2.81%,0.58%,2.23%,,,,
1961.12,71.74,2.02,3.19,30.00,1961.96,4.06,694.31,19.55," 79,296.67 ",30.87," 3,526.02 ",22.04,,26.16,1.73%,1.00,11.40,3.35%,0.55%,2.80%,,,,
1962.01,69.07,2.03,3.25,30.00,1962.04,4.08,668.47,19.61," 76,532.11 ",31.45," 3,601.12 ",21.20,,25.14,1.89%,1.01,11.42,4.17%,0.57%,3.60%,,,,
1962.02,70.22,2.03,3.31,30.10,1962.12,4.04,677.34,19.61," 77,734.98 ",31.93," 3,664.24 ",21.45,,25.43,1.98%,1.01,11.46,4.17%,0.44%,3.73%,,,,
1962.03,70.29,2.04,3.37,30.10,1962.21,3.93,678.02,19.68," 78,000.67 ",32.51," 3,739.68 ",21.44,,25.40,2.09%,1.01,11.60,4.38%,0.35%,4.03%,,,,
1962.04,68.05,2.05,3.40,30.20,1962.29,3.84,654.24,19.68," 75,453.54 ",32.72," 3,773.60 ",20.66,,24.46,2.35%,1.00,11.69,4.83%,0.21%,4.62%,,,,
1962.05,62.99,2.05,3.44,30.20,1962.37,3.87,605.59,19.74," 70,032.76 ",33.04," 3,820.92 ",19.09,,22.59,2.72%,1.00,11.70,5.51%,0.28%,5.23%,,,,
1962.06,55.63,2.06,3.47,30.20,1962.46,3.91,534.83,19.80," 62,040.71 ",33.36," 3,869.88 ",16.83,,19.92,3.35%,1.00,11.70,6.83%,0.32%,6.51%,,,,
1962.07,56.97,2.07,3.49,30.30,1962.54,4.01,545.91,19.80," 63,516.88 ",33.44," 3,891.06 ",17.14,,20.29,3.10%,1.01,11.60,6.47%,0.41%,6.07%,,,,
1962.08,58.52,2.07,3.51,30.30,1962.62,3.98,560.76,19.87," 65,437.64 ",33.63," 3,924.92 ",17.57,,20.80,2.98%,1.00,11.67,6.52%,0.30%,6.22%,,,,
1962.09,58.00,2.08,3.53,30.40,1962.71,3.98,553.95,19.87," 64,836.01 ",33.71," 3,946.05 ",17.32,,20.50,3.10%,1.01,11.67,6.47%,0.08%,6.39%,,,,
1962.1,56.17,2.10,3.58,30.40,1962.79,3.93,536.47,20.02," 62,985.64 ",34.16," 4,010.66 ",16.74,,19.82,3.35%,1.00,11.75,6.77%,0.06%,6.71%,,,,
1962.11,60.04,2.11,3.62,30.40,1962.87,3.92,573.43,20.18," 67,522.70 ",34.61," 4,074.90 ",17.85,,21.13,2.99%,1.01,11.80,6.55%,0.20%,6.35%,,,,
1962.12,62.64,2.13,3.67,30.40,1962.96,3.86,598.26,20.34," 70,646.36 ",35.05," 4,139.08 ",18.59,,22.00,2.83%,1.01,11.90,6.29%,0.09%,6.20%,,,,
1963.01,65.06,2.14,3.68,30.40,1963.04,3.83,621.38,20.41," 73,576.49 ",35.18," 4,165.49 ",19.26,,22.79,2.71%,1.00,11.97,5.94%,-0.01%,5.95%,,,,
1963.02,65.92,2.14,3.70,30.40,1963.12,3.92,629.59,20.47," 74,751.05 ",35.31," 4,191.90 ",19.47,,23.03,2.60%,1.00,11.92,5.34%,-0.12%,5.46%,,,,
1963.03,65.67,2.15,3.71,30.50,1963.21,3.93,625.15,20.47," 74,425.91 ",35.32," 4,204.66 ",19.29,,22.81,2.63%,1.00,11.91,5.14%,-0.20%,5.34%,,,,
1963.04,68.76,2.17,3.75,30.50,1963.29,3.97,654.56,20.63," 78,132.53 ",35.73," 4,264.94 ",20.15,,23.82,2.37%,1.01,11.91,4.39%,-0.18%,4.57%,,,,
1963.05,70.14,2.18,3.80,30.50,1963.37,3.93,667.70,20.78," 79,907.38 ",36.14," 4,325.38 ",20.51,,24.23,2.29%,1.00,11.98,3.81%,-0.39%,4.20%,,,,
1963.06,70.11,2.20,3.84,30.60,1963.46,3.99,665.23,20.87," 79,820.36 ",36.44," 4,371.85 ",20.38,,24.08,2.25%,1.00,11.93,3.55%,-0.39%,3.93%,,,,
1963.07,69.07,2.20,3.88,30.70,1963.54,4.02,653.23,20.84," 78,588.54 ",36.70," 4,414.70 ",19.97,,23.58,2.36%,1.00,11.90,3.81%,-0.49%,4.30%,,,,
1963.08,70.98,2.21,3.92,30.70,1963.62,4.00,671.29,20.87," 80,970.99 ",37.07," 4,471.77 ",20.47,,24.16,2.21%,1.00,11.96,3.14%,-0.85%,3.99%,,,,
1963.09,72.85,2.21,3.96,30.70,1963.71,4.08,688.98,20.90," 83,314.29 ",37.45," 4,528.82 ",20.96,,24.73,2.02%,1.00,11.92,3.03%,-0.56%,3.59%,,,,
1963.1,73.03,2.23,3.98,30.80,1963.79,4.11,688.44,21.05," 83,461.13 ",37.52," 4,548.48 ",20.89,,24.63,2.00%,1.00,11.89,3.35%,-0.36%,3.71%,,,,
1963.11,72.62,2.26,4.00,30.80,1963.87,4.12,684.57,21.27," 83,207.49 ",37.71," 4,583.17 ",20.72,,24.42,2.07%,1.00,11.92,2.58%,-0.35%,2.93%,,,,
1963.12,74.17,2.28,4.02,30.90,1963.96,4.13,696.92,21.42," 84,925.43 ",37.77," 4,602.94 ",21.04,,24.79,2.02%,1.00,11.92,1.59%,-0.36%,1.95%,,,,
1964.01,76.45,2.30,4.07,30.90,1964.04,4.17,718.35,21.58," 87,755.20 ",38.27," 4,675.68 ",21.63,,25.47,1.85%,1.01,11.92,1.34%,-0.57%,1.91%,,,,
1964.02,77.39,2.31,4.13,30.90,1964.12,4.15,727.18,21.74," 89,055.49 ",38.78," 4,748.71 ",21.83,,25.70,1.83%,1.00,11.98,0.81%,-0.67%,1.48%,,,,
1964.03,78.80,2.33,4.18,30.90,1964.21,4.22,740.43,21.89," 90,901.46 ",39.28," 4,821.93 ",22.17,,26.08,1.69%,1.00,11.95,0.93%,-0.89%,1.82%,,,,
1964.04,79.94,2.35,4.23,30.90,1964.29,4.23,751.14,22.05," 92,442.12 ",39.75," 4,891.55 ",22.42,,26.37,1.66%,1.01,11.98,0.22%,-1.11%,1.33%,,,,
1964.05,80.72,2.36,4.28,30.90,1964.37,4.20,758.47,22.21," 93,571.85 ",40.22," 4,961.44 ",22.57,,26.54,1.63%,1.01,12.06,-0.30%,-1.28%,0.98%,,,,
1964.06,80.24,2.38,4.33,31.00,1964.46,4.17,751.53,22.29," 92,944.55 ",40.55," 5,015.58 ",22.30,,26.20,1.74%,1.00,12.09,-0.27%,-1.29%,1.02%,,,,
1964.07,83.22,2.40,4.38,31.10,1964.54,4.19,776.93,22.41," 96,317.35 ",40.86," 5,065.48 ",22.98,,26.99,1.62%,1.00,12.07,-1.89%,-1.48%,-0.41%,,,,
1964.08,82.00,2.42,4.42,31.00,1964.62,4.19,768.01,22.67," 95,445.64 ",41.43," 5,148.63 ",22.65,,26.58,1.65%,1.00,12.15,-2.30%,-1.76%,-0.54%,,,,
1964.09,83.41,2.44,4.47,31.10,1964.71,4.20,778.70,22.78," 97,010.58 ",41.73," 5,198.86 ",22.89,,26.85,1.67%,1.00,12.15,-3.60%,-1.81%,-1.79%,,,,
1964.1,84.85,2.46,4.50,31.10,1964.79,4.19,792.15,22.97," 98,923.81 ",41.98," 5,242.52 ",23.21,,27.21,1.62%,1.01,12.20,-3.65%,-1.79%,-1.87%,,,,
1964.11,85.44,2.48,4.52,31.20,1964.87,4.15,795.10,23.08," 99,532.58 ",42.09," 5,269.41 ",23.23,,27.21,1.69%,1.00,12.24,-3.43%,-1.68%,-1.75%,,,,
1964.12,83.96,2.50,4.55,31.20,1964.96,4.18,781.33,23.26," 98,051.16 ",42.34," 5,313.63 ",22.75,,26.65,1.78%,1.00,12.25,-3.97%,-1.54%,-2.43%,,,,
1965.01,86.12,2.52,4.59,31.20,1965.04,4.19,801.43,23.42," 100,818.60 ",42.75," 5,377.30 ",23.27,,27.24,1.68%,1.00,12.29,-3.48%,-1.59%,-1.89%,,,,
1965.02,86.75,2.53,4.64,31.20,1965.12,4.21,807.29,23.57," 101,803.26 ",43.15," 5,441.25 ",23.37,,27.34,1.64%,1.00,12.31,-2.65%,-1.55%,-1.10%,,,,
1965.03,86.83,2.55,4.68,31.30,1965.21,4.21,805.45,23.65," 101,820.17 ",43.41," 5,487.95 ",23.25,,27.19,1.69%,1.00,12.31,-2.21%,-1.76%,-0.46%,,,,
1965.04,87.97,2.57,4.73,31.40,1965.29,4.20,813.43,23.76," 103,078.80 ",43.77," 5,546.28 ",23.42,,27.37,1.70%,1.00,12.33,-2.23%,-2.08%,-0.15%,,,,
1965.05,89.28,2.59,4.79,31.40,1965.37,4.21,825.54,23.95," 104,866.69 ",44.26," 5,622.34 ",23.71,,27.68,1.64%,1.00,12.36,-1.81%,-1.98%,0.17%,,,,
1965.06,85.04,2.61,4.84,31.60,1965.46,4.21,781.36,23.98," 99,508.12 ",44.47," 5,663.44 ",22.39,,26.12,1.96%,1.00,12.33,-1.09%,-1.83%,0.74%,,,,
1965.07,84.91,2.63,4.89,31.60,1965.54,4.20,780.16,24.13," 99,612.14 ",44.90," 5,732.80 ",22.30,,26.01,1.95%,1.00,12.38,-1.17%,-2.05%,0.88%,,,,
1965.08,86.49,2.64,4.93,31.60,1965.62,4.25,794.68,24.29," 101,724.13 ",45.33," 5,802.27 ",22.67,,26.42,1.82%,1.00,12.37,-2.11%,-2.22%,0.12%,,,,
1965.09,89.38,2.66,4.98,31.60,1965.71,4.29,821.24,24.44," 105,383.88 ",45.76," 5,871.69 ",23.37,,27.22,1.61%,1.00,12.38,-2.59%,-2.23%,-0.36%,,,,
1965.1,91.39,2.68,5.05,31.70,1965.79,4.35,837.05,24.55," 107,676.35 ",46.25," 5,949.95 ",23.78,,27.67,1.51%,1.00,12.32,-2.38%,-1.98%,-0.40%,,,,
1965.11,92.15,2.70,5.12,31.70,1965.87,4.45,844.02,24.73," 108,836.89 ",46.89," 6,047.15 ",23.93,,27.82,1.39%,0.99,12.27,-2.36%,-1.88%,-0.47%,,,,
1965.12,91.73,2.72,5.19,31.80,1965.96,4.62,837.53,24.83," 108,267.01 ",47.39," 6,125.65 ",23.69,,27.53,1.33%,1.00,12.11,-2.46%,-1.69%,-0.76%,,,,
1966.01,93.32,2.74,5.24,31.80,1966.04,4.61,852.04,25.02," 110,413.15 ",47.84," 6,199.80 ",24.06,,27.92,1.27%,0.99,12.17,-1.77%,-1.52%,-0.26%,,,,
1966.02,92.69,2.76,5.29,32.00,1966.12,4.83,841.00,25.04," 109,252.76 ",48.00," 6,235.27 ",23.70,,27.48,1.18%,1.00,11.93,-1.30%,-1.33%,0.03%,,,,
1966.03,88.88,2.78,5.34,32.10,1966.21,4.87,803.92,25.15," 104,707.80 ",48.30," 6,290.95 ",22.61,,26.20,1.37%,1.01,11.90,-0.82%,-1.22%,0.40%,,,,
1966.04,91.60,2.80,5.38,32.30,1966.29,4.75,823.39,25.14," 107,516.85 ",48.36," 6,314.85 ",23.11,,26.76,1.42%,1.00,11.99,-1.01%,-1.15%,0.14%,,,,
1966.05,86.78,2.81,5.42,32.30,1966.37,4.78,780.07,25.29," 102,134.49 ",48.72," 6,378.99 ",21.85,,25.28,1.60%,1.00,12.01,-0.61%,-1.40%,0.79%,,,,
1966.06,86.06,2.83,5.46,32.40,1966.46,4.81,771.21,25.36," 101,251.18 ",48.93," 6,423.79 ",21.56,,24.93,1.59%,0.99,11.99,-0.49%,-1.35%,0.86%,,,,
1966.07,85.84,2.85,5.48,32.50,1966.54,5.02,766.87,25.46," 100,960.17 ",48.93," 6,441.35 ",21.38,,24.71,1.38%,0.99,11.80,-0.25%,-1.16%,0.92%,,,,
1966.08,80.65,2.87,5.49,32.70,1966.62,5.22,716.10,25.48," 94,555.40 ",48.78," 6,440.47 ",19.91,,23.01,1.62%,1.01,11.60,0.30%,-0.94%,1.24%,,,,
1966.09,77.81,2.89,5.51,32.70,1966.71,5.18,690.88,25.66," 91,508.09 ",48.92," 6,480.01 ",19.16,,22.14,1.82%,1.02,11.68,0.84%,-0.86%,1.69%,,,,
1966.1,77.13,2.88,5.52,32.90,1966.79,5.01,680.68,25.45," 90,437.82 ",48.74," 6,476.31 ",18.83,,21.75,2.11%,0.99,11.82,0.59%,-0.84%,1.42%,,,,
1966.11,80.99,2.88,5.54,32.90,1966.87,5.16,714.74,25.39," 95,244.90 ",48.86," 6,511.17 ",19.71,,22.77,1.72%,1.03,11.73,0.01%,-0.63%,0.65%,,,,
1966.12,81.33,2.87,5.55,32.90,1966.96,4.84,717.74,25.33," 95,926.00 ",48.98," 6,546.04 ",19.74,,22.79,2.00%,1.02,12.08,0.28%,-0.60%,0.88%,,,,
1967.01,84.45,2.88,5.52,32.90,1967.04,4.58,745.28,25.42," 99,889.01 ",48.69," 6,525.22 ",20.43,,23.59,2.09%,1.00,12.37,-0.23%,-1.08%,0.85%,,,,
1967.02,87.36,2.89,5.48,32.90,1967.12,4.63,770.96,25.50," 103,615.87 ",48.39," 6,503.66 ",21.07,,24.32,1.85%,1.01,12.37,-0.93%,-1.24%,0.31%,,,,
1967.03,89.42,2.90,5.45,33.00,1967.21,4.54,786.75,25.52," 106,023.57 ",47.95," 6,461.96 ",21.44,,24.74,1.85%,1.00,12.47,-1.23%,-1.38%,0.14%,,,,
1967.04,90.96,2.90,5.41,33.10,1967.29,4.59,797.88,25.44," 107,809.36 ",47.46," 6,412.14 ",21.69,,25.01,1.75%,0.98,12.43,-1.60%,-1.31%,-0.29%,,,,
1967.05,92.59,2.90,5.37,33.20,1967.37,4.85,809.73,25.36," 109,696.33 ",46.96," 6,362.13 ",21.95,,25.30,1.42%,0.99,12.19,-1.81%,-1.16%,-0.65%,,,,
1967.06,91.43,2.90,5.33,33.30,1967.46,5.02,797.18,25.29," 108,282.18 ",46.47," 6,312.41 ",21.55,,24.84,1.33%,0.99,12.04,-1.66%,-0.92%,-0.74%,,,,
1967.07,93.01,2.91,5.32,33.40,1967.54,5.16,808.53,25.27," 110,109.61 ",46.25," 6,298.07 ",21.80,,25.12,1.10%,1.00,11.92,-1.75%,-0.85%,-0.90%,,,,
1967.08,94.49,2.91,5.31,33.50,1967.62,5.28,818.95,25.25," 111,814.34 ",46.02," 6,283.57 ",22.03,,25.37,0.96%,1.00,11.83,-2.14%,-0.79%,-1.35%,,,,
1967.09,95.81,2.92,5.30,33.60,1967.71,5.30,827.92,25.23," 113,326.02 ",45.80," 6,268.95 ",22.22,,25.58,0.93%,0.99,11.83,-2.41%,-0.72%,-1.70%,,,,
1967.1,95.66,2.92,5.31,33.70,1967.79,5.48,824.17,25.16," 113,099.81 ",45.75," 6,278.07 ",22.07,,25.40,0.81%,0.98,11.68,-2.64%,-0.69%,-1.95%,,,,
1967.11,92.66,2.92,5.32,33.80,1967.87,5.75,795.96,25.08," 109,515.60 ",45.70," 6,287.75 ",21.26,,24.46,0.71%,1.01,11.46,-2.28%,-0.53%,-1.75%,,,,
1967.12,95.30,2.92,5.33,33.90,1967.96,5.70,816.22,25.01," 112,590.33 ",45.65," 6,297.02 ",21.75,,25.02,0.68%,1.02,11.53,-2.59%,-0.63%,-1.96%,,,,
1968.01,95.04,2.93,5.37,34.10,1968.04,5.53,809.22,24.95," 111,911.38 ",45.69," 6,319.35 ",21.51,,24.74,0.89%,1.00,11.66,-2.93%,-0.93%,-2.00%,,,,
1968.02,90.75,2.94,5.40,34.20,1968.12,5.56,770.43,24.96," 106,835.02 ",45.87," 6,361.05 ",20.42,,23.49,1.14%,0.99,11.66,-2.63%,-0.97%,-1.66%,,,,
1968.03,89.09,2.95,5.44,34.30,1968.21,5.74,754.14,24.97," 104,863.58 ",46.05," 6,403.16 ",19.93,,22.92,1.04%,1.01,11.52,-2.50%,-0.87%,-1.63%,,,,
1968.04,95.67,2.96,5.48,34.40,1968.29,5.64,807.48,25.01," 112,571.05 ",46.28," 6,452.01 ",21.28,,24.47,0.82%,0.99,11.63,-2.81%,-1.05%,-1.76%,,,,
1968.05,97.87,2.98,5.53,34.50,1968.37,5.87,823.65,25.05," 115,116.94 ",46.51," 6,500.60 ",21.63,,24.87,0.54%,1.02,11.45,-2.60%,-1.05%,-1.54%,,,,
1968.06,100.50,2.99,5.57,34.70,1968.46,5.72,840.91,25.02," 117,820.46 ",46.61," 6,529.95 ",22.00,,25.30,0.67%,1.02,11.57,-2.86%,-1.27%,-1.59%,,,,
1968.07,100.30,3.00,5.60,34.90,1968.54,5.50,834.43,24.99," 117,203.88 ",46.59," 6,543.79 ",21.75,,25.01,0.97%,1.01,11.75,-2.89%,-1.54%,-1.35%,,,,
1968.08,98.11,3.02,5.63,35.00,1968.62,5.42,813.88,25.03," 114,610.15 ",46.70," 6,576.85 ",21.14,,24.30,1.24%,1.00,11.84,-2.03%,-1.45%,-0.58%,,,,
1968.09,101.30,3.03,5.66,35.10,1968.71,5.46,837.95,25.06," 118,293.63 ",46.82," 6,609.50 ",21.68,,24.92,1.12%,1.00,11.82,-2.37%,-1.44%,-0.93%,,,,
1968.1,103.80,3.04,5.69,35.30,1968.79,5.58,853.76,25.03," 120,820.74 ",46.83," 6,626.90 ",22.00,,25.29,0.99%,1.00,11.70,-2.94%,-1.51%,-1.43%,,,,
1968.11,105.40,3.06,5.73,35.40,1968.87,5.70,864.47,25.07," 122,632.19 ",46.97," 6,662.94 ",22.20,,25.51,0.82%,0.98,11.62,-3.66%,-1.52%,-2.15%,,,,
1968.12,106.50,3.07,5.76,35.50,1968.96,6.03,871.04,25.11," 123,859.81 ",47.11," 6,698.90 ",22.28,,25.60,0.54%,1.00,11.35,-3.62%,-1.39%,-2.23%,,,,
1969.01,102.00,3.08,5.78,35.60,1969.04,6.04,831.89,25.12," 118,590.74 ",47.14," 6,720.14 ",21.19,,24.36,0.75%,0.99,11.37,-2.89%,-1.48%,-1.41%,,,,
1969.02,101.50,3.09,5.80,35.80,1969.12,6.19,823.18,25.06," 117,647.85 ",47.04," 6,722.73 ",20.90,,24.02,0.76%,1.00,11.24,-3.03%,-1.40%,-1.62%,,,,
1969.03,99.30,3.10,5.82,36.10,1969.21,6.30,798.65,24.93," 114,438.30 ",46.81," 6,707.26 ",20.20,,23.22,0.90%,1.01,11.11,-2.63%,-1.33%,-1.30%,,,,
1969.04,101.30,3.11,5.83,36.30,1969.29,6.17,810.25,24.88," 116,397.02 ",46.60," 6,695.03 ",20.43,,23.48,1.00%,0.99,11.22,-2.67%,-1.50%,-1.17%,,,,
1969.05,104.60,3.12,5.83,36.40,1969.37,6.32,834.34,24.89," 120,156.57 ",46.53," 6,700.89 ",20.97,,24.11,0.75%,0.99,11.12,-3.29%,-1.51%,-1.78%,,,,
1969.06,99.14,3.13,5.84,36.60,1969.46,6.57,786.47,24.83," 113,560.20 ",46.33," 6,689.44 ",19.71,,22.66,0.82%,0.99,10.92,-2.62%,-1.14%,-1.47%,,,,
1969.07,94.71,3.14,5.86,36.80,1969.54,6.72,747.24,24.75," 108,194.03 ",46.21," 6,690.49 ",18.68,,21.48,0.97%,1.01,10.80,-2.11%,-1.10%,-1.02%,,,,
1969.08,94.18,3.14,5.87,37.00,1969.62,6.69,739.05,24.67," 107,304.63 ",46.09," 6,691.82 ",18.43,,21.19,1.13%,0.97,10.82,-1.64%,-1.19%,-0.45%,,,,
1969.09,94.51,3.15,5.89,37.10,1969.71,7.16,739.64,24.65," 107,688.65 ",46.10," 6,711.31 ",18.40,,21.16,0.66%,1.01,10.49,-1.63%,-1.11%,-0.52%,,,,
1969.1,95.52,3.15,5.85,37.30,1969.79,7.10,743.53,24.55," 108,553.71 ",45.56," 6,652.02 ",18.45,,21.22,0.73%,1.00,10.55,-2.13%,-1.77%,-0.36%,,,,
1969.11,96.21,3.16,5.82,37.50,1969.87,7.14,744.91,24.44," 109,052.08 ",45.04," 6,593.08 ",18.44,,21.22,0.75%,0.97,10.52,-2.29%,-1.96%,-0.33%,,,,
1969.12,91.11,3.16,5.78,37.70,1969.96,7.65,701.68,24.34," 103,020.38 ",44.51," 6,535.59 ",17.33,,19.95,0.64%,1.00,10.16,-1.41%,-1.48%,0.06%,,,,
1970.01,90.31,3.16,5.73,37.80,1970.04,7.79,693.68,24.30," 102,142.93 ",44.01," 6,480.78 ",17.09,,19.68,0.64%,1.05,10.10,-1.15%,-1.72%,0.57%,,,,
1970.02,87.16,3.17,5.68,38.00,1970.12,7.24,665.96,24.20," 98,358.25 ",43.40," 6,409.76 ",16.37,,18.87,1.47%,1.02,10.50,-0.49%,-3.08%,2.59%,,,,
1970.03,88.65,3.17,5.63,38.20,1970.21,7.07,673.80,24.09," 99,812.46 ",42.79," 6,338.91 ",16.53,,19.06,1.63%,0.98,10.63,-1.69%,-3.43%,1.75%,,,,
1970.04,85.95,3.17,5.59,38.50,1970.29,7.39,648.19,23.93," 96,313.84 ",42.18," 6,267.77 ",15.87,,18.31,1.61%,0.97,10.38,-1.56%,-2.50%,0.94%,,,,
1970.05,76.06,3.18,5.56,38.60,1970.37,7.91,572.12,23.89," 85,306.37 ",41.80," 6,232.18 ",13.98,,16.15,1.97%,1.01,10.04,0.03%,-1.43%,1.47%,,,,
1970.06,75.59,3.18,5.52,38.80,1970.46,7.84,565.65,23.80," 84,637.91 ",41.31," 6,180.73 ",13.80,,15.96,2.15%,1.03,10.11,0.67%,-1.28%,1.94%,,,,
1970.07,75.72,3.18,5.47,39.00,1970.54,7.46,563.72,23.70," 84,644.19 ",40.70," 6,110.96 ",13.73,,15.89,2.62%,1.00,10.39,1.16%,-1.76%,2.91%,,,,
1970.08,77.92,3.19,5.41,39.00,1970.62,7.53,580.09,23.72," 87,400.33 ",40.30," 6,071.96 ",14.10,,16.34,2.36%,1.02,10.40,1.11%,-2.26%,3.37%,,,,
1970.09,82.58,3.19,5.36,39.20,1970.71,7.39,611.65,23.63," 92,451.37 ",39.70," 6,000.72 ",14.84,,17.22,2.20%,1.01,10.51,0.74%,-2.60%,3.34%,,,,
1970.1,84.37,3.17,5.28,39.40,1970.79,7.33,621.74,23.38," 94,270.43 ",38.93," 5,903.30 ",15.06,,17.49,2.14%,1.04,10.57,0.78%,-2.78%,3.56%,,,,
1970.11,84.28,3.16,5.21,39.60,1970.87,6.84,617.94,23.14," 93,986.70 ",38.18," 5,806.33 ",14.95,,17.37,2.73%,1.04,10.95,1.18%,-3.63%,4.81%,,,,
1970.12,90.05,3.14,5.13,39.80,1970.96,6.39,656.92,22.91," 100,206.95 ",37.42," 5,708.62 ",15.87,,18.45,2.85%,1.02,11.32,0.32%,-4.02%,4.33%,,,,
1971.01,93.49,3.13,5.16,39.80,1971.04,6.24,682.02,22.83," 104,325.21 ",37.64," 5,758.03 ",16.46,,19.15,2.77%,1.01,11.50,-0.17%,-4.01%,3.84%,,,,
1971.02,97.11,3.12,5.19,39.90,1971.12,6.11,706.65,22.70," 108,382.57 ",37.77," 5,792.46 ",17.03,,19.82,2.72%,1.04,11.64,-0.96%,-4.45%,3.49%,,,,
1971.03,99.60,3.11,5.22,40.00,1971.21,5.70,722.96,22.57," 111,172.24 ",37.89," 5,826.50 ",17.40,,20.26,3.03%,0.99,12.03,-0.88%,-4.69%,3.82%,,,,
1971.04,103.00,3.11,5.25,40.10,1971.29,5.83,745.77,22.49," 114,968.82 ",38.04," 5,863.78 ",17.92,,20.88,2.76%,0.96,11.94,-1.15%,-4.87%,3.72%,,,,
1971.05,101.60,3.10,5.29,40.30,1971.37,6.39,731.99,22.36," 113,130.56 ",38.09," 5,886.65 ",17.56,,20.46,2.37%,1.00,11.46,-1.23%,-4.65%,3.42%,,,,
1971.06,99.72,3.10,5.32,40.60,1971.46,6.52,713.13,22.17," 110,502.25 ",38.05," 5,895.23 ",17.08,,19.91,2.47%,0.99,11.32,-1.00%,-4.19%,3.20%,,,,
1971.07,99.00,3.10,5.36,40.70,1971.54,6.73,706.24,22.09," 109,720.11 ",38.21," 5,936.71 ",16.89,,19.69,2.29%,1.02,11.19,-1.24%,-4.49%,3.25%,,,,
1971.08,97.24,3.09,5.39,40.80,1971.62,6.58,691.99,22.01," 107,790.38 ",38.38," 5,978.50 ",16.52,,19.27,2.63%,1.04,11.34,-1.06%,-4.91%,3.85%,,,,
1971.09,99.40,3.09,5.43,40.80,1971.71,6.14,707.36,21.99," 110,470.18 ",38.64," 6,034.74 ",16.86,,19.67,2.91%,1.02,11.77,-2.25%,-5.42%,3.17%,,,,
1971.1,97.29,3.08,5.52,40.90,1971.79,5.93,690.65,21.89," 108,145.68 ",39.19," 6,135.93 ",16.43,,19.18,3.30%,1.01,11.99,-1.89%,-5.41%,3.52%,,,,
1971.11,92.78,3.08,5.61,40.90,1971.87,5.81,658.64,21.84," 103,417.45 ",39.82," 6,253.20 ",15.64,,18.27,3.73%,1.00,12.16,-1.19%,-4.59%,3.40%,,,,
1971.12,99.17,3.07,5.70,41.10,1971.96,5.93,700.57,21.69," 110,285.95 ",40.27," 6,338.91 ",16.60,,19.41,3.29%,1.00,12.05,-1.74%,-4.60%,2.86%,,,,
1972.01,103.30,3.07,5.74,41.10,1972.04,5.95,729.75,21.69," 115,163.39 ",40.53," 6,395.49 ",17.26,,20.18,3.04%,1.00,12.09,-2.67%,-4.99%,2.32%,,,,
1972.02,105.20,3.07,5.77,41.30,1972.12,6.08,739.57,21.58," 116,997.48 ",40.59," 6,420.77 ",17.46,,20.42,2.86%,1.01,11.98,-3.04%,-4.74%,1.69%,,,,
1972.03,107.70,3.07,5.81,41.40,1972.21,6.07,755.32,21.53," 119,772.35 ",40.75," 6,461.26 ",17.81,,20.82,2.79%,1.00,12.02,-3.53%,-4.36%,0.83%,,,,
1972.04,108.80,3.07,5.86,41.50,1972.29,6.19,761.19,21.48," 120,987.92 ",41.02," 6,520.15 ",17.92,,20.95,2.62%,1.01,11.94,-3.15%,-4.24%,1.08%,,,,
1972.05,107.70,3.07,5.92,41.60,1972.37,6.13,751.69,21.43," 119,760.61 ",41.30," 6,579.24 ",17.66,,20.65,2.79%,1.01,12.03,-3.09%,-4.16%,1.07%,,,,
1972.06,108.00,3.07,5.97,41.70,1972.46,6.11,751.97,21.38," 120,090.01 ",41.57," 6,638.31 ",17.64,,20.63,2.84%,1.01,12.08,-3.76%,-4.55%,0.80%,,,,
1972.07,107.20,3.07,6.03,41.90,1972.54,6.11,742.84,21.30," 118,914.90 ",41.76," 6,685.27 ",17.40,,20.35,2.93%,1.00,12.08,-3.69%,-4.32%,0.63%,,,,
1972.08,111.00,3.08,6.08,42.00,1972.62,6.21,767.34,21.27," 123,120.73 ",42.05," 6,747.60 ",17.94,,20.98,2.68%,0.98,12.02,-3.97%,-3.72%,-0.24%,,,,
1972.09,109.40,3.08,6.14,42.10,1972.71,6.55,754.48,21.24," 121,341.80 ",42.34," 6,810.23 ",17.61,,20.60,2.44%,1.01,11.76,-2.74%,-3.04%,0.30%,,,,
1972.1,109.60,3.10,6.23,42.30,1972.79,6.48,752.29,21.30," 121,274.35 ",42.79," 6,897.29 ",17.53,,20.50,2.58%,1.02,11.83,-1.94%,-2.23%,0.29%,,,,
1972.11,115.10,3.13,6.33,42.40,1972.87,6.28,788.18,21.41," 127,347.45 ",43.32," 6,999.87 ",18.34,,21.44,2.56%,1.00,12.04,-1.96%,-2.08%,0.12%,,,,
1972.12,117.50,3.15,6.42,42.50,1972.96,6.36,802.72,21.52," 129,986.69 ",43.86," 7,102.25 ",18.65,,21.80,2.41%,1.00,12.00,-1.99%,-1.92%,-0.07%,,,,
1973.01,118.40,3.16,6.55,42.60,1973.04,6.46,806.97,21.51," 130,965.19 ",44.62," 7,241.43 ",18.71,,21.87,2.32%,0.99,11.95,-1.71%,-1.76%,0.05%,,,,
1973.02,114.20,3.16,6.67,42.90,1973.12,6.64,772.90,21.41," 125,725.66 ",45.16," 7,346.84 ",17.89,,20.91,2.45%,1.00,11.78,-1.11%,-1.70%,0.59%,,,,
1973.03,112.40,3.17,6.80,43.30,1973.21,6.71,753.69,21.26," 122,889.00 ",45.60," 7,434.57 ",17.41,,20.35,2.60%,1.01,11.67,-0.51%,-1.40%,0.89%,,,,
1973.04,110.30,3.19,6.94,43.60,1973.29,6.67,734.52,21.22," 120,051.60 ",46.24," 7,557.19 ",16.94,,19.79,2.87%,0.99,11.69,0.07%,-1.33%,1.40%,,,,
1973.05,107.20,3.20,7.09,43.90,1973.37,6.85,709.00,21.19," 116,168.75 ",46.87," 7,679.57 ",16.31,,19.06,2.99%,1.00,11.53,0.77%,-1.15%,1.92%,,,,
1973.06,104.80,3.22,7.23,44.20,1973.46,6.90,688.42,21.15," 113,085.94 ",47.49," 7,801.64 ",15.81,,18.47,3.17%,0.99,11.47,1.19%,-1.34%,2.52%,,,,
1973.07,105.80,3.24,7.38,44.30,1973.54,7.13,693.42,21.21," 114,197.69 ",48.39," 7,969.37 ",15.89,,18.57,2.90%,0.99,11.32,1.12%,-1.47%,2.59%,,,,
1973.08,103.80,3.25,7.54,45.10,1973.62,7.40,668.24,20.94," 110,339.00 ",48.52," 8,011.45 ",15.28,,17.85,3.07%,1.03,10.98,1.19%,-1.37%,2.56%,,,,
1973.09,105.60,3.27,7.69,45.20,1973.71,7.09,678.33,21.01," 112,293.07 ",49.40," 8,177.40 ",15.48,,18.08,3.32%,1.03,11.26,1.29%,-1.46%,2.76%,,,,
1973.1,109.80,3.31,7.85,45.60,1973.79,6.79,699.12,21.05," 116,025.52 ",49.96," 8,291.57 ",15.91,,18.59,3.50%,1.01,11.47,1.00%,-1.52%,2.51%,,,,
1973.11,102.00,3.34,8.00,45.90,1973.87,6.73,645.21,21.15," 107,371.28 ",50.63," 8,424.78 ",14.65,,17.12,4.17%,1.00,11.51,1.65%,-1.56%,3.21%,,,,
1973.12,94.78,3.38,8.16,46.20,1973.96,6.74,595.65,21.24," 99,417.79 ",51.28," 8,559.29 ",13.49,,15.77,4.78%,0.99,11.49,2.41%,-1.54%,3.95%,,,,
1974.01,96.11,3.40,8.23,46.60,1974.04,6.99,598.82,21.18," 100,242.17 ",51.26," 8,580.37 ",13.53,,15.82,4.59%,1.01,11.25,2.42%,-1.20%,3.62%,,,,
1974.02,93.45,3.42,8.29,47.20,1974.12,6.96,574.85,21.04," 96,522.28 ",51.02," 8,565.98 ",12.96,,15.15,5.09%,0.99,11.20,2.22%,-1.20%,3.43%,,,,
1974.03,97.44,3.44,8.36,47.80,1974.21,7.21,591.87,20.90," 99,672.53 ",50.78," 8,551.54 ",13.31,,15.57,4.76%,0.99,10.93,1.92%,-1.15%,3.08%,,,,
1974.04,92.46,3.46,8.49,48.00,1974.29,7.51,559.28,20.93," 94,478.06 ",51.33," 8,671.90 ",12.55,,14.69,4.96%,1.00,10.72,2.47%,-1.08%,3.55%,,,,
1974.05,89.67,3.48,8.61,48.60,1974.37,7.58,535.70,20.79," 90,788.64 ",51.46," 8,720.78 ",12.00,,14.05,5.39%,1.01,10.60,2.82%,-1.33%,4.15%,,,,
1974.06,89.79,3.50,8.74,49.00,1974.46,7.54,532.04,20.74," 90,460.90 ",51.79," 8,805.30 ",11.89,,13.93,5.56%,0.99,10.61,2.64%,-1.33%,3.97%,,,,
1974.07,79.31,3.53,8.86,49.40,1974.54,7.81,466.14,20.75," 79,549.58 ",52.09," 8,890.10 ",10.39,,12.19,6.55%,0.99,10.40,3.83%,-0.95%,4.78%,,,,
1974.08,76.03,3.56,8.99,50.00,1974.62,8.04,441.50,20.67," 75,638.55 ",52.18," 8,940.40 ",9.82,,11.53,7.04%,1.01,10.18,5.24%,-0.32%,5.56%,,,,
1974.09,68.12,3.59,9.11,50.60,1974.71,8.04,390.88,20.60," 67,259.78 ",52.27," 8,994.96 ",8.68,,10.21,8.47%,1.02,10.12,6.58%,-0.10%,6.68%,,,,
1974.1,69.44,3.59,9.04,51.10,1974.79,7.90,394.55,20.42," 68,185.01 ",51.35," 8,873.35 ",8.74,,10.30,8.63%,1.02,10.19,6.36%,0.11%,6.25%,,,,
1974.11,71.74,3.60,8.96,51.50,1974.87,7.68,404.45,20.28," 70,188.33 ",50.53," 8,769.46 ",8.95,,10.55,8.63%,1.02,10.33,6.19%,0.42%,5.77%,,,,
1974.12,67.07,3.60,8.89,51.90,1974.96,7.43,375.21,20.14," 65,404.85 ",49.73," 8,669.29 ",8.29,,9.79,9.85%,1.00,10.49,6.87%,0.39%,6.47%,,,,
1975.01,72.56,3.62,8.74,52.10,1975.04,7.50,404.37,20.19," 70,780.24 ",48.73," 8,528.87 ",8.92,,10.55,8.97%,1.01,10.47,6.49%,0.57%,5.93%,,,,
1975.02,80.10,3.65,8.60,52.50,1975.12,7.39,442.98,20.17," 77,834.16 ",47.54," 8,353.49 ",9.76,,11.56,8.20%,0.98,10.53,6.03%,0.47%,5.56%,,,,
1975.03,83.78,3.67,8.45,52.70,1975.21,7.73,461.58,20.22," 81,397.16 ",46.55," 8,209.67 ",10.16,,12.04,7.46%,0.97,10.31,5.47%,0.54%,4.93%,,,,
1975.04,84.72,3.68,8.29,52.90,1975.29,8.23,464.99,20.22," 82,296.32 ",45.48," 8,049.60 ",10.23,,12.13,6.90%,1.02,9.99,5.41%,1.16%,4.25%,,,,
1975.05,90.10,3.70,8.12,53.20,1975.37,8.06,491.73,20.17," 87,326.41 ",44.33," 7,873.27 ",10.82,,12.84,6.60%,1.02,10.12,5.03%,1.44%,3.59%,,,,
1975.06,92.40,3.71,7.96,53.60,1975.46,7.86,500.52,20.10," 89,184.70 ",43.12," 7,683.01 ",11.01,,13.07,6.65%,0.99,10.25,5.04%,1.80%,3.24%,,,,
1975.07,92.49,3.71,7.89,54.20,1975.54,8.06,495.46,19.87," 88,578.43 ",42.28," 7,559.51 ",10.90,,12.95,6.66%,0.98,10.06,5.33%,1.96%,3.37%,,,,
1975.08,85.71,3.71,7.83,54.30,1975.62,8.40,458.30,19.84," 82,229.54 ",41.85," 7,508.85 ",10.09,,12.00,7.07%,1.00,9.88,5.90%,2.20%,3.70%,,,,
1975.09,84.67,3.71,7.76,54.60,1975.71,8.43,450.25,19.73," 81,080.43 ",41.27," 7,431.02 ",9.92,,11.81,7.27%,1.03,9.88,5.81%,2.24%,3.58%,,,,
1975.1,88.57,3.70,7.83,54.90,1975.79,8.14,468.41,19.57," 84,645.26 ",41.39," 7,479.85 ",10.33,,12.30,7.19%,1.01,10.09,5.48%,2.15%,3.32%,,,,
1975.11,90.07,3.69,7.89,55.30,1975.87,8.05,472.90,19.37," 85,747.91 ",41.44," 7,514.56 ",10.44,,12.44,7.25%,1.01,10.14,5.97%,2.45%,3.52%,,,,
1975.12,88.70,3.68,7.96,55.50,1975.96,8.00,464.03,19.25," 84,430.25 ",41.64," 7,576.83 ",10.25,,12.23,7.48%,1.02,10.21,6.65%,2.77%,3.88%,,,,
1976.01,96.86,3.68,8.19,55.60,1976.04,7.74,505.81,19.23," 92,323.27 ",42.79," 7,809.57 ",11.19,,13.34,6.95%,1.00,10.44,5.76%,2.64%,3.12%,,,,
1976.02,100.60,3.69,8.43,55.80,1976.12,7.79,523.45,19.18," 95,836.20 ",43.85," 8,027.63 ",11.59,,13.83,6.56%,1.01,10.43,5.98%,3.08%,2.90%,,,,
1976.03,101.10,3.69,8.66,55.90,1976.21,7.73,525.11,19.17," 96,432.64 ",44.98," 8,260.20 ",11.63,,13.88,6.57%,1.02,10.53,6.60%,3.74%,2.86%,,,,
1976.04,101.90,3.71,8.86,56.10,1976.29,7.56,527.38,19.22," 97,143.31 ",45.84," 8,443.24 ",11.69,,13.95,6.67%,0.98,10.68,6.83%,4.02%,2.81%,,,,
1976.05,101.20,3.74,9.05,56.50,1976.37,7.90,520.05,19.20," 96,087.72 ",46.52," 8,595.99 ",11.53,,13.76,6.52%,1.01,10.42,6.97%,4.01%,2.96%,,,,
1976.06,101.80,3.76,9.25,56.80,1976.46,7.86,520.37,19.22," 96,442.83 ",47.28," 8,763.22 ",11.54,,13.78,6.58%,1.01,10.47,7.20%,3.91%,3.29%,,,,
1976.07,104.20,3.79,9.35,57.10,1976.54,7.83,529.84,19.27," 98,495.52 ",47.54," 8,838.13 ",11.76,,14.03,6.47%,1.01,10.50,6.78%,4.30%,2.47%,,,,
1976.08,103.30,3.82,9.45,57.40,1976.62,7.77,522.52,19.32," 97,433.78 ",47.80," 8,913.35 ",11.60,,13.84,6.64%,1.02,10.56,7.12%,4.39%,2.73%,,,,
1976.09,105.50,3.85,9.55,57.60,1976.71,7.59,531.80,19.41," 99,464.90 ",48.14," 9,003.69 ",11.81,,14.09,6.71%,1.02,10.72,6.58%,4.04%,2.54%,,,,
1976.1,101.90,3.92,9.67,57.90,1976.79,7.41,510.99,19.64," 95,879.18 ",48.49," 9,098.64 ",11.35,,13.54,7.22%,1.01,10.87,6.95%,3.97%,2.99%,,,,
1976.11,101.20,3.98,9.79,58.00,1976.87,7.29,506.60,19.94," 95,368.16 ",49.01," 9,225.83 ",11.25,,13.43,7.43%,1.04,11.01,7.37%,4.02%,3.36%,,,,
1976.12,104.70,4.05,9.91,58.20,1976.96,6.87,522.32,20.20," 98,644.36 ",49.44," 9,336.83 ",11.60,,13.85,7.62%,0.98,11.37,7.18%,3.84%,3.35%,,,,
1977.01,103.80,4.10,9.97,58.50,1977.04,7.21,515.18,20.33," 97,614.89 ",49.47," 9,372.79 ",11.44,,13.66,7.46%,0.99,11.10,7.92%,4.10%,3.82%,,,,
1977.02,101.00,4.14,10.02,59.10,1977.12,7.39,496.19,20.36," 94,338.86 ",49.24," 9,362.24 ",11.01,,13.15,7.72%,1.00,10.92,8.93%,4.18%,4.76%,,,,
1977.03,100.60,4.19,10.08,59.50,1977.21,7.46,490.90,20.45," 93,657.49 ",49.19," 9,384.37 ",10.90,,13.02,7.79%,1.01,10.86,9.43%,4.25%,5.18%,,,,
1977.04,99.05,4.25,10.19,60.00,1977.29,7.37,479.31,20.55," 91,772.72 ",49.33," 9,444.39 ",10.64,,12.71,8.16%,1.00,10.90,9.50%,3.66%,5.85%,,,,
1977.05,98.76,4.30,10.31,60.30,1977.37,7.46,475.53,20.72," 91,379.40 ",49.63," 9,536.45 ",10.55,,12.61,8.17%,1.02,10.84,9.53%,3.33%,6.20%,,,,
1977.06,99.29,4.36,10.42,60.70,1977.46,7.28,474.93,20.86," 91,598.35 ",49.84," 9,612.80 ",10.53,,12.60,8.40%,1.00,10.98,9.95%,3.39%,6.56%,,,,
1977.07,100.20,4.41,10.52,61.00,1977.54,7.33,476.93,20.97," 92,320.35 ",50.06," 9,689.68 ",10.57,,12.65,8.34%,1.00,10.95,10.17%,3.42%,6.75%,,,,
1977.08,97.75,4.45,10.61,61.20,1977.62,7.40,463.75,21.13," 90,109.50 ",50.35," 9,783.73 ",10.27,,12.30,8.55%,1.01,10.93,11.07%,3.25%,7.82%,,,,
1977.09,96.23,4.50,10.71,61.40,1977.71,7.34,455.05,21.28," 88,763.92 ",50.64," 9,879.06 ",10.07,,12.07,8.81%,0.99,11.01,10.84%,2.75%,8.09%,,,,
1977.1,93.74,4.56,10.77,61.60,1977.79,7.52,441.83,21.48," 86,535.50 ",50.76," 9,942.26 ",9.77,,11.72,8.94%,1.00,10.90,9.70%,2.84%,6.86%,,,,
1977.11,94.28,4.61,10.83,61.90,1977.87,7.58,442.22,21.64," 86,965.36 ",50.80," 9,989.76 ",9.77,,11.72,8.90%,1.00,10.87,8.21%,3.38%,4.83%,,,,
1977.12,93.82,4.67,10.89,62.10,1977.96,7.69,438.65,21.83," 86,620.15 ",50.92," 10,054.29 ",9.68,,11.63,8.88%,0.99,10.82,8.10%,3.41%,4.69%,,,,
1978.01,90.25,4.71,10.90,62.50,1978.04,7.96,419.26,21.90," 83,151.16 ",50.64," 10,042.63 ",9.24,,11.12,9.11%,1.00,10.62,8.97%,3.87%,5.10%,,,,
1978.02,88.98,4.76,10.91,62.90,1978.12,8.03,410.73,21.96," 81,822.60 ",50.36," 10,032.42 ",9.05,,10.89,9.31%,1.01,10.57,9.48%,4.28%,5.19%,,,,
1978.03,88.82,4.80,10.92,63.40,1978.21,8.04,406.76,21.98," 81,396.26 ",50.01," 10,007.29 ",8.95,,10.79,9.47%,1.00,10.55,9.84%,4.22%,5.62%,,,,
1978.04,92.71,4.84,11.02,63.90,1978.29,8.15,421.25,21.98," 84,662.81 ",50.09," 10,066.48 ",9.26,,11.18,9.03%,0.99,10.46,9.25%,4.08%,5.17%,,,,
1978.05,97.41,4.87,11.13,64.50,1978.37,8.35,438.49,21.94," 88,494.78 ",50.09," 10,108.35 ",9.63,,11.64,8.49%,1.00,10.30,8.49%,4.04%,4.45%,,,,
1978.06,97.66,4.91,11.23,65.20,1978.46,8.46,434.89,21.86," 88,137.09 ",50.01," 10,134.95 ",9.55,,11.55,8.52%,1.00,10.18,9.12%,4.30%,4.82%,,,,
1978.07,97.19,4.95,11.34,65.70,1978.54,8.64,429.51,21.86," 87,414.59 ",50.13," 10,202.39 ",9.43,,11.41,8.50%,1.02,10.05,9.13%,4.37%,4.76%,,,,
1978.08,103.90,4.98,11.46,66.00,1978.62,8.41,457.07,21.92," 93,396.73 ",50.40," 10,298.54 ",10.02,,12.14,8.11%,1.01,10.23,8.18%,4.09%,4.09%,,,,
1978.09,103.90,5.02,11.57,66.50,1978.71,8.42,453.64,21.92," 93,067.72 ",50.52," 10,363.75 ",9.94,,12.05,8.24%,0.99,10.22,8.35%,4.30%,4.06%,,,,
1978.1,100.60,5.04,11.82,67.10,1978.79,8.64,435.30,21.79," 89,678.60 ",51.16," 10,539.73 ",9.53,,11.57,8.48%,1.00,10.05,9.13%,4.64%,4.49%,,,,
1978.11,94.71,5.05,12.08,67.40,1978.87,8.81,407.99,21.77," 84,425.96 ",52.02," 10,765.36 ",8.93,,10.84,9.04%,0.99,9.97,9.56%,4.68%,4.87%,,,,
1978.12,96.11,5.07,12.33,67.70,1978.96,9.01,412.19,21.74," 85,669.25 ",52.88," 10,990.55 ",9.01,,10.95,8.75%,1.00,9.87,9.63%,4.75%,4.88%,,,,
1979.01,99.71,5.11,12.65,68.30,1979.04,9.10,423.87,21.74," 88,473.88 ",53.79," 11,227.43 ",9.26,,11.26,8.43%,1.01,9.80,9.60%,4.87%,4.73%,,,,
1979.02,98.23,5.16,12.98,69.10,1979.12,9.10,412.74,21.67," 86,528.45 ",54.53," 11,430.86 ",9.00,,10.96,8.80%,1.01,9.76,10.16%,4.89%,5.27%,,,,
1979.03,100.10,5.20,13.30,69.80,1979.21,9.12,416.38,21.63," 87,669.29 ",55.32," 11,648.37 ",9.07,,11.05,8.72%,1.00,9.72,9.93%,4.82%,5.11%,,,,
1979.04,102.10,5.25,13.53,70.60,1979.29,9.18,419.89,21.58," 88,786.24 ",55.63," 11,762.83 ",9.13,,11.13,8.65%,1.00,9.65,10.11%,5.04%,5.07%,,,,
1979.05,99.73,5.29,13.75,71.50,1979.37,9.25,404.98,21.49," 86,012.40 ",55.85," 11,861.57 ",8.79,,10.73,9.11%,1.03,9.55,10.84%,5.38%,5.46%,,,,
1979.06,101.70,5.34,13.98,72.30,1979.46,8.91,408.41,21.44," 87,120.45 ",56.14," 11,975.85 ",8.85,,10.81,9.43%,1.00,9.73,11.04%,5.64%,5.41%,,,,
1979.07,102.70,5.40,14.20,73.10,1979.54,8.95,407.91,21.43," 87,395.31 ",56.39," 12,081.06 ",8.83,,10.78,9.48%,1.00,9.67,11.29%,5.93%,5.35%,,,,
1979.08,107.40,5.45,14.41,73.80,1979.62,9.03,422.53,21.45," 90,911.07 ",56.71," 12,200.45 ",9.13,,11.16,9.07%,0.99,9.60,11.34%,6.00%,5.34%,,,,
1979.09,108.60,5.51,14.63,74.60,1979.71,9.33,422.67,21.45," 91,325.53 ",56.94," 12,302.88 ",9.11,,11.14,8.88%,0.95,9.39,11.31%,6.22%,5.09%,,,,
1979.1,104.50,5.56,14.71,75.20,1979.79,10.30,403.47,21.45," 87,562.83 ",56.78," 12,323.07 ",8.68,,10.62,8.48%,0.99,8.82,11.75%,7.03%,4.72%,,,,
1979.11,103.70,5.60,14.78,75.90,1979.87,10.65,396.69,21.43," 86,478.77 ",56.55," 12,328.27 ",8.52,,10.43,8.39%,1.02,8.63,11.66%,7.41%,4.25%,,,,
1979.12,107.80,5.65,14.86,76.70,1979.96,10.39,408.07,21.39," 89,348.78 ",56.25," 12,316.54 ",8.75,,10.72,8.41%,0.98,8.75,11.58%,7.34%,4.24%,,,,
1980.01,110.90,5.70,15.00,77.80,1980.04,10.80,413.87,21.27," 91,006.70 ",55.99," 12,312.00 ",8.85,,10.85,7.98%,0.92,8.49,11.01%,7.36%,3.66%,,,,
1980.02,115.30,5.75,15.15,78.90,1980.12,12.41,424.29,21.16," 93,686.03 ",55.74," 12,307.32 ",9.05,,11.11,6.21%,0.99,7.68,10.36%,8.27%,2.09%,,,,
1980.03,104.70,5.80,15.29,80.10,1980.21,12.75,379.51,21.02," 84,185.43 ",55.42," 12,294.13 ",8.08,,9.92,7.31%,1.09,7.50,11.78%,8.46%,3.32%,,,,
1980.04,103.00,5.85,15.17,81.00,1980.29,11.47,369.20,20.96," 82,285.72 ",54.39," 12,121.81 ",7.84,,9.64,9.00%,1.09,8.05,12.04%,7.61%,4.44%,,,,
1980.05,107.70,5.89,15.06,81.80,1980.37,10.18,382.28,20.92," 85,587.54 ",53.44," 11,965.33 ",8.10,,9.97,9.96%,1.03,8.69,12.00%,6.86%,5.14%,,,,
1980.06,114.60,5.94,14.94,82.70,1980.46,9.78,402.34,20.85," 90,468.86 ",52.45," 11,794.11 ",8.51,,10.48,9.83%,0.98,8.89,11.67%,6.84%,4.83%,,,,
1980.07,119.80,5.98,14.84,82.70,1980.54,10.25,420.60,21.01," 94,967.52 ",52.10," 11,763.92 ",8.88,,10.95,8.82%,0.96,8.70,11.10%,7.11%,3.99%,,,,
1980.08,123.50,6.03,14.74,83.30,1980.62,11.10,430.46,21.01," 97,590.66 ",51.38," 11,647.66 ",9.07,,11.19,7.81%,0.99,8.27,9.80%,7.43%,2.37%,,,,
1980.09,126.50,6.07,14.64,84.00,1980.71,11.51,437.25,20.98," 99,524.66 ",50.60," 11,518.11 ",9.20,,11.35,7.28%,1.00,8.08,9.01%,7.57%,1.43%,,,,
1980.1,130.20,6.10,14.70,84.80,1980.79,11.75,445.79,20.89," 101,865.44 ",50.33," 11,500.94 ",9.36,,11.56,6.90%,0.96,7.97,8.43%,7.86%,0.58%,,,,
1980.11,135.70,6.13,14.76,85.50,1980.87,12.68,460.82,20.82," 105,695.69 ",50.12," 11,496.45 ",9.65,,11.93,5.68%,1.00,7.57,8.33%,8.71%,-0.38%,,,,
1980.12,133.50,6.16,14.82,86.30,1980.96,12.84,449.14,20.72," 103,414.34 ",49.86," 11,480.15 ",9.39,,11.61,5.86%,1.03,7.51,9.05%,9.09%,-0.04%,,,,
1981.01,133.00,6.20,14.74,87.00,1981.04,12.57,443.86,20.69," 102,595.08 ",49.19," 11,370.31 ",9.26,,11.45,6.36%,0.98,7.64,9.00%,8.90%,0.10%,,,,
1981.02,128.40,6.24,14.66,87.90,1981.12,13.19,424.12,20.61," 98,429.56 ",48.42," 11,238.14 ",8.83,,10.93,6.35%,1.01,7.38,10.64%,9.51%,1.13%,,,,
1981.03,133.20,6.28,14.58,88.50,1981.21,13.12,436.99,20.60," 101,815.37 ",47.83," 11,144.65 ",9.08,,11.25,6.16%,0.98,7.44,10.59%,9.28%,1.30%,,,,
1981.04,134.40,6.32,14.72,89.10,1981.29,13.68,437.96,20.58," 102,440.47 ",47.98," 11,222.19 ",9.09,,11.27,5.64%,0.99,7.25,10.75%,9.68%,1.07%,,,,
1981.05,131.70,6.35,14.87,89.80,1981.37,14.10,425.82,20.54," 100,000.42 ",48.07," 11,288.35 ",8.82,,10.94,5.58%,1.05,7.12,10.96%,9.91%,1.06%,,,,
1981.06,132.30,6.39,15.01,90.60,1981.46,13.47,423.98,20.48," 99,969.74 ",48.10," 11,341.99 ",8.77,,10.89,6.30%,0.97,7.38,10.97%,9.40%,1.58%,,,,
1981.07,129.10,6.43,15.10,91.60,1981.54,14.28,409.21,20.39," 96,887.43 ",47.85," 11,329.83 ",8.45,,10.50,6.01%,0.98,7.07,11.39%,9.94%,1.46%,,,,
1981.08,129.60,6.48,15.18,92.30,1981.62,14.94,407.68,20.37," 96,927.01 ",47.76," 11,355.49 ",8.40,,10.45,5.47%,0.99,6.86,11.65%,10.58%,1.06%,,,,
1981.09,118.30,6.52,15.27,93.20,1981.71,15.32,368.54,20.31," 88,023.87 ",47.57," 11,362.00 ",7.58,,9.45,6.48%,1.02,6.74,12.65%,10.98%,1.66%,,,,
1981.1,119.80,6.56,15.30,93.40,1981.79,15.15,372.41,20.38," 89,354.78 ",47.56," 11,411.75 ",7.65,,9.54,6.53%,1.11,6.87,12.48%,10.92%,1.56%,,,,
1981.11,122.90,6.59,15.33,93.70,1981.87,13.39,380.83,20.43," 91,781.98 ",47.50," 11,448.48 ",7.81,,9.76,8.06%,0.99,7.60,12.15%,9.93%,2.22%,,,,
1981.12,123.80,6.63,15.36,94.00,1981.96,13.72,382.39,20.48," 92,570.32 ",47.44," 11,485.30 ",7.83,,9.80,7.67%,0.97,7.52,12.15%,10.35%,1.80%,,,,
1982.01,117.30,6.66,15.18,94.30,1982.04,14.59,361.16,20.51," 87,844.65 ",46.73," 11,365.66 ",7.39,,9.25,7.60%,1.02,7.25,13.53%,10.87%,2.66%,,,,
1982.02,114.50,6.69,14.99,94.60,1982.12,14.43,351.42,20.53," 85,892.01 ",46.02," 11,247.20 ",7.18,,9.01,8.14%,1.04,7.37,13.67%,10.46%,3.21%,,,,
1982.03,110.80,6.72,14.81,94.50,1982.21,13.86,340.43,20.65," 83,624.95 ",45.50," 11,177.67 ",6.95,,8.73,9.13%,1.01,7.69,13.80%,9.85%,3.96%,,,,
1982.04,116.30,6.75,14.60,94.90,1982.29,13.87,355.82,20.65," 87,828.78 ",44.66," 11,023.30 ",7.26,,9.14,8.53%,1.03,7.75,13.26%,9.87%,3.39%,,,,
1982.05,116.40,6.78,14.38,95.80,1982.37,13.62,352.78,20.55," 87,501.15 ",43.59," 10,812.33 ",7.19,,9.07,8.98%,0.98,7.87,13.52%,9.82%,3.69%,,,,
1982.06,109.70,6.81,14.17,97.00,1982.46,14.30,328.36,20.38," 81,865.72 ",42.41," 10,574.63 ",6.69,,8.45,9.45%,1.03,7.58,14.08%,10.36%,3.72%,,,,
1982.07,109.40,6.82,13.97,97.50,1982.54,13.95,325.78,20.32," 81,645.32 ",41.59," 10,423.36 ",6.64,,8.40,9.93%,1.06,7.77,14.31%,10.45%,3.85%,,,,
1982.08,109.70,6.84,13.76,97.70,1982.62,13.06,326.01,20.32," 82,125.94 ",40.90," 10,303.77 ",6.64,,8.42,10.80%,1.05,8.23,14.31%,10.05%,4.26%,,,,
1982.09,122.40,6.85,13.56,97.90,1982.71,12.34,363.01,20.32," 91,872.96 ",40.22," 10,178.08 ",7.40,,9.39,9.98%,1.10,8.64,13.05%,9.68%,3.36%,,,,
1982.1,132.70,6.86,13.25,98.20,1982.79,10.91,392.35,20.27," 99,727.38 ",39.19," 9,960.19 ",8.00,,10.17,10.38%,1.03,9.44,11.95%,8.59%,3.36%,,,,
1982.11,138.10,6.86,12.95,98.00,1982.87,10.55,409.15,20.33," 104,428.13 ",38.36," 9,790.00 ",8.35,,10.62,10.17%,1.01,9.76,11.73%,8.07%,3.66%,,,,
1982.12,139.40,6.87,12.64,97.60,1982.96,10.54,414.69,20.44," 106,277.86 ",37.60," 9,636.67 ",8.47,,10.78,9.94%,1.01,9.89,11.90%,8.07%,3.83%,,,,
1983.01,144.30,6.88,12.57,97.80,1983.04,10.46,428.39,20.43," 110,225.04 ",37.31," 9,599.20 ",8.76,,11.16,9.63%,0.99,10.00,11.45%,8.08%,3.37%,,,,
1983.02,146.80,6.90,12.49,97.90,1983.12,10.72,435.37,20.45," 112,458.71 ",37.05," 9,570.71 ",8.91,,11.36,9.10%,1.02,9.92,11.38%,8.46%,2.92%,,,,
1983.03,151.90,6.91,12.42,97.90,1983.21,10.51,450.49,20.49," 116,806.78 ",36.83," 9,550.63 ",9.23,,11.78,8.82%,1.02,10.14,11.15%,8.46%,2.69%,,,,
1983.04,157.70,6.92,12.48,98.60,1983.29,10.40,464.38,20.38," 120,846.19 ",36.74," 9,560.95 ",9.53,,12.17,8.59%,1.01,10.22,10.60%,8.41%,2.19%,,,,
1983.05,164.10,6.93,12.53,99.20,1983.37,10.38,480.30,20.28," 125,429.81 ",36.68," 9,579.83 ",9.87,,12.61,8.24%,0.98,10.26,10.25%,8.35%,1.90%,,,,
1983.06,166.40,6.94,12.59,99.50,1983.46,10.85,485.56,20.25," 127,245.05 ",36.74," 9,627.50 ",10.00,,12.77,7.60%,0.98,10.03,10.17%,8.70%,1.47%,,,,
1983.07,167.00,6.96,12.83,99.90,1983.54,11.38,485.36,20.23," 127,634.29 ",37.28," 9,803.15 ",10.01,,12.79,7.08%,0.98,9.76,10.14%,9.17%,0.98%,,,,
1983.08,162.40,6.98,13.06,100.20,1983.62,11.85,470.58,20.23," 124,190.23 ",37.85," 9,989.74 ",9.73,,12.42,6.74%,1.02,9.56,10.61%,9.53%,1.08%,,,,
1983.09,167.20,7.00,13.30,100.70,1983.71,11.65,482.08,20.18," 127,669.88 ",38.35," 10,155.56 ",9.98,,12.75,6.71%,1.02,9.72,10.43%,9.64%,0.79%,,,,
1983.1,167.70,7.03,13.54,101.00,1983.79,11.54,482.09,20.21," 128,117.32 ",38.93," 10,346.64 ",10.00,,12.77,6.73%,1.00,9.85,10.48%,9.53%,0.96%,,,,
1983.11,165.20,7.06,13.79,101.20,1983.87,11.69,473.96,20.26," 126,406.56 ",39.55," 10,549.21 ",9.85,,12.58,6.69%,1.00,9.84,10.62%,9.25%,1.37%,,,,
1983.12,164.40,7.09,14.03,101.30,1983.96,11.83,471.20,20.32," 126,121.88 ",40.21," 10,763.32 ",9.82,,12.53,6.53%,1.02,9.84,10.75%,9.26%,1.49%,,,,
1984.01,166.40,7.12,14.44,101.90,1984.04,11.67,474.13,20.29," 127,357.06 ",41.14," 11,051.90 ",9.89,,12.63,6.57%,1.00,9.97,10.80%,9.15%,1.64%,,,,
1984.02,157.30,7.15,14.85,102.40,1984.12,11.84,446.01,20.27," 120,258.17 ",42.11," 11,353.04 ",9.32,,11.90,6.94%,0.98,9.92,11.39%,9.04%,2.35%,,,,
1984.03,157.40,7.18,15.26,102.60,1984.21,12.32,445.42,20.32," 120,556.60 ",43.18," 11,688.02 ",9.33,,11.90,6.34%,0.99,9.73,11.16%,8.86%,2.30%,,,,
1984.04,157.60,7.22,15.57,103.10,1984.29,12.63,443.83,20.34," 120,583.19 ",43.86," 11,915.47 ",9.31,,11.88,6.06%,0.97,9.61,10.77%,8.65%,2.12%,,,,
1984.05,156.60,7.27,15.89,103.40,1984.37,13.41,439.73,20.40," 119,932.41 ",44.61," 12,166.86 ",9.23,,11.78,5.26%,1.00,9.28,10.94%,8.93%,2.00%,,,,
1984.06,153.10,7.31,16.20,103.70,1984.46,13.56,428.66,20.47," 117,377.91 ",45.36," 12,420.13 ",9.01,,11.50,5.32%,1.02,9.28,11.26%,9.02%,2.24%,,,,
1984.07,151.10,7.33,16.32,104.10,1984.54,13.36,421.43,20.45," 115,866.15 ",45.52," 12,514.46 ",8.87,,11.32,5.65%,1.05,9.45,11.32%,8.71%,2.61%,,,,
1984.08,164.40,7.36,16.44,104.50,1984.62,12.72,456.77,20.44," 126,050.59 ",45.68," 12,605.06 ",9.62,,12.27,5.32%,1.02,9.85,10.68%,8.32%,2.36%,,,,
1984.09,166.10,7.38,16.56,105.00,1984.71,12.52,459.30,20.41," 127,216.87 ",45.79," 12,683.39 ",9.69,,12.35,5.38%,1.03,10.02,10.64%,8.00%,2.63%,,,,
1984.1,164.80,7.43,16.59,105.30,1984.79,12.16,454.41,20.49," 126,334.47 ",45.73," 12,715.24 ",9.60,,12.23,5.76%,1.04,10.31,10.66%,7.55%,3.10%,,,,
1984.11,166.30,7.48,16.61,105.30,1984.87,11.57,458.54,20.62," 127,962.20 ",45.81," 12,783.37 ",9.69,,12.35,6.16%,1.01,10.77,10.46%,6.98%,3.48%,,,,
1984.12,164.50,7.53,16.64,105.30,1984.96,11.50,453.58,20.76," 127,060.00 ",45.88," 12,852.76 ",9.60,,12.22,6.25%,1.02,10.92,10.42%,7.01%,3.41%,,,,
1985.01,171.60,7.57,16.56,105.50,1985.04,11.38,472.26,20.84," 132,779.32 ",45.57," 12,811.12 ",10.00,,12.73,5.93%,1.00,11.08,10.16%,6.90%,3.26%,,,,
1985.02,180.90,7.62,16.47,106.00,1985.12,11.51,495.50,20.86," 139,803.96 ",45.12," 12,730.97 ",10.49,,13.36,5.30%,0.99,11.04,9.96%,7.19%,2.77%,,,,
1985.03,179.40,7.66,16.39,106.40,1985.21,11.86,489.55,20.90," 138,614.97 ",44.73," 12,663.88 ",10.37,,13.20,5.06%,1.04,10.88,10.30%,7.58%,2.72%,,,,
1985.04,180.60,7.69,16.13,106.90,1985.29,11.43,490.52,20.88," 139,382.10 ",43.81," 12,448.69 ",10.40,,13.22,5.48%,1.04,11.22,10.55%,7.39%,3.16%,,,,
1985.05,184.90,7.71,15.87,107.30,1985.37,10.85,500.32,20.87," 142,662.98 ",42.94," 12,244.79 ",10.61,,13.49,5.84%,1.05,11.67,10.63%,7.33%,3.31%,,,,
1985.06,188.90,7.74,15.61,107.60,1985.46,10.16,509.72,20.89," 145,839.16 ",42.12," 12,051.61 ",10.81,,13.74,6.31%,1.00,12.25,10.72%,7.21%,3.51%,,,,
1985.07,192.50,7.77,15.48,107.80,1985.54,10.31,518.47,20.94," 148,841.98 ",41.70," 11,971.77 ",11.00,,13.98,5.90%,1.01,12.21,10.88%,7.21%,3.67%,,,,
1985.08,188.30,7.81,15.36,108.00,1985.62,10.33,506.22,20.99," 145,826.98 ",41.28," 11,892.84 ",10.74,,13.65,6.10%,1.01,12.28,11.13%,7.01%,4.12%,,,,
1985.09,184.10,7.84,15.23,108.30,1985.71,10.37,493.56,21.02," 142,683.95 ",40.83," 11,803.78 ",10.47,,13.31,6.27%,1.02,12.32,11.76%,7.24%,4.52%,,,,
1985.1,186.20,7.86,15.02,108.70,1985.79,10.24,497.35,20.99," 144,286.26 ",40.13," 11,641.55 ",10.55,,13.41,6.31%,1.04,12.48,11.70%,7.25%,4.45%,,,,
1985.11,197.50,7.88,14.82,109.00,1985.87,9.78,526.08,20.99," 153,128.86 ",39.47," 11,487.92 ",11.16,,14.19,6.20%,1.04,12.92,11.30%,7.03%,4.28%,,,,
1985.12,207.30,7.90,14.61,109.30,1985.96,9.26,550.67,20.99," 160,795.02 ",38.81," 11,332.44 ",11.69,,14.85,6.31%,1.01,13.42,11.14%,6.86%,4.28%,,,,
1986.01,208.20,7.94,14.58,109.60,1986.04,9.19,551.55,21.03," 161,562.90 ",38.62," 11,314.06 ",11.72,,14.88,6.37%,1.04,13.55,11.04%,6.79%,4.25%,,,,
1986.02,219.40,7.98,14.55,109.30,1986.12,8.70,582.82,21.20," 171,238.85 ",38.65," 11,356.09 ",12.39,,15.73,6.33%,1.07,14.13,10.99%,6.23%,4.76%,,,,
1986.03,232.30,8.02,14.52,108.80,1986.21,7.78,619.92,21.40," 182,664.36 ",38.75," 11,417.51 ",13.19,,16.73,6.69%,1.04,15.20,10.20%,5.09%,5.11%,,,,
1986.04,238.00,8.05,14.58,108.60,1986.29,7.30,636.30,21.51," 188,019.34 ",38.99," 11,520.77 ",13.55,,17.18,6.91%,0.98,15.84,9.86%,4.49%,5.37%,,,,
1986.05,238.50,8.07,14.65,108.90,1986.37,7.71,635.88,21.52," 188,425.32 ",39.05," 11,571.53 ",13.56,,17.18,6.45%,1.00,15.44,10.07%,4.62%,5.46%,,,,
1986.06,245.30,8.10,14.71,109.50,1986.46,7.80,650.43,21.48," 193,266.07 ",39.00," 11,589.66 ",13.89,,17.58,6.18%,1.04,15.36,9.93%,4.60%,5.33%,,,,
1986.07,240.20,8.14,14.76,109.50,1986.54,7.30,636.90,21.59," 189,782.56 ",39.13," 11,659.30 ",13.62,,17.23,6.77%,1.02,16.00,9.72%,4.24%,5.48%,,,,
1986.08,245.00,8.19,14.80,109.70,1986.62,7.17,648.45,21.67," 193,760.18 ",39.18," 11,707.31 ",13.89,,17.55,6.72%,0.99,16.22,9.80%,4.31%,5.49%,,,,
1986.09,238.30,8.23,14.85,110.20,1986.71,7.45,627.85,21.68," 188,146.28 ",39.13," 11,724.60 ",13.47,,17.01,6.68%,1.01,15.93,10.31%,4.38%,5.93%,,,,
1986.1,237.40,8.25,14.73,110.30,1986.79,7.43,624.91,21.71," 187,807.86 ",38.77," 11,650.34 ",13.43,,16.94,6.68%,1.02,16.03,10.74%,4.57%,6.18%,,,,
1986.11,245.10,8.26,14.60,110.40,1986.87,7.25,644.60,21.73," 194,267.99 ",38.41," 11,574.68 ",13.87,,17.49,6.61%,1.02,16.32,10.89%,4.67%,6.23%,,,,
1986.12,248.60,8.28,14.48,110.50,1986.96,7.11,653.21,21.76," 197,410.20 ",38.05," 11,498.39 ",14.09,,17.74,6.61%,1.01,16.57,10.85%,4.49%,6.36%,,,,
1987.01,264.50,8.30,14.69,111.20,1987.04,7.08,690.61,21.67," 209,259.81 ",38.35," 11,619.42 ",14.92,,18.78,6.26%,0.99,16.59,10.52%,4.28%,6.24%,,,,
1987.02,280.90,8.32,14.89,111.60,1987.12,7.25,730.81,21.65," 221,984.73 ",38.75," 11,769.62 ",15.82,,19.89,5.63%,1.01,16.43,10.31%,4.52%,5.78%,,,,
1987.03,292.50,8.34,15.10,112.10,1987.21,7.25,757.59,21.60," 230,667.55 ",39.11," 11,907.97 ",16.43,,20.63,5.37%,0.95,16.46,9.79%,4.33%,5.46%,,,,
1987.04,289.30,8.40,14.87,112.70,1987.29,8.02,745.31,21.64," 227,478.49 ",38.32," 11,694.97 ",16.20,,20.30,4.66%,0.97,15.61,9.55%,4.78%,4.77%,,,,
1987.05,289.10,8.46,14.65,113.10,1987.37,8.61,742.16,21.72," 227,069.65 ",37.60," 11,504.05 ",16.16,,20.23,4.07%,1.02,15.05,10.54%,5.37%,5.18%,,,,
1987.06,301.40,8.52,14.42,113.50,1987.46,8.40,771.01,21.80," 236,451.91 ",36.89," 11,312.66 ",16.83,,21.04,4.00%,1.00,15.31,10.66%,5.40%,5.26%,,,,
1987.07,310.10,8.57,14.90,113.80,1987.54,8.45,791.18,21.86," 243,194.42 ",38.02," 11,685.25 ",17.31,,21.61,3.76%,0.99,15.33,10.95%,5.64%,5.31%,,,,
1987.08,329.40,8.61,15.38,114.40,1987.62,8.76,836.01,21.86," 257,535.43 ",39.03," 12,024.57 ",18.33,,22.85,3.15%,0.96,15.04,10.33%,5.81%,4.53%,,,,
1987.09,318.70,8.66,15.86,115.00,1987.71,9.42,804.63,21.86," 248,431.09 ",40.04," 12,363.09 ",17.68,,22.01,2.71%,1.00,14.44,10.84%,6.34%,4.49%,,,,
1987.1,280.20,8.71,16.41,115.30,1987.79,9.52,705.59,21.93," 218,415.82 ",41.31," 12,789.02 ",15.53,,19.31,3.39%,1.05,14.42,12.43%,6.52%,5.90%,,,,
1987.11,245.00,8.76,16.95,115.40,1987.87,8.86,616.42,22.04," 191,380.48 ",42.65," 13,242.98 ",13.59,,16.89,4.92%,1.00,15.15,13.80%,6.18%,7.62%,,,,
1987.12,241.00,8.81,17.50,115.40,1987.96,8.99,606.35,22.17," 188,829.39 ",44.03," 13,711.68 ",13.39,,16.62,4.87%,1.03,15.13,14.26%,6.31%,7.95%,,,,
1988.01,250.50,8.86,17.86,115.70,1988.04,8.67,628.62,22.23," 196,340.74 ",44.83," 14,001.17 ",13.90,,17.24,4.88%,1.04,15.53,13.82%,6.28%,7.54%,,,,
1988.02,258.10,8.90,18.23,116.00,1988.12,8.21,646.02,22.28," 202,354.43 ",45.62," 14,290.02 ",14.30,,17.71,5.10%,1.00,16.08,14.17%,5.92%,8.25%,,,,
1988.03,265.70,8.95,18.59,116.50,1988.21,8.37,662.19,22.31," 208,001.14 ",46.33," 14,553.03 ",14.67,,18.15,4.72%,0.98,15.95,14.42%,5.97%,8.45%,,,,
1988.04,262.60,9.04,19.62,117.10,1988.29,8.72,651.11,22.42," 205,107.94 ",48.64," 15,321.94 ",14.43,,17.84,4.45%,0.98,15.61,14.95%,6.24%,8.71%,,,,
1988.05,256.10,9.14,20.64,117.50,1988.37,9.09,632.83,22.58," 199,942.72 ",51.01," 16,116.66 ",14.03,,17.33,4.22%,1.02,15.30,15.19%,6.48%,8.72%,,,,
1988.06,270.70,9.23,21.67,118.00,1988.46,8.92,666.07,22.71," 211,043.70 ",53.32," 16,894.41 ",14.77,,18.21,3.96%,1.00,15.52,14.57%,6.48%,8.09%,,,,
1988.07,269.10,9.31,22.02,118.50,1988.54,9.06,659.34,22.80," 209,513.18 ",53.96," 17,146.68 ",14.61,,17.99,3.86%,0.99,15.43,15.14%,6.61%,8.53%,,,,
1988.08,263.70,9.38,22.38,119.00,1988.62,9.26,643.39,22.89," 205,052.50 ",54.60," 17,400.07 ",14.24,,17.52,3.83%,1.03,15.28,14.55%,6.85%,7.70%,,,,
1988.09,268.00,9.46,22.73,119.80,1988.71,8.98,649.52,22.93," 207,613.45 ",55.09," 17,608.41 ",14.37,,17.65,4.04%,1.02,15.57,13.82%,7.11%,6.70%,,,,
1988.1,277.40,9.55,23.07,120.20,1988.79,8.80,670.06,23.07," 214,794.75 ",55.73," 17,865.98 ",14.81,,18.17,3.95%,1.00,15.82,13.55%,7.20%,6.35%,,,,
1988.11,271.00,9.64,23.42,120.30,1988.87,8.96,654.06,23.27," 210,286.23 ",56.52," 18,170.51 ",14.45,,17.69,3.93%,1.00,15.76,14.98%,7.03%,7.95%,,,,
1988.12,276.50,9.75,23.75,120.50,1988.96,9.11,666.23,23.49," 214,827.35 ",57.23," 18,452.62 ",14.70,,17.98,3.63%,1.01,15.69,15.20%,7.27%,7.94%,,,,
1989.01,285.40,9.81,24.16,121.10,1989.04,9.09,684.26,23.53," 221,275.81 ",57.93," 18,731.69 ",15.09,,18.43,3.43%,1.00,15.76,15.40%,7.18%,8.22%,,,,
1989.02,294.00,9.90,24.56,121.60,1989.12,9.17,701.99,23.63," 227,643.07 ",58.64," 19,016.71 ",15.47,,18.86,3.11%,1.00,15.73,15.05%,6.99%,8.06%,,,,
1989.03,292.70,10.01,24.96,122.30,1989.21,9.36,694.88,23.76," 225,981.50 ",59.26," 19,270.58 ",15.30,,18.62,2.95%,1.02,15.57,15.44%,6.93%,8.51%,,,,
1989.04,302.30,10.09,25.05,123.10,1989.29,9.18,713.01,23.79," 232,521.23 ",59.08," 19,265.26 ",15.69,,19.06,2.91%,1.03,15.77,15.50%,6.80%,8.70%,,,,
1989.05,313.90,10.19,25.13,123.80,1989.37,8.86,736.18,23.91," 240,728.13 ",58.94," 19,274.59 ",16.19,,19.63,2.96%,1.05,16.13,15.09%,6.31%,8.78%,,,,
1989.06,323.70,10.37,25.22,124.10,1989.46,8.28,757.33,24.26," 248,304.71 ",59.00," 19,345.83 ",16.64,,20.15,3.28%,1.02,16.84,14.67%,5.61%,9.05%,,,,
1989.07,331.90,10.42,24.71,124.40,1989.54,8.02,774.64,24.33," 254,645.50 ",57.67," 18,958.39 ",17.01,,20.56,3.32%,1.00,17.21,14.85%,5.49%,9.36%,,,,
1989.08,346.60,10.55,24.20,124.60,1989.62,8.11,807.65,24.58," 266,170.26 ",56.39," 18,584.31 ",17.73,,21.39,2.91%,1.00,17.19,13.88%,5.41%,8.47%,,,,
1989.09,347.30,10.73,23.69,125.00,1989.71,8.19,806.69,24.92," 266,538.83 ",55.03," 18,181.13 ",17.71,,21.33,2.75%,1.02,17.16,13.74%,5.44%,8.29%,,,,
1989.1,347.40,10.80,23.43,125.60,1989.79,8.01,803.07,24.96," 266,029.14 ",54.15," 17,939.51 ",17.64,,21.21,2.92%,1.02,17.40,13.59%,5.18%,8.41%,,,,
1989.11,340.20,10.92,23.16,125.90,1989.87,7.87,784.55,25.19," 260,590.22 ",53.42," 17,742.88 ",17.24,,20.70,3.12%,1.01,17.65,14.61%,5.14%,9.46%,,,,
1989.12,348.60,11.06,22.87,126.10,1989.96,7.84,802.65,25.47," 267,305.90 ",52.66," 17,536.68 ",17.65,,21.15,2.92%,0.98,17.77,14.63%,4.93%,9.70%,,,,
1990.01,339.97,11.14,22.49,127.40,1990.04,8.21,774.79,25.39," 258,732.92 ",51.25," 17,115.93 ",17.05,,20.41,2.71%,0.99,17.26,14.96%,4.97%,9.99%,,,,
1990.02,330.45,11.23,22.08,128.00,1990.12,8.47,749.57,25.47," 251,017.79 ",50.08," 16,772.50 ",16.51,,19.74,2.55%,1.00,17.00,14.95%,5.23%,9.72%,,,,
1990.03,338.46,11.32,21.67,128.70,1990.21,8.59,763.56,25.54," 256,416.68 ",48.89," 16,417.15 ",16.83,,20.10,2.21%,0.99,16.89,15.05%,5.47%,9.59%,,,,
1990.04,338.18,11.44,21.53,128.90,1990.29,8.79,761.74,25.76," 256,527.94 ",48.50," 16,334.18 ",16.81,,20.06,1.91%,1.01,16.76,15.21%,5.80%,9.40%,,,,
1990.05,350.25,11.55,21.40,129.20,1990.37,8.76,787.10,25.96," 265,795.40 ",48.08," 16,237.39 ",17.39,,20.72,1.67%,1.03,16.88,14.45%,5.42%,9.04%,,,,
1990.06,360.39,11.66,21.26,129.90,1990.46,8.48,805.52,26.06," 272,750.00 ",47.52," 16,089.97 ",17.82,,21.21,1.75%,1.01,17.23,14.46%,5.47%,8.99%,,,,
1990.07,360.03,11.73,21.42,130.40,1990.54,8.47,801.63,26.11," 272,169.52 ",47.69," 16,192.74 ",17.75,,21.10,1.82%,0.99,17.29,14.55%,5.50%,9.05%,,,,
1990.08,330.75,11.78,21.58,131.60,1990.62,8.75,729.72,26.00," 248,490.50 ",47.61," 16,212.92 ",16.17,,19.21,2.11%,1.00,16.94,15.71%,5.94%,9.77%,,,,
1990.09,315.41,11.83,21.74,132.70,1990.71,8.89,690.11,25.88," 235,735.86 ",47.57," 16,248.37 ",15.30,,18.17,2.32%,1.02,16.77,16.13%,6.07%,10.06%,,,,
1990.1,307.12,11.93,21.61,133.50,1990.79,8.72,667.95,25.94," 228,902.81 ",46.99," 16,103.92 ",14.82,,17.59,2.67%,1.03,16.98,15.83%,6.02%,9.81%,,,,
1990.11,315.29,12.01,21.47,133.80,1990.87,8.39,684.18,26.07," 235,209.67 ",46.60," 16,019.31 ",15.19,,18.02,2.77%,1.03,17.44,15.42%,5.79%,9.63%,,,,
1990.12,328.75,12.09,21.34,133.80,1990.96,8.08,713.39,26.24," 246,002.58 ",46.31," 15,968.65 ",15.85,,18.80,2.71%,1.01,17.93,14.52%,5.94%,8.58%,,,,
1991.01,325.49,12.11,21.18,134.60,1991.04,8.09,702.11,26.12," 242,865.96 ",45.69," 15,806.02 ",15.61,,18.50,2.78%,1.02,17.93,14.65%,5.98%,8.67%,,,,
1991.02,362.26,12.11,21.03,134.80,1991.12,7.85,780.27,26.09," 270,653.12 ",45.29," 15,709.55 ",17.35,,20.56,2.28%,0.99,18.32,13.12%,5.81%,7.32%,,,,
1991.03,372.28,12.11,20.94,135.00,1991.21,8.11,800.66,26.05," 278,480.10 ",45.04," 15,663.94 ",17.82,,21.10,1.82%,1.01,18.09,11.71%,6.14%,5.57%,,,,
1991.04,379.68,12.13,20.36,135.20,1991.29,8.04,815.37,26.05," 284,350.48 ",43.73," 15,250.51 ",18.16,,21.48,1.73%,1.00,18.27,11.48%,5.82%,5.66%,,,,
1991.05,377.99,12.14,19.86,135.60,1991.37,8.07,809.35,25.99," 283,005.16 ",42.52," 14,866.92 ",18.04,,21.33,1.68%,0.99,18.30,12.23%,5.60%,6.63%,,,,
1991.06,378.29,12.15,19.41,136.00,1991.46,8.28,807.61,25.94," 283,152.59 ",41.44," 14,528.51 ",18.02,,21.29,1.42%,1.01,18.11,11.93%,5.83%,6.10%,,,,
1991.07,380.23,12.19,18.84,136.20,1991.54,8.27,810.56,25.99," 284,946.22 ",40.16," 14,118.79 ",18.10,,21.38,1.30%,1.03,18.22,11.59%,5.87%,5.72%,,,,
1991.08,389.40,12.24,18.33,136.60,1991.62,7.90,827.67,26.01," 291,725.69 ",38.96," 13,732.23 ",18.51,,21.85,1.50%,1.02,18.75,11.10%,5.83%,5.26%,,,,
1991.09,387.20,12.28,17.82,137.20,1991.71,7.65,819.40,25.99," 289,572.26 ",37.71," 13,326.90 ",18.36,,21.66,1.74%,1.01,19.12,9.81%,5.82%,3.99%,,,,
1991.1,386.88,12.25,17.20,137.40,1991.79,7.53,817.53,25.89," 289,674.32 ",36.35," 12,880.88 ",18.35,,21.64,1.86%,1.01,19.37,10.19%,5.90%,4.30%,,,,
1991.11,385.92,12.23,16.59,137.80,1991.87,7.42,813.13,25.76," 288,877.44 ",34.95," 12,415.85 ",18.29,,21.56,1.98%,1.03,19.59,10.79%,5.77%,5.01%,,,,
1991.12,388.51,12.20,15.97,137.90,1991.96,7.09,818.00,25.69," 291,365.74 ",33.62," 11,976.81 ",18.44,,21.73,2.24%,1.01,20.15,10.90%,5.19%,5.71%,,,,
1992.01,416.08,12.24,16.05,138.10,1992.04,7.03,874.78,25.73," 312,353.99 ",33.74," 12,046.36 ",19.77,,23.29,1.92%,0.98,20.33,10.07%,5.16%,4.91%,,,,
1992.02,412.56,12.28,16.12,138.60,1992.12,7.34,864.25,25.72," 309,359.67 ",33.78," 12,090.12 ",19.58,,23.06,1.66%,0.99,19.93,9.76%,5.47%,4.28%,,,,
1992.03,407.36,12.32,16.19,139.30,1992.21,7.54,849.07,25.68," 304,691.43 ",33.75," 12,109.57 ",19.28,,22.70,1.60%,1.01,19.68,10.39%,5.29%,5.10%,,,,
1992.04,407.41,12.32,16.48,139.50,1992.29,7.48,847.95,25.64," 305,058.75 ",34.31," 12,342.30 ",19.30,,22.71,1.63%,1.01,19.85,9.92%,5.24%,4.69%,,,,
1992.05,414.81,12.32,16.77,139.70,1992.37,7.39,862.12,25.61," 310,922.67 ",34.85," 12,567.55 ",19.66,,23.13,1.54%,1.02,20.07,9.40%,5.21%,4.19%,,,,
1992.06,408.27,12.32,17.05,140.20,1992.46,7.26,845.50,25.51," 305,696.01 ",35.31," 12,766.35 ",19.32,,22.72,1.67%,1.04,20.31,8.92%,5.31%,3.60%,,,,
1992.07,415.05,12.34,17.38,140.50,1992.54,6.84,857.71,25.51," 310,877.56 ",35.92," 13,017.83 ",19.62,,23.07,1.98%,1.02,21.00,7.49%,5.22%,2.27%,,,,
1992.08,417.93,12.37,17.71,140.90,1992.62,6.59,861.21,25.48," 312,915.76 ",36.49," 13,259.97 ",19.72,,23.18,2.21%,1.02,21.44,7.51%,5.34%,2.17%,,,,
1992.09,418.48,12.40,18.04,141.30,1992.71,6.42,859.90,25.48," 313,212.07 ",37.07," 13,502.07 ",19.71,,23.16,2.39%,0.99,21.76,6.95%,5.53%,1.42%,,,,
1992.1,412.50,12.39,18.39,141.80,1992.79,6.59,844.62,25.36," 308,417.54 ",37.65," 13,749.81 ",19.37,,22.76,2.31%,0.99,21.54,6.95%,5.60%,1.36%,,,,
1992.11,422.84,12.38,18.74,142.00,1992.87,6.87,864.57,25.32," 316,473.73 ",38.32," 14,025.91 ",19.83,,23.30,1.95%,1.01,21.19,7.37%,5.71%,1.66%,,,,
1992.12,435.64,12.39,19.09,141.90,1992.96,6.77,891.37,25.35," 327,056.96 ",39.06," 14,331.83 ",20.45,,24.02,1.93%,1.02,21.48,6.93%,5.64%,1.29%,,,,
1993.01,435.23,12.41,19.34,142.60,1993.04,6.60,886.16,25.27," 325,917.99 ",39.38," 14,482.58 ",20.32,,23.87,2.16%,1.03,21.76,6.89%,5.48%,1.42%,,,,
1993.02,441.70,12.45,19.59,143.10,1993.12,6.26,896.19,25.25," 330,381.29 ",39.75," 14,652.86 ",20.55,,24.12,2.48%,1.03,22.35,5.96%,5.28%,0.68%,,,,
1993.03,450.16,12.48,19.84,143.60,1993.21,5.98,910.18,25.23," 336,311.97 ",40.11," 14,822.35 ",20.86,,24.48,2.72%,1.01,22.85,5.85%,5.09%,0.75%,,,,
1993.04,443.08,12.49,19.67,144.00,1993.29,5.97,893.38,25.19," 330,878.68 ",39.66," 14,688.96 ",20.46,,24.01,2.78%,1.00,22.92,6.59%,4.99%,1.60%,,,,
1993.05,445.25,12.51,19.50,144.20,1993.37,6.04,896.51,25.18," 332,815.23 ",39.26," 14,575.85 ",20.52,,24.07,2.65%,1.01,22.88,7.10%,5.39%,1.70%,,,,
1993.06,448.06,12.52,19.33,144.40,1993.46,5.96,900.91,25.17," 335,230.57 ",38.87," 14,462.36 ",20.61,,24.18,2.69%,1.02,23.10,7.60%,5.52%,2.08%,,,,
1993.07,447.29,12.52,19.69,144.40,1993.54,5.81,899.37,25.17," 335,435.07 ",39.59," 14,766.07 ",20.56,,24.12,2.81%,1.01,23.48,7.65%,4.80%,2.85%,,,,
1993.08,454.13,12.52,20.05,144.80,1993.62,5.68,910.60,25.10," 340,404.05 ",40.20," 15,028.96 ",20.81,,24.41,2.88%,1.03,23.75,7.43%,4.27%,3.16%,,,,
1993.09,459.24,12.52,20.41,145.10,1993.71,5.36,918.94,25.05," 344,303.10 ",40.84," 15,301.86 ",20.99,,24.61,3.12%,1.01,24.40,7.61%,4.14%,3.47%,,,,
1993.1,463.90,12.54,20.90,145.70,1993.79,5.33,924.44,24.99," 347,144.80 ",41.65," 15,639.85 ",21.11,,24.74,3.14%,0.97,24.46,7.75%,4.15%,3.60%,,,,
1993.11,462.89,12.56,21.39,145.80,1993.87,5.72,921.80,25.01," 346,934.12 ",42.60," 16,031.72 ",21.04,,24.65,2.75%,1.00,23.84,7.92%,4.48%,3.44%,,,,
1993.12,465.95,12.58,21.89,145.80,1993.96,5.77,927.89,25.05," 350,013.30 ",43.59," 16,443.38 ",21.16,,24.78,2.66%,1.01,23.86,8.16%,4.54%,3.62%,,,,
1994.01,472.99,12.62,22.16,146.20,1994.04,5.75,939.33,25.07," 355,117.56 ",44.00," 16,635.09 ",21.41,,25.06,2.60%,0.99,23.94,8.47%,4.59%,3.88%,,,,
1994.02,471.58,12.67,22.43,146.70,1994.12,5.97,933.34,25.07," 353,642.00 ",44.40," 16,822.93 ",21.26,,24.88,2.39%,0.97,23.58,8.57%,4.79%,3.79%,,,,
1994.03,463.81,12.71,22.71,147.20,1994.21,6.48,914.84,25.07," 347,425.35 ",44.79," 17,011.34 ",20.83,,24.36,2.00%,0.97,22.75,8.53%,5.35%,3.18%,,,,
1994.04,447.23,12.75,23.54,147.40,1994.29,6.97,880.94,25.12," 335,346.26 ",46.37," 17,650.99 ",20.06,,23.44,1.66%,0.99,22.04,8.98%,5.23%,3.75%,,,,
1994.05,450.90,12.80,24.37,147.50,1994.37,7.18,887.57,25.19," 338,667.99 ",47.97," 18,304.14 ",20.20,,23.59,1.39%,1.01,21.83,8.53%,5.00%,3.53%,,,,
1994.06,454.83,12.84,25.20,148.00,1994.46,7.10,892.28,25.19," 341,266.62 ",49.44," 18,907.98 ",20.29,,23.69,1.45%,0.99,22.01,8.72%,4.91%,3.80%,,,,
1994.07,451.40,12.87,25.91,148.40,1994.54,7.30,883.17,25.18," 338,582.66 ",50.69," 19,434.37 ",20.07,,23.42,1.29%,1.01,21.77,8.57%,5.28%,3.30%,,,,
1994.08,464.24,12.90,26.62,149.00,1994.62,7.24,904.63,25.14," 347,614.46 ",51.87," 19,932.57 ",20.54,,23.95,1.24%,0.99,21.91,8.13%,5.43%,2.70%,,,,
1994.09,466.96,12.92,27.33,149.40,1994.71,7.46,907.49,25.11," 349,519.03 ",53.11," 20,456.47 ",20.58,,23.98,0.99%,0.99,21.64,8.35%,5.70%,2.65%,,,,
1994.1,463.81,13.01,28.42,149.50,1994.79,7.74,900.77,25.27," 347,740.21 ",55.19," 21,307.81 ",20.40,,23.75,0.73%,0.99,21.34,8.36%,5.85%,2.50%,,,,
1994.11,461.01,13.10,29.51,149.70,1994.87,7.96,894.13,25.40," 345,996.31 ",57.24," 22,147.79 ",20.21,,23.51,0.57%,1.02,21.13,8.91%,5.91%,3.00%,,,,
1994.12,455.19,13.17,30.60,149.70,1994.96,7.81,882.85,25.54," 342,451.99 ",59.35," 23,021.22 ",19.91,,23.15,0.79%,1.01,21.49,9.36%,5.78%,3.58%,,,,
1995.01,465.25,13.18,31.25,150.30,1995.04,7.78,898.76,25.46," 349,446.13 ",60.37," 23,471.66 ",20.22,,23.49,0.77%,1.03,21.59,8.97%,5.75%,3.21%,,,,
1995.02,481.92,13.18,31.90,150.90,1995.12,7.47,927.26,25.36," 361,349.29 ",61.38," 23,919.00 ",20.80,,24.14,0.93%,1.03,22.11,8.72%,5.52%,3.20%,,,,
1995.03,493.15,13.17,32.55,151.40,1995.21,7.20,945.73,25.26," 369,368.71 ",62.42," 24,379.91 ",21.15,,24.53,1.12%,1.02,22.59,8.37%,4.97%,3.40%,,,,
1995.04,507.91,13.24,33.18,151.90,1995.29,7.06,970.83,25.31," 379,995.59 ",63.41," 24,821.33 ",21.64,,25.07,1.14%,1.04,22.88,7.73%,4.94%,2.79%,,,,
1995.05,523.81,13.31,33.80,152.20,1995.37,6.63,999.25,25.38," 391,946.79 ",64.49," 25,293.70 ",22.20,,25.68,1.43%,1.04,23.68,7.55%,4.79%,2.76%,,,,
1995.06,539.35,13.36,34.43,152.50,1995.46,6.17,1026.87,25.44," 403,612.28 ",65.55," 25,765.03 ",22.72,,26.26,1.78%,1.00,24.57,7.46%,4.56%,2.90%,,,,
1995.07,557.37,13.44,34.68,152.50,1995.54,6.28,1061.18,25.59," 417,935.34 ",66.03," 26,004.27 ",23.38,,26.99,1.53%,0.99,24.50,7.23%,4.42%,2.81%,,,,
1995.08,559.11,13.51,34.93,152.90,1995.62,6.49,1061.71,25.65," 418,985.26 ",66.33," 26,175.81 ",23.28,,26.86,1.34%,1.03,24.19,7.18%,4.47%,2.71%,,,,
1995.09,578.77,13.58,35.18,153.20,1995.71,6.20,1096.89,25.74," 433,715.12 ",66.67," 26,362.97 ",23.95,,27.59,1.51%,1.02,24.79,6.71%,4.17%,2.54%,,,,
1995.1,582.92,13.65,34.77,153.70,1995.79,6.04,1101.16,25.79," 436,253.63 ",65.69," 26,024.12 ",23.93,,27.54,1.66%,1.01,25.13,6.34%,3.83%,2.51%,,,,
1995.11,595.53,13.72,34.37,153.60,1995.87,5.93,1125.71,25.93," 446,837.26 ",64.96," 25,785.98 ",24.35,,28.00,1.67%,1.02,25.48,6.59%,3.74%,2.85%,,,,
1995.12,614.57,13.79,33.96,153.50,1995.96,5.71,1162.46,26.08," 462,286.53 ",64.24," 25,545.10 ",25.03,,28.75,1.74%,1.01,26.04,6.50%,3.65%,2.84%,,,,
1996.01,614.42,13.89,33.99,154.40,1996.04,5.65,1155.40,26.13," 460,345.50 ",63.91," 25,464.05 ",24.76,,28.42,1.87%,0.99,26.13,6.62%,3.62%,3.00%,,,,
1996.02,649.54,14.00,34.01,154.90,1996.12,5.81,1217.50,26.24," 485,958.87 ",63.75," 25,447.34 ",25.98,,29.78,1.59%,0.97,25.86,6.02%,3.62%,2.40%,,,,
1996.03,647.07,14.10,34.04,155.70,1996.21,6.27,1206.64,26.29," 482,498.08 ",63.48," 25,382.47 ",25.63,,29.36,1.28%,0.99,24.98,6.19%,3.84%,2.35%,,,,
1996.04,647.17,14.16,34.33,156.30,1996.29,6.51,1202.19,26.30," 481,596.46 ",63.77," 25,546.93 ",25.42,,29.10,1.13%,0.99,24.58,6.21%,3.74%,2.46%,,,,
1996.05,661.23,14.21,34.62,156.60,1996.37,6.74,1225.96,26.35," 491,996.40 ",64.19," 25,759.44 ",25.81,,29.52,0.83%,0.99,24.25,5.84%,3.77%,2.07%,,,,
1996.06,668.50,14.27,34.91,156.70,1996.46,6.91,1238.64,26.44," 497,972.56 ",64.68," 26,004.82 ",25.97,,29.67,0.59%,1.01,24.08,5.40%,3.87%,1.53%,,,,
1996.07,644.07,14.40,35.27,157.00,1996.54,6.87,1191.10,26.63," 479,749.82 ",65.23," 26,274.10 ",24.86,,28.38,0.82%,1.02,24.24,5.84%,3.83%,2.01%,,,,
1996.08,662.68,14.53,35.64,157.30,1996.62,6.64,1223.18,26.82," 493,570.68 ",65.78," 26,542.57 ",25.41,,28.99,0.96%,0.99,24.74,5.76%,3.81%,1.95%,,,,
1996.09,674.88,14.66,36.00,157.80,1996.71,6.83,1241.75,26.97," 501,971.68 ",66.24," 26,776.58 ",25.68,,29.27,0.72%,1.03,24.46,5.90%,4.15%,1.75%,,,,
1996.1,701.46,14.74,36.91,158.30,1996.79,6.53,1286.58,27.04," 521,004.51 ",67.70," 27,414.64 ",26.48,,30.16,0.92%,1.03,25.05,5.94%,3.99%,1.95%,,,,
1996.11,735.67,14.82,37.82,158.60,1996.87,6.20,1346.77,27.13," 546,295.73 ",69.24," 28,084.47 ",27.59,,31.38,1.11%,1.00,25.75,5.66%,3.87%,1.79%,,,,
1996.12,743.25,14.90,38.73,158.60,1996.96,6.30,1360.65,27.28," 552,846.55 ",70.90," 28,808.27 ",27.72,,31.51,0.99%,0.98,25.69,5.75%,3.95%,1.80%,,,,
1997.01,766.22,14.95,39.23,159.10,1997.04,6.58,1398.29,27.29," 569,065.03 ",71.60," 29,138.24 ",28.33,,32.17,0.60%,1.02,25.23,5.48%,3.98%,1.50%,,,,
1997.02,798.39,15.01,39.74,159.60,1997.12,6.42,1452.43,27.30," 592,025.64 ",72.29," 29,465.73 ",29.27,,33.19,0.64%,0.99,25.58,5.18%,3.86%,1.32%,,,,
1997.03,792.16,15.06,40.24,160.00,1997.21,6.69,1437.50,27.33," 586,865.72 ",73.02," 29,811.50 ",28.80,,32.64,0.40%,0.99,25.15,4.91%,4.11%,0.80%,,,,
1997.04,763.93,15.09,40.34,160.20,1997.29,6.89,1384.54,27.35," 566,175.83 ",73.12," 29,899.86 ",27.59,,31.23,0.31%,1.02,24.90,5.65%,4.08%,1.57%,,,,
1997.05,833.09,15.13,40.45,160.10,1997.37,6.71,1510.83,27.43," 618,753.26 ",73.35," 30,040.60 ",29.93,,33.84,0.17%,1.02,25.39,5.00%,3.81%,1.19%,,,,
1997.06,876.29,15.16,40.55,160.30,1997.46,6.49,1587.19,27.46," 650,963.91 ",73.45," 30,123.12 ",31.26,,35.31,0.22%,1.03,25.90,4.49%,3.34%,1.15%,,,,
1997.07,925.29,15.22,40.58,160.50,1997.54,6.22,1673.85,27.53," 687,448.51 ",73.41," 30,149.10 ",32.77,,36.97,0.33%,1.00,26.53,3.98%,3.22%,0.76%,,,,
1997.08,927.24,15.27,40.61,160.80,1997.62,6.30,1674.25,27.58," 688,555.87 ",73.33," 30,156.44 ",32.59,,36.73,0.23%,1.01,26.46,3.54%,3.57%,-0.03%,,,,
1997.09,937.02,15.33,40.64,161.20,1997.71,6.21,1687.71,27.61," 695,038.07 ",73.20," 30,144.87 ",32.67,,36.78,0.29%,1.02,26.71,3.73%,3.61%,0.12%,,,,
1997.1,951.16,15.39,40.33,161.60,1997.79,6.03,1708.94,27.65," 704,728.85 ",72.47," 29,883.55 ",32.90,,37.00,0.44%,1.02,27.14,3.87%,3.45%,0.41%,,,,
1997.11,938.92,15.44,40.03,161.50,1997.87,5.88,1687.99,27.76," 697,044.90 ",71.96," 29,715.43 ",32.34,,36.32,0.63%,1.01,27.59,3.41%,3.57%,-0.16%,,,,
1997.12,962.37,15.50,39.72,161.30,1997.96,5.81,1732.30,27.90," 716,299.93 ",71.50," 29,563.92 ",33.03,,37.06,0.62%,1.03,27.91,3.26%,3.54%,-0.28%,,,,
1998.01,963.36,15.55,39.66,161.60,1998.04,5.54,1730.86,27.94," 716,668.37 ",71.26," 29,504.10 ",32.86,,36.83,0.90%,1.00,28.57,2.50%,3.58%,-1.08%,,,,
1998.02,1023.74,15.60,39.60,161.90,1998.12,5.57,1835.93,27.98," 761,140.71 ",71.02," 29,442.21 ",34.71,,38.86,0.70%,1.00,28.58,1.69%,3.58%,-1.89%,,,,
1998.03,1076.83,15.64,39.54,162.20,1998.21,5.65,1927.57,28.00," 800,099.04 ",70.78," 29,378.75 ",36.30,,40.58,0.47%,1.01,28.49,0.83%,3.75%,-2.92%,,,,
1998.04,1112.20,15.75,39.35,162.50,1998.29,5.64,1987.21,28.14," 825,827.20 ",70.31," 29,218.04 ",37.28,,41.63,0.37%,1.00,28.59,0.87%,3.54%,-2.67%,,,,
1998.05,1108.42,15.85,39.16,162.80,1998.37,5.65,1976.81,28.27," 822,482.80 ",69.84," 29,057.96 ",36.96,,41.22,0.37%,1.02,28.65,1.08%,3.29%,-2.21%,,,,
1998.06,1108.39,15.95,38.97,163.00,1998.46,5.50,1974.33,28.41," 822,436.46 ",69.42," 28,916.13 ",36.80,,40.99,0.50%,1.01,29.08,0.54%,2.88%,-2.34%,,,,
1998.07,1156.58,16.02,38.68,163.20,1998.54,5.46,2057.64,28.49," 858,131.38 ",68.81," 28,696.41 ",38.26,,42.56,0.41%,1.01,29.26,-0.56%,2.87%,-3.43%,,,,
1998.08,1074.62,16.08,38.38,163.40,1998.62,5.34,1909.49,28.58," 797,337.97 ",68.20," 28,479.33 ",35.42,,39.36,0.70%,1.05,29.63,0.42%,2.92%,-2.50%,,,,
1998.09,1020.64,16.14,38.09,163.60,1998.71,4.81,1811.36,28.64," 757,357.27 ",67.60," 28,264.36 ",33.53,,37.21,1.34%,1.03,30.96,0.46%,2.69%,-2.23%,,,,
1998.1,1032.47,16.17,37.96,164.00,1998.79,4.53,1827.88,28.62," 765,264.26 ",67.21," 28,138.31 ",33.77,,37.44,1.59%,0.98,31.70,-1.79%,2.48%,-4.27%,,,,
1998.11,1144.43,16.18,37.84,164.00,1998.87,4.83,2026.09,28.65," 849,248.32 ",66.99," 28,077.52 ",37.37,,41.38,0.99%,1.02,31.07,-3.49%,3.15%,-6.64%,,,,
1998.12,1190.05,16.20,37.71,163.90,1998.96,4.65,2108.15,28.70," 884,642.82 ",66.80," 28,032.34 ",38.82,,42.93,1.05%,1.00,31.66,-3.82%,4.06%,-7.88%,,,,
1999.01,1248.77,16.28,37.93,164.30,1999.04,4.72,2206.78,28.78," 927,039.53 ",67.03," 28,160.27 ",40.58,,44.81,0.84%,0.98,31.53,-4.41%,3.99%,-8.40%,,,,
1999.02,1246.58,16.37,38.16,164.50,1999.12,5.00,2200.23,28.89," 925,299.90 ",67.35," 28,322.58 ",40.40,,44.56,0.54%,0.99,30.92,-5.10%,3.84%,-8.94%,,,,
1999.03,1281.66,16.45,38.38,165.00,1999.21,5.23,2255.29,28.95," 949,470.36 ",67.54," 28,432.40 ",41.36,,45.55,0.23%,1.01,30.41,-5.92%,4.06%,-9.98%,,,,
1999.04,1334.76,16.45,39.26,166.20,1999.29,5.18,2331.77,28.74," 982,676.32 ",68.59," 28,903.98 ",42.70,,46.97,0.21%,0.98,30.44,-5.18%,3.95%,-9.12%,,,,
1999.05,1332.07,16.45,40.14,166.20,1999.37,5.54,2327.07,28.74," 981,705.13 ",70.12," 29,582.26 ",42.56,,46.75,-0.20%,0.98,29.74,-4.58%,3.87%,-8.45%,,,,
1999.06,1322.55,16.45,41.02,166.20,1999.46,5.90,2310.44,28.74," 975,699.38 ",71.66," 30,262.14 ",42.18,,46.27,-0.57%,1.01,29.07,-4.33%,3.66%,-8.00%,,,,
1999.07,1380.99,16.51,42.00,166.70,1999.54,5.79,2405.30,28.76," 1,016,769.30 ",73.15," 30,922.97 ",43.83,,48.01,-0.54%,0.99,29.37,-4.59%,3.75%,-8.34%,,,,
1999.08,1327.49,16.58,42.98,167.10,1999.62,5.94,2306.58,28.80," 976,054.33 ",74.68," 31,601.61 ",41.93,,45.87,-0.58%,1.01,29.11,-3.47%,3.82%,-7.29%,,,,
1999.09,1318.17,16.64,43.96,167.90,1999.71,5.92,2279.48,28.78," 965,598.39 ",76.02," 32,202.00 ",41.32,,45.15,-0.51%,0.99,29.16,-3.03%,3.99%,-7.02%,,,,
1999.1,1300.01,16.66,45.36,168.20,1999.79,6.11,2244.06,28.75," 951,612.13 ",78.31," 33,206.13 ",40.55,,44.26,-0.68%,1.01,28.84,-2.66%,4.13%,-6.80%,,,,
1999.11,1391.00,16.67,46.77,168.30,1999.87,6.03,2399.70,28.76," 1,018,628.62 ",80.68," 34,247.21 ",43.21,,47.09,-0.77%,0.99,29.14,-3.13%,4.04%,-7.17%,,,,
1999.12,1428.68,16.69,48.17,168.30,1999.96,6.28,2464.71,28.79," 1,047,240.17 ",83.10," 35,309.21 ",44.20,,48.11,-1.09%,0.98,28.75,-3.17%,4.06%,-7.23%,,,,
2000.01,1425.59,16.71,49.10,168.80,2000.04,6.66,2452.09,28.75," 1,042,897.76 ",84.45," 35,916.92 ",43.77,,47.59,-1.52%,1.02,28.03,-3.03%,4.20%,-7.23%,,,,
2000.02,1388.87,16.74,50.02,169.80,2000.12,6.52,2374.86,28.62," 1,011,065.64 ",85.54," 36,415.84 ",42.19,,45.81,-1.28%,1.02,28.30,-3.02%,4.16%,-7.18%,,,,
2000.03,1442.21,16.76,50.95,171.20,2000.21,6.26,2445.90,28.42," 1,042,318.77 ",86.41," 36,822.75 ",43.22,,46.88,-1.05%,1.03,28.76,-2.79%,3.95%,-6.75%,,,,
2000.04,1461.36,16.74,51.27,171.30,2000.29,5.99,2476.93,28.37," 1,056,549.98 ",86.91," 37,070.15 ",43.53,,47.16,-0.81%,0.97,29.47,-2.55%,3.61%,-6.16%,,,,
2000.05,1418.48,16.72,51.60,171.50,2000.37,6.44,2401.45,28.31," 1,025,358.35 ",87.35," 37,297.02 ",41.97,,45.41,-1.18%,1.03,28.62,-2.86%,4.31%,-7.17%,,,,
2000.06,1461.96,16.70,51.92,172.40,2000.46,6.10,2462.14,28.13," 1,052,272.02 ",87.44," 37,370.35 ",42.78,,46.25,-0.89%,1.01,29.34,-3.45%,4.28%,-7.73%,,,,
2000.07,1473.00,16.58,52.51,172.80,2000.54,6.05,2474.99,27.86," 1,058,756.43 ",88.23," 37,745.30 ",42.76,,46.17,-0.86%,1.02,29.53,-3.53%,4.41%,-7.93%,,,,
2000.08,1485.46,16.47,53.11,172.80,2000.62,5.83,2495.93,27.67," 1,068,698.69 ",89.23," 38,207.04 ",42.87,,46.24,-0.74%,1.01,30.16,-3.55%,4.47%,-8.02%,,,,
2000.09,1468.05,16.35,53.70,173.70,2000.71,5.80,2453.89,27.33," 1,051,676.01 ",89.76," 38,469.40 ",41.90,,45.15,-0.68%,1.01,30.22,-3.08%,4.52%,-7.59%,,,,
2000.1,1390.14,16.32,52.47,174.00,2000.79,5.74,2319.66,27.24," 995,118.93 ",87.55," 37,557.78 ",39.37,,42.38,-0.52%,1.01,30.45,-2.11%,4.55%,-6.66%,,,,
2000.11,1378.04,16.30,51.23,174.10,2000.87,5.72,2298.14,27.18," 986,862.24 ",85.44," 36,689.97 ",38.78,,41.71,-0.47%,1.04,30.63,-1.80%,4.30%,-6.10%,,,,
2000.12,1330.93,16.27,50.00,174.00,2000.96,5.24,2220.86,27.15," 954,644.43 ",83.43," 35,863.81 ",37.27,,40.06,0.10%,1.01,31.93,-1.13%,3.40%,-4.53%,,,,
2001.01,1335.63,16.17,48.48,175.10,2001.04,5.16,2214.70,26.81," 952,957.71 ",80.39," 34,589.96 ",36.98,,39.71,0.21%,1.01,32.06,-0.82%,3.25%,-4.07%,,,,
2001.02,1305.75,16.07,46.96,175.80,2001.12,5.10,2156.53,26.54," 928,880.73 ",77.56," 33,406.27 ",35.83,,38.46,0.38%,1.02,32.22,-0.30%,3.02%,-3.32%,,,,
2001.03,1185.85,15.97,45.44,176.20,2001.21,4.89,1954.06,26.32," 842,616.12 ",74.88," 32,287.79 ",32.33,,34.68,0.90%,0.98,32.81,0.46%,2.90%,-2.44%,,,,
2001.04,1189.84,15.88,42.56,176.90,2001.29,5.14,1952.88,26.06," 843,042.15 ",69.85," 30,152.85 ",32.17,,34.50,0.69%,0.99,32.18,0.61%,3.02%,-2.41%,,,,
2001.05,1270.37,15.78,39.67,177.70,2001.37,5.39,2075.66,25.79," 896,975.90 ",64.82," 28,012.33 ",34.07,,36.52,0.29%,1.01,31.56,0.01%,3.46%,-3.45%,,,,
2001.06,1238.71,15.69,36.79,178.00,2001.46,5.28,2020.52,25.59," 874,069.13 ",60.01," 25,960.07 ",33.07,,35.43,0.47%,1.01,31.92,-0.09%,3.53%,-3.62%,,,,
2001.07,1204.45,15.71,33.96,177.50,2001.54,5.24,1970.17,25.69," 853,214.56 ",55.56," 24,059.12 ",32.16,,34.45,0.55%,1.03,32.24,0.45%,3.44%,-2.99%,,,,
2001.08,1178.50,15.72,31.14,177.50,2001.62,4.97,1927.73,25.72," 835,760.15 ",50.93," 22,081.28 ",31.40,,33.63,0.87%,1.02,33.07,-0.47%,3.80%,-4.27%,,,,
2001.09,1044.64,15.74,28.31,178.30,2001.71,4.73,1701.10,25.63," 738,432.33 ",46.10," 20,011.70 ",27.67,,29.63,1.54%,1.02,33.68,0.67%,3.91%,-3.23%,,,,
2001.1,1076.59,15.74,27.10,177.70,2001.79,4.57,1759.05,25.72," 764,516.93 ",44.28," 19,246.84 ",28.58,,30.61,1.53%,1.00,34.36,0.64%,3.58%,-2.94%,,,,
2001.11,1129.68,15.74,25.90,177.40,2001.87,4.65,1848.91,25.76," 804,507.29 ",42.38," 18,442.44 ",30.01,,32.14,1.24%,0.97,34.33,0.32%,3.74%,-3.43%,,,,
2001.12,1144.93,15.74,24.69,176.70,2001.96,5.09,1881.29,25.86," 819,535.56 ",40.57," 17,672.99 ",30.50,,32.68,0.70%,1.01,33.42,0.31%,4.09%,-3.78%,,,,
2002.01,1140.21,15.74,24.69,177.10,2002.04,5.04,1869.31,25.80," 815,250.19 ",40.48," 17,655.73 ",30.28,,32.45,0.78%,1.01,33.61,0.79%,4.01%,-3.23%,,,,
2002.02,1100.67,15.73,24.70,177.80,2002.12,4.91,1797.38,25.69," 784,814.50 ",40.33," 17,609.55 ",29.09,,31.18,1.05%,0.98,33.96,1.54%,3.88%,-2.34%,,,,
2002.03,1153.79,15.73,24.70,178.80,2002.21,5.28,1873.59,25.54," 819,019.10 ",40.11," 17,533.32 ",30.29,,32.48,0.55%,1.01,32.95,1.32%,3.95%,-2.62%,,,,
2002.04,1111.93,15.83,25.38,179.80,2002.29,5.21,1795.57,25.57," 785,846.22 ",40.98," 17,937.08 ",29.01,,31.10,0.81%,1.01,33.09,1.71%,4.00%,-2.29%,,,,
2002.05,1079.25,15.94,26.06,179.80,2002.37,5.16,1742.80,25.73," 763,688.53 ",42.08," 18,440.33 ",28.13,,30.17,0.95%,1.02,33.36,1.69%,4.18%,-2.49%,,,,
2002.06,1014.02,16.04,26.74,179.90,2002.46,4.93,1636.55,25.89," 718,077.56 ",43.16," 18,935.91 ",26.39,,28.32,1.38%,1.03,34.08,2.22%,4.16%,-1.94%,,,,
2002.07,903.59,15.96,27.84,180.10,2002.54,4.65,1456.71,25.73," 640,106.85 ",44.88," 19,721.97 ",23.46,,25.19,2.13%,1.04,34.94,3.71%,4.01%,-0.30%,,,,
2002.08,912.55,15.88,28.94,180.70,2002.62,4.26,1466.27,25.52," 645,241.99 ",46.50," 20,462.77 ",23.59,,25.34,2.50%,1.04,36.06,3.92%,3.50%,0.42%,,,,
2002.09,867.81,15.80,30.04,181.00,2002.71,3.87,1392.07,25.35," 613,519.83 ",48.19," 21,237.52 ",22.37,,24.03,3.11%,1.00,37.28,4.71%,3.09%,1.62%,,,,
2002.1,854.63,15.89,29.22,181.30,2002.79,3.94,1368.66,25.45," 604,136.73 ",46.80," 20,657.93 ",21.96,,23.61,3.10%,0.99,37.12,4.85%,3.12%,1.73%,,,,
2002.11,909.93,15.98,28.41,181.30,2002.87,4.05,1457.22,25.59," 644,169.57 ",45.49," 20,110.02 ",23.35,,25.11,2.71%,1.01,36.91,3.93%,3.34%,0.59%,,,,
2002.12,899.18,16.07,27.59,180.90,2002.96,4.03,1443.19,25.79," 638,916.97 ",44.28," 19,604.22 ",23.10,,24.86,2.76%,1.00,37.18,4.27%,3.24%,1.03%,,,,
2003.01,895.84,16.12,28.50,181.70,2003.04,4.05,1431.50,25.76," 634,691.41 ",45.54," 20,191.89 ",22.90,,24.65,2.77%,1.02,37.08,4.74%,3.07%,1.67%,,,,
2003.02,837.03,16.17,29.41,183.10,2003.12,3.90,1327.29,25.64," 589,438.32 ",46.64," 20,710.59 ",21.21,,22.85,3.31%,1.01,37.37,5.68%,2.86%,2.82%,,,,
2003.03,846.63,16.22,30.32,184.20,2003.21,3.81,1334.50,25.57," 593,584.46 ",47.79," 21,257.79 ",21.31,,22.97,3.40%,0.99,37.55,5.86%,2.82%,3.04%,,,,
2003.04,890.03,16.20,31.73,183.80,2003.29,3.96,1405.96,25.60," 626,319.61 ",50.12," 22,328.60 ",22.43,,24.19,2.97%,1.04,37.29,5.46%,3.10%,2.35%,,,,
2003.05,935.96,16.19,33.14,183.50,2003.37,3.57,1480.93,25.61," 660,668.40 ",52.44," 23,392.61 ",23.59,,25.45,3.11%,1.02,38.69,5.35%,2.56%,2.79%,,,,
2003.06,988.00,16.17,34.55,183.70,2003.46,3.33,1561.57,25.56," 697,592.85 ",54.61," 24,394.57 ",24.83,,26.80,3.13%,0.95,39.54,4.63%,1.99%,2.64%,,,,
2003.07,992.54,16.31,35.89,183.90,2003.54,3.98,1567.04,25.75," 700,994.86 ",56.67," 25,350.15 ",24.87,,26.84,2.49%,0.97,37.51,4.92%,2.29%,2.62%,,,,
2003.08,989.53,16.45,37.24,184.60,2003.62,4.45,1556.37,25.87," 697,183.40 ",58.57," 26,235.47 ",24.64,,26.61,2.07%,1.02,36.08,4.99%,2.56%,2.43%,,,,
2003.09,1019.44,16.59,38.58,185.20,2003.71,4.27,1598.21,26.01," 716,900.73 ",60.48," 27,130.61 ",25.24,,27.26,2.16%,1.00,36.62,4.81%,2.35%,2.45%,,,,
2003.1,1038.73,16.86,41.97,185.00,2003.79,4.29,1630.22,26.46," 732,244.64 ",65.86," 29,584.08 ",25.68,,27.74,2.02%,1.00,36.73,4.83%,2.54%,2.29%,,,,
2003.11,1049.90,17.12,45.35,184.50,2003.87,4.30,1652.21,26.95," 743,133.22 ",71.37," 32,101.69 ",25.95,,28.03,1.94%,1.01,36.93,5.10%,2.44%,2.66%,,,,
2003.12,1080.64,17.39,48.74,184.30,2003.96,4.27,1702.43,27.40," 766,748.31 ",76.78," 34,582.57 ",26.64,,28.78,1.86%,1.01,37.20,4.93%,2.23%,2.69%,,,,
2004.01,1132.52,17.60,49.83,185.20,2004.04,4.15,1775.49,27.59," 800,689.42 ",78.12," 35,227.36 ",27.66,,29.88,1.86%,1.01,37.51,4.53%,2.17%,2.37%,,,,
2004.02,1143.36,17.81,50.91,186.20,2004.12,4.08,1782.86,27.77," 805,055.63 ",79.39," 35,848.78 ",27.65,,29.87,1.95%,1.02,37.65,4.43%,2.25%,2.18%,,,,
2004.03,1123.98,18.02,52.00,187.40,2004.21,3.83,1741.42,27.92," 787,392.75 ",80.57," 36,428.07 ",26.89,,29.04,2.33%,0.96,38.30,4.87%,2.02%,2.85%,,,,
2004.04,1133.36,18.21,53.38,188.00,2004.29,4.35,1750.35,28.13," 792,489.76 ",82.44," 37,327.72 ",26.90,,29.06,1.83%,0.97,36.71,4.79%,2.45%,2.34%,,,,
2004.05,1102.78,18.41,54.77,189.10,2004.37,4.72,1693.21,28.26," 767,687.79 ",84.09," 38,125.19 ",25.90,,27.98,1.66%,1.00,35.56,5.25%,2.90%,2.35%,,,,
2004.06,1132.76,18.60,56.15,189.70,2004.46,4.73,1733.74,28.47," 787,139.50 ",85.94," 39,017.87 ",26.40,,28.52,1.57%,1.02,35.56,5.30%,2.87%,2.43%,,,,
2004.07,1105.85,18.79,56.69,189.40,2004.54,4.50,1695.24,28.80," 770,746.89 ",86.90," 39,511.36 ",25.70,,27.76,1.86%,1.02,36.41,5.68%,2.71%,2.97%,,,,
2004.08,1088.94,18.97,57.23,189.50,2004.62,4.28,1668.43,29.07," 759,661.99 ",87.69," 39,924.56 ",25.17,,27.19,2.13%,1.02,37.17,5.81%,2.64%,3.17%,,,,
2004.09,1117.66,19.16,57.77,189.90,2004.71,4.13,1708.83,29.29," 779,166.70 ",88.33," 40,273.84 ",25.67,,27.73,2.19%,1.01,37.68,5.72%,2.41%,3.30%,,,,
2004.1,1117.21,19.25,58.03,190.90,2004.79,4.10,1699.20,29.28," 775,885.75 ",88.26," 40,300.97 ",25.41,,27.45,2.31%,1.00,37.70,5.50%,2.66%,2.84%,,,,
2004.11,1168.94,19.35,58.29,191.00,2004.87,4.19,1776.94,29.41," 812,505.51 ",88.61," 40,516.15 ",26.47,,28.58,2.05%,1.00,37.54,5.66%,2.76%,2.90%,,,,
2004.12,1199.21,19.44,58.55,190.30,2004.96,4.23,1829.66,29.66," 837,741.84 ",89.33," 40,901.75 ",27.14,,29.31,1.88%,1.00,37.68,5.46%,2.90%,2.56%,,,,
2005.01,1181.41,19.70,59.11,190.70,2005.04,4.22,1798.72,30.00," 824,720.66 ",89.99," 41,261.28 ",26.59,,28.71,1.95%,1.01,37.77,5.56%,3.25%,2.31%,,,,
2005.02,1199.63,19.97,59.66,191.80,2005.12,4.17,1815.99,30.23," 833,791.74 ",90.32," 41,468.45 ",26.74,,28.87,2.00%,0.98,37.83,5.70%,3.11%,2.59%,,,,
2005.03,1194.90,20.23,60.22,193.30,2005.21,4.50,1794.79,30.39," 825,222.15 ",90.45," 41,589.15 ",26.34,,28.43,1.77%,1.02,36.68,5.75%,3.33%,2.42%,,,,
2005.04,1164.43,20.46,61.23,194.60,2005.29,4.34,1737.34,30.53," 799,976.57 ",91.36," 42,067.99 ",25.41,,27.43,2.10%,1.02,37.04,6.15%,3.32%,2.83%,,,,
2005.05,1178.28,20.70,62.25,194.40,2005.37,4.14,1759.81,30.91," 811,510.61 ",92.97," 42,870.82 ",25.65,,27.69,2.24%,1.01,37.82,6.05%,2.83%,3.22%,,,,
2005.06,1202.25,20.93,63.26,194.50,2005.46,4.00,1794.69,31.24," 828,794.26 ",94.43," 43,609.50 ",26.07,,28.14,2.30%,0.99,38.36,5.74%,2.52%,3.22%,,,,
2005.07,1222.24,21.11,64.33,195.40,2005.54,4.18,1816.13,31.37," 839,901.03 ",95.59," 44,206.40 ",26.29,,28.37,2.13%,1.00,37.75,5.59%,2.74%,2.85%,,,,
2005.08,1224.27,21.29,65.40,196.40,2005.62,4.26,1809.88,31.47," 838,225.39 ",96.68," 44,777.66 ",26.10,,28.17,2.11%,1.01,37.45,5.37%,2.99%,2.38%,,,,
2005.09,1225.92,21.47,66.47,198.80,2005.71,4.20,1790.44,31.36," 830,432.25 ",97.08," 45,026.46 ",25.73,,27.76,2.33%,0.98,37.31,5.00%,3.06%,1.93%,,,,
2005.1,1191.96,21.72,67.59,199.20,2005.79,4.46,1737.35,31.66," 807,030.20 ",98.52," 45,762.59 ",24.88,,26.84,2.19%,1.00,36.59,5.75%,3.38%,2.37%,,,,
2005.11,1237.37,21.97,68.71,197.60,2005.87,4.54,1818.14,32.28," 845,808.79 ",100.96," 46,966.97 ",25.93,,27.98,1.87%,1.01,36.79,5.58%,3.19%,2.39%,,,,
2005.12,1262.07,22.22,69.83,196.80,2005.96,4.47,1861.97,32.78," 867,470.30 ",103.02," 47,996.90 ",26.44,,28.53,1.83%,1.01,37.28,5.23%,3.12%,2.11%,,,,
2006.01,1278.73,22.41,70.78,198.30,2006.04,4.42,1872.28,32.81," 873,546.66 ",103.63," 48,350.10 ",26.47,,28.55,1.89%,0.99,37.29,4.45%,3.26%,1.18%,,,,
2006.02,1276.65,22.59,71.72,198.70,2006.12,4.57,1865.47,33.01," 871,653.68 ",104.80," 48,970.28 ",26.25,,28.31,1.76%,0.99,36.91,4.40%,3.67%,0.74%,,,,
2006.03,1293.74,22.78,72.67,199.80,2006.21,4.72,1880.03,33.10," 879,748.00 ",105.60," 49,415.87 ",26.33,,28.40,1.60%,0.98,36.41,4.91%,3.67%,1.23%,,,,
2006.04,1302.17,23.00,73.28,201.50,2006.29,4.99,1876.32,33.14," 879,302.22 ",105.59," 49,480.74 ",26.15,,28.20,1.41%,0.99,35.48,5.16%,3.98%,1.17%,,,,
2006.05,1290.01,23.22,73.88,202.50,2006.37,5.11,1849.62,33.29," 868,089.56 ",105.93," 49,718.49 ",25.65,,27.66,1.39%,1.00,35.12,5.22%,4.06%,1.15%,,,,
2006.06,1253.17,23.44,74.49,202.90,2006.46,5.11,1793.26,33.54," 842,948.11 ",106.59," 50,105.90 ",24.75,,26.69,1.55%,1.01,35.20,5.60%,4.18%,1.42%,,,,
2006.07,1260.24,23.66,75.85,203.50,2006.54,5.09,1798.06,33.76," 846,526.73 ",108.22," 50,949.86 ",24.70,,26.63,1.59%,1.02,35.30,5.92%,4.32%,1.60%,,,,
2006.08,1287.15,23.88,77.21,203.90,2006.62,4.88,1832.85,34.00," 864,240.65 ",109.94," 51,841.68 ",25.05,,27.02,1.74%,1.02,35.96,5.82%,4.07%,1.75%,,,,
2006.09,1317.74,24.10,78.57,202.90,2006.71,4.72,1885.65,34.49," 890,495.70 ",112.43," 53,095.64 ",25.64,,27.66,1.73%,1.00,36.75,5.43%,3.77%,1.66%,,,,
2006.1,1363.38,24.36,79.55,201.80,2006.79,4.73,1961.60,35.05," 927,739.53 ",114.45," 54,131.41 ",26.54,,28.62,1.50%,1.01,37.06,4.93%,3.56%,1.38%,,,,
2006.11,1388.64,24.62,80.53,201.50,2006.87,4.60,2000.92,35.48," 947,733.23 ",116.04," 54,960.94 ",26.93,,29.03,1.54%,1.01,37.65,4.85%,3.07%,1.78%,,,,
2006.12,1416.42,24.88,81.51,201.80,2006.96,4.56,2037.91,35.80," 966,668.63 ",117.27," 55,628.39 ",27.28,,29.41,1.54%,0.99,37.86,5.04%,2.71%,2.34%,,,,
2007.01,1424.16,25.08,82.06,202.42,2007.04,4.76,2042.81,35.98," 970,415.31 ",117.70," 55,912.99 ",27.21,,29.33,1.35%,1.01,37.29,5.09%,2.88%,2.22%,,,,
2007.02,1444.80,25.29,82.60,203.50,2007.12,4.72,2061.39,36.08," 980,668.21 ",117.86," 56,067.60 ",27.32,,29.44,1.40%,1.02,37.35,5.22%,2.86%,2.36%,,,,
2007.03,1406.95,25.49,83.15,205.35,2007.21,4.56,1989.27,36.04," 947,788.78 ",117.56," 56,013.81 ",26.23,,28.26,1.78%,0.99,37.63,5.75%,2.74%,3.01%,,,,
2007.04,1463.64,25.72,83.74,206.69,2007.29,4.69,2056.07,36.13," 981,048.48 ",117.63," 56,129.24 ",26.98,,29.07,1.60%,1.00,37.15,5.34%,3.03%,2.31%,,,,
2007.05,1511.14,25.94,84.33,207.95,2007.37,4.75,2109.90,36.22," 1,008,175.21 ",117.74," 56,261.77 ",27.55,,29.68,1.53%,0.98,36.89,5.22%,3.11%,2.11%,,,,
2007.06,1514.19,26.17,84.92,208.35,2007.46,5.10,2110.07,36.47," 1,009,708.24 ",118.34," 56,627.26 ",27.42,,29.53,1.20%,1.01,35.97,5.38%,3.48%,1.90%,,,,
2007.07,1520.71,26.44,82.81,208.30,2007.54,5.00,2119.70,36.85," 1,015,783.61 ",115.43," 55,316.55 ",27.41,,29.52,1.29%,1.03,36.41,5.43%,3.26%,2.17%,,,,
2007.08,1454.62,26.71,80.71,207.92,2007.62,4.67,2031.30,37.30," 974,912.37 ",112.70," 54,091.05 ",26.15,,28.16,1.76%,1.02,37.58,5.86%,3.02%,2.83%,,,,
2007.09,1497.12,26.98,78.60,208.49,2007.71,4.52,2084.90,37.57," 1,002,141.70 ",109.46," 52,613.24 ",26.73,,28.78,1.83%,1.00,38.07,5.68%,2.86%,2.82%,,,,
2007.1,1539.66,27.23,74.46,208.94,2007.79,4.53,2139.57,37.84," 1,029,932.82 ",103.47," 49,808.92 ",27.32,,29.42,1.73%,1.03,38.10,5.69%,2.73%,2.95%,,,,
2007.11,1463.39,27.48,70.32,210.18,2007.87,4.15,2021.57,37.96," 974,655.91 ",97.14," 46,834.95 ",25.73,,27.71,2.41%,1.01,39.19,6.44%,2.48%,3.96%,,,,
2007.12,1479.22,27.73,66.18,210.04,2007.96,4.10,2044.81,38.33," 987,400.59 ",91.48," 44,176.10 ",25.96,,27.96,2.43%,1.03,39.51,6.61%,2.37%,4.24%,,,,
2008.01,1378.76,27.92,64.25,211.08,2008.04,3.74,1896.51,38.40," 917,335.49 ",88.38," 42,747.69 ",24.02,,25.89,3.13%,1.00,40.62,7.85%,1.89%,5.96%,,,,
2008.02,1354.87,28.11,62.32,211.69,2008.12,3.74,1858.26,38.55," 900,384.39 ",85.47," 41,415.01 ",23.50,,25.33,3.23%,1.02,40.63,7.69%,1.62%,6.07%,,,,
2008.03,1316.94,28.30,60.39,213.53,2008.21,3.51,1790.71,38.48," 869,210.60 ",82.12," 39,858.78 ",22.61,,24.38,3.70%,0.99,41.18,8.05%,1.50%,6.55%,,,,
2008.04,1370.47,28.44,57.38,214.82,2008.29,3.68,1852.26,38.43," 900,643.49 ",77.56," 37,711.10 ",23.36,,25.20,3.43%,0.99,40.48,7.44%,1.63%,5.81%,,,,
2008.05,1403.22,28.57,54.38,216.63,2008.37,3.88,1880.69,38.30," 916,017.23 ",72.88," 35,496.90 ",23.70,,25.58,3.24%,0.99,39.60,7.42%,1.74%,5.68%,,,,
2008.06,1341.25,28.71,51.37,218.82,2008.46,4.10,1779.70,38.10," 868,374.63 ",68.16," 33,258.83 ",22.42,,24.22,3.35%,1.01,38.63,8.21%,2.06%,6.14%,,,,
2008.07,1257.33,28.76,49.56,219.96,2008.54,4.01,1659.63,37.96," 811,332.92 ",65.42," 31,982.35 ",20.91,,22.60,3.80%,1.01,38.84,9.12%,2.05%,7.07%,,,,
2008.08,1281.47,28.80,47.76,219.09,2008.62,3.89,1698.28,38.17," 831,779.00 ",63.29," 30,997.99 ",21.40,,23.16,3.76%,1.02,39.51,9.10%,1.89%,7.21%,,,,
2008.09,1216.95,28.85,45.95,218.78,2008.71,3.69,1615.00,38.29," 792,556.85 ",60.98," 29,925.62 ",20.36,,22.05,4.17%,0.99,40.35,9.80%,1.60%,8.21%,,,,
2008.1,968.80,28.70,35.59,216.57,2008.79,3.81,1298.81,38.47," 638,957.21 ",47.72," 23,475.04 ",16.39,,17.77,5.11%,1.03,40.49,11.73%,1.44%,10.29%,,,,
2008.11,883.04,28.54,25.24,212.43,2008.87,3.53,1206.95,39.01," 595,367.30 ",34.49," 17,015.18 ",15.26,,16.58,5.64%,1.10,42.37,12.33%,1.07%,11.26%,,,,
2008.12,877.56,28.39,14.88,210.23,2008.96,2.42,1211.99,39.21," 599,467.63 ",20.55," 10,164.64 ",15.38,,16.73,6.60%,0.99,47.13,11.65%,0.30%,11.35%,,,,
2009.01,865.58,28.01,12.21,211.14,2009.04,2.52,1190.27,38.52," 590,309.41 ",16.79," 8,324.72 ",15.17,,16.55,6.61%,0.97,46.61,11.99%,0.52%,11.47%,,,,
2009.02,805.23,27.64,9.53,212.19,2009.12,2.87,1101.80,37.82," 547,997.32 ",13.04," 6,487.89 ",14.12,,15.43,6.79%,1.01,45.08,13.42%,0.86%,12.55%,,,,
2009.03,757.13,27.26,6.86,212.71,2009.21,2.82,1033.47,37.21," 515,555.26 ",9.36," 4,671.20 ",13.32,,14.59,7.26%,0.99,45.27,14.27%,0.88%,13.39%,,,,
2009.04,848.15,26.70,7.08,213.24,2009.29,2.93,1154.83,36.36," 577,607.18 ",9.64," 4,819.35 ",14.98,,16.44,6.27%,0.97,44.83,13.33%,0.98%,12.35%,,,,
2009.05,902.41,26.15,7.29,213.86,2009.37,3.29,1225.17,35.50," 614,268.72 ",9.90," 4,964.56 ",16.00,,17.59,5.51%,0.97,43.45,12.44%,1.42%,11.02%,,,,
2009.06,926.12,25.59,7.51,215.69,2009.46,3.72,1246.65,34.45," 626,478.28 ",10.11," 5,080.18 ",16.38,,18.04,5.02%,1.02,41.67,12.37%,2.17%,10.21%,,,,
2009.07,935.82,25.03,9.19,215.35,2009.54,3.56,1261.71,33.74," 635,458.25 ",12.39," 6,238.10 ",16.69,,18.41,5.02%,1.00,42.42,12.62%,2.38%,10.24%,,,,
2009.08,1009.73,24.46,10.86,215.83,2009.62,3.59,1358.31,32.91," 685,492.86 ",14.61," 7,374.98 ",18.09,,19.98,4.53%,1.02,42.35,11.41%,2.41%,9.00%,,,,
2009.09,1044.55,23.90,12.54,215.97,2009.71,3.40,1404.28,32.13," 710,039.71 ",16.86," 8,524.15 ",18.83,,20.82,4.46%,1.00,43.12,11.35%,2.17%,9.19%,,,,
2009.1,1067.66,23.40,25.35,216.18,2009.79,3.39,1433.96,31.43," 726,375.03 ",34.05," 17,246.70 ",19.36,,21.42,4.32%,1.00,43.24,11.07%,2.12%,8.95%,,,,
2009.11,1088.07,22.91,38.16,216.33,2009.87,3.40,1460.34,30.74," 741,035.06 ",51.22," 25,989.04 ",19.81,,21.94,4.19%,0.99,43.29,11.34%,2.03%,9.31%,,,,
2009.12,1110.38,22.41,50.97,215.95,2009.96,3.59,1492.91,30.13," 758,837.72 ",68.53," 34,833.08 ",20.32,,22.51,3.85%,0.99,42.81,11.36%,2.13%,9.23%,,,,
2010.01,1123.58,22.24,54.29,216.69,2010.04,3.73,1505.52,29.80," 766,505.71 ",72.74," 37,036.61 ",20.53,,22.74,3.67%,1.01,42.29,11.57%,2.32%,9.25%,,,,
2010.02,1089.16,22.07,57.61,216.74,2010.12,3.69,1459.03,29.56," 744,093.65 ",77.17," 39,358.07 ",19.92,,22.07,3.80%,1.00,42.55,11.88%,2.49%,9.40%,,,,
2010.03,1152.05,21.90,60.93,217.63,2010.21,3.73,1536.97,29.22," 785,081.95 ",81.29," 41,521.67 ",21.00,,23.27,3.46%,0.99,42.37,9.00%,3.16%,5.84%,,,,
2010.04,1197.32,21.95,62.99,218.01,2010.29,3.85,1594.59,29.23," 815,761.32 ",83.89," 42,914.25 ",21.80,,24.15,3.18%,1.04,42.01,9.12%,3.53%,5.58%,,,,
2010.05,1125.06,21.99,65.04,218.18,2010.37,3.42,1497.20,29.27," 767,182.93 ",86.56," 44,353.31 ",20.48,,22.68,3.90%,1.02,43.63,10.42%,3.14%,7.28%,,,,
2010.06,1083.36,22.04,67.10,217.97,2010.46,3.20,1443.11,29.36," 740,723.11 ",89.38," 45,878.12 ",19.74,,21.86,4.24%,1.02,44.61,11.45%,2.80%,8.65%,,,,
2010.07,1079.80,22.14,68.69,218.01,2010.54,3.01,1438.07,29.49," 739,394.66 ",91.48," 47,033.30 ",19.67,,21.77,4.43%,1.03,45.45,11.79%,2.67%,9.12%,,,,
2010.08,1087.28,22.25,70.27,218.31,2010.62,2.70,1446.03,29.59," 744,757.80 ",93.46," 48,135.36 ",19.77,,21.88,4.72%,1.01,46.72,12.32%,2.33%,9.99%,,,,
2010.09,1122.08,22.35,71.86,218.44,2010.71,2.65,1491.45,29.71," 769,423.03 ",95.51," 49,275.22 ",20.38,,22.55,4.57%,1.01,47.00,11.86%,2.23%,9.63%,,,,
2010.1,1171.58,22.48,73.69,218.71,2010.79,2.54,1555.31,29.84," 803,649.42 ",97.83," 50,547.91 ",21.24,,23.49,4.48%,0.98,47.50,11.56%,2.02%,9.55%,,,,
2010.11,1198.89,22.60,75.52,218.80,2010.87,2.76,1590.89,29.99," 823,328.55 ",100.21," 51,862.78 ",21.70,,23.99,4.16%,0.96,46.67,11.73%,2.13%,9.60%,,,,
2010.12,1241.53,22.73,77.35,219.18,2010.96,3.29,1644.65,30.11," 852,447.17 ",102.47," 53,109.30 ",22.40,,24.75,3.51%,0.99,44.61,11.80%,2.53%,9.27%,,,,
2011.01,1282.62,22.96,78.67,220.22,2011.04,3.39,1691.02,30.28," 877,792.75 ",103.72," 53,839.76 ",22.98,,25.38,3.28%,0.99,44.15,11.74%,2.46%,9.28%,,,,
2011.02,1321.12,23.20,79.99,221.31,2011.12,3.58,1733.24,30.43," 901,020.85 ",104.94," 54,554.21 ",23.49,,25.93,3.01%,1.02,43.36,11.66%,2.42%,9.23%,,,,
2011.03,1304.49,23.43,81.31,223.47,2011.21,3.41,1694.89,30.44," 882,406.20 ",105.64," 55,001.15 ",22.90,,25.27,3.36%,1.00,43.69,11.90%,1.95%,9.95%,,,,
2011.04,1331.51,23.73,82.16,224.91,2011.29,3.46,1718.93,30.64," 896,250.05 ",106.07," 55,304.80 ",23.14,,25.53,3.29%,1.03,43.35,12.29%,1.94%,10.36%,,,,
2011.05,1338.31,24.04,83.02,225.96,2011.37,3.17,1719.62,30.89," 897,951.33 ",106.67," 55,700.79 ",23.06,,25.42,3.60%,1.02,44.33,12.27%,1.66%,10.61%,,,,
2011.06,1287.29,24.34,83.87,225.72,2011.46,3.00,1655.83,31.31," 866,007.39 ",107.88," 56,422.44 ",22.10,,24.36,3.93%,1.00,45.14,12.77%,1.49%,11.29%,,,,
2011.07,1325.19,24.62,84.91,225.92,2011.54,3.00,1703.08,31.64," 892,093.91 ",109.12," 57,157.63 ",22.61,,24.92,3.86%,1.06,45.22,12.72%,1.62%,11.10%,,,,
2011.08,1185.31,24.90,85.94,226.55,2011.62,2.30,1519.12,31.91," 797,127.93 ",110.15," 57,797.40 ",20.05,,22.09,5.16%,1.03,48.00,14.22%,1.04%,13.18%,,,,
2011.09,1173.88,25.18,86.98,226.89,2011.71,1.98,1502.19,32.22," 789,653.27 ",111.31," 58,510.27 ",19.70,,21.71,5.54%,0.99,49.40,14.29%,0.65%,13.64%,,,,
2011.1,1207.22,25.60,86.97,226.42,2011.79,2.15,1548.05,32.82," 815,197.01 ",111.52," 58,728.06 ",20.16,,22.21,5.26%,1.01,48.83,13.88%,0.50%,13.38%,,,,
2011.11,1226.42,26.01,86.96,226.23,2011.87,2.01,1574.00,33.39," 830,326.42 ",111.61," 58,874.76 ",20.35,,22.42,5.37%,1.00,49.58,14.15%,0.33%,13.82%,,,,
2011.12,1243.32,26.43,86.95,225.67,2011.96,1.98,1599.63,34.00," 845,344.49 ",111.87," 59,118.09 ",20.52,,22.62,5.37%,1.00,49.92,13.94%,0.33%,13.61%,,,,
2012.01,1300.58,26.74,87.48,226.67,2012.04,1.97,1665.97,34.25," 881,910.38 ",112.06," 59,319.32 ",21.21,,23.39,5.24%,1.00,49.82,13.13%,0.01%,13.12%,,,,
2012.02,1352.49,27.04,88.01,227.66,2012.12,1.97,1724.87,34.49," 914,611.18 ",112.24," 59,516.10 ",21.80,,24.03,5.12%,0.98,49.69,12.28%,-0.19%,12.48%,,,,
2012.03,1389.24,27.35,88.54,229.39,2012.21,2.17,1758.38,34.62," 933,911.71 ",112.07," 59,520.70 ",22.05,,24.32,4.89%,1.01,48.52,11.80%,-0.25%,12.05%,,,,
2012.04,1386.43,27.67,88.33,230.09,2012.29,2.05,1749.54,34.92," 930,761.12 ",111.47," 59,301.39 ",21.78,,24.02,5.04%,1.02,48.98,11.76%,-0.94%,12.71%,,,,
2012.05,1341.27,28.00,88.13,229.82,2012.37,1.80,1694.54,35.37," 903,069.56 ",111.34," 59,335.19 ",20.94,,23.10,5.46%,1.02,50.23,,,,,,,
2012.06,1323.48,28.32,87.92,229.48,2012.46,1.62,1674.52,35.83," 893,991.57 ",111.24," 59,388.69 ",20.55,,22.67,5.71%,1.01,51.21,,,,,,,
2012.07,1359.78,28.74,87.45,229.10,2012.54,1.53,1723.26,36.43," 921,631.73 ",110.82," 59,269.60 ",21.00,,23.17,5.67%,0.99,51.79,,,,,,,
2012.08,1403.45,29.17,86.97,230.38,2012.62,1.68,1768.76,36.76," 947,604.20 ",109.61," 58,724.07 ",21.41,,23.63,5.45%,1.00,50.86,,,,,,,
2012.09,1443.42,29.59,86.50,231.41,2012.71,1.72,1811.05,37.13," 971,919.81 ",108.53," 58,244.35 ",21.78,,24.04,5.36%,1.00,50.52,,,,,,,
2012.1,1437.82,30.14,86.50,231.32,2012.79,1.75,1804.73,37.84," 970,217.82 ",108.58," 58,371.06 ",21.58,,23.82,5.35%,1.01,50.47,,,,,,,
2012.11,1394.51,30.70,86.51,230.22,2012.87,1.65,1758.70,38.71," 947,207.01 ",109.10," 58,758.79 ",20.90,,23.07,5.55%,0.99,51.25,,,,,,,
2012.12,1422.29,31.25,86.51,229.60,2012.96,1.72,1798.58,39.52," 970,458.66 ",109.40," 59,027.61 ",21.24,,23.46,5.40%,0.98,51.13,,,,,,,
2013.01,1480.40,31.54,86.91,230.28,2013.04,1.91,1866.54,39.76," 1,008,917.85 ",109.57," 59,228.38 ",21.90,,24.19,5.05%,1.00,50.18,,,,,,,
2013.02,1512.31,31.82,87.30,232.17,2013.12,1.98,1891.28,39.80," 1,024,085.12 ",109.18," 59,118.86 ",22.05,,24.37,4.96%,1.00,49.54,,,,,,,
2013.03,1550.83,32.11,87.70,232.77,2013.21,1.96,1934.40,40.05," 1,049,238.30 ",109.39," 59,334.81 ",22.42,,24.78,4.87%,1.02,49.58,,,,,,,
2013.04,1570.70,32.50,88.78,232.53,2013.29,1.76,1961.22,40.58," 1,065,621.70 ",110.86," 60,233.94 ",22.60,,24.98,5.05%,0.99,50.62,,,,,,,
2013.05,1639.84,32.88,89.87,232.95,2013.37,1.93,2043.91,40.99," 1,112,407.43 ",112.01," 60,962.26 ",23.41,,25.88,4.76%,0.97,49.83,,,,,,,
2013.06,1618.77,33.27,90.95,233.50,2013.46,2.30,2012.82,41.37," 1,097,361.73 ",113.09," 61,654.87 ",22.93,,25.35,4.49%,0.98,48.16,,,,,,,
2013.07,1668.68,33.65,92.09,233.60,2013.54,2.58,2074.06,41.82," 1,132,650.13 ",114.46," 62,507.94 ",23.49,,25.98,4.10%,0.99,47.05,,,,,,,
2013.08,1670.09,34.02,93.23,233.88,2013.62,2.74,2073.32,42.24," 1,134,167.38 ",115.74," 63,313.01 ",23.36,,25.83,3.94%,1.00,46.44,,,,,,,
2013.09,1687.17,34.40,94.37,234.15,2013.71,2.81,2092.09,42.66," 1,146,380.02 ",117.02," 64,121.51 ",23.44,,25.92,3.83%,1.02,46.22,,,,,,,
2013.1,1720.03,34.60,96.31,233.55,2013.79,2.62,2138.35,43.01," 1,173,688.91 ",119.74," 65,720.88 ",23.83,,26.36,3.93%,0.99,47.21,,,,,,,
2013.11,1783.54,34.79,98.26,233.07,2013.87,2.72,2221.84,43.34," 1,221,499.23 ",122.40," 67,293.38 ",24.64,,27.25,3.70%,0.99,47.00,,,,,,,
2013.12,1807.78,34.99,100.20,233.05,2013.96,2.90,2252.23,43.59," 1,240,203.97 ",124.83," 68,740.91 ",24.86,,27.48,3.50%,1.01,46.38,,,,,,,
2014.01,1822.36,35.40,100.42,233.92,2014.04,2.86,2261.98,43.94," 1,247,589.05 ",124.64," 68,745.33 ",24.86,,27.47,3.53%,1.02,46.48,,,,,,,
2014.02,1817.04,35.82,100.63,234.78,2014.12,2.71,2247.07,44.29," 1,241,399.73 ",124.45," 68,752.58 ",24.59,,27.17,3.70%,1.00,47.02,,,,,,,
2014.03,1863.52,36.23,100.85,236.29,2014.21,2.72,2289.80,44.52," 1,267,057.60 ",123.92," 68,570.64 ",24.96,,27.57,3.63%,1.00,46.79,,,,,,,
2014.04,1864.26,36.61,101.61,237.07,2014.29,2.71,2283.18,44.84," 1,265,463.36 ",124.44," 68,970.81 ",24.79,,27.37,3.67%,1.02,46.78,,,,,,,
2014.05,1889.77,37.00,102.36,237.90,2014.37,2.56,2306.37,45.15," 1,280,400.44 ",124.93," 69,355.56 ",24.94,,27.54,3.77%,1.00,47.34,,,,,,,
2014.06,1947.09,37.38,103.12,238.34,2014.46,2.60,2371.91,45.54," 1,318,891.81 ",125.62," 69,849.94 ",25.56,,28.21,3.62%,1.01,47.18,,,,,,,
2014.07,1973.10,37.75,104.07,238.25,2014.54,2.54,2404.53,46.00," 1,339,163.50 ",126.82," 70,631.13 ",25.82,,28.49,3.65%,1.01,47.55,,,,,,,
2014.08,1961.53,38.12,105.01,237.85,2014.62,2.42,2394.43,46.53," 1,335,698.16 ",128.19," 71,508.52 ",25.62,,28.26,3.78%,0.99,48.24,,,,,,,
2014.09,1993.23,38.49,105.96,238.03,2014.71,2.53,2431.30,46.95," 1,358,446.00 ",129.25," 72,214.92 ",25.92,,28.58,3.61%,1.02,47.83,,,,,,,
2014.1,1937.27,38.81,104.74,237.43,2014.79,2.30,2368.99,47.45," 1,325,842.46 ",128.09," 71,684.98 ",25.16,,27.74,3.88%,1.00,49.03,,,,,,,
2014.11,2044.57,39.12,103.53,236.15,2014.87,2.33,2513.78,48.10," 1,409,116.89 ",127.28," 71,350.54 ",26.61,,29.32,3.57%,1.01,49.26,,,,,,,
2014.12,2054.27,39.44,102.31,234.81,2014.96,2.21,2540.10,48.77," 1,426,153.73 ",126.51," 71,027.56 ",26.79,,29.52,3.65%,1.03,50.17,,,,,,,
2015.01,2028.18,39.90,101.29,233.71,2015.04,1.88,2519.70,49.57," 1,417,017.52 ",125.84," 70,767.74 ",26.49,,29.17,3.95%,0.99,52.00,,,,,,,
2015.02,2082.20,40.35,100.27,234.72,2015.12,1.98,2575.63,49.92," 1,450,807.91 ",124.03," 69,864.81 ",27.00,,29.72,3.76%,1.00,51.39,,,,,,,
2015.03,2079.99,40.81,99.25,236.12,2015.21,2.04,2557.67,50.18," 1,443,049.02 ",122.04," 68,857.36 ",26.73,,29.42,3.72%,1.01,50.90,,,,,,,
2015.04,2094.86,41.12,97.80,236.60,2015.29,1.94,2570.73,50.46," 1,452,789.49 ",120.02," 67,826.80 ",26.79,,29.48,3.77%,0.98,51.34,,,,,,,
2015.05,2111.94,41.43,96.36,237.81,2015.37,2.20,2578.55,50.58," 1,459,588.95 ",117.65," 66,593.33 ",26.81,,29.49,3.57%,0.99,49.98,,,,,,,
2015.06,2099.29,41.74,94.91,238.64,2015.46,2.36,2554.15,50.78," 1,448,177.52 ",115.47," 65,472.86 ",26.50,,29.14,3.48%,1.01,49.19,,,,,,,
2015.07,2094.14,42.00,93.49,238.65,2015.54,2.32,2547.72,51.09," 1,446,942.08 ",113.74," 64,599.04 ",26.38,,29.01,3.49%,1.02,49.46,,,,,,,
2015.08,2039.87,42.25,92.08,238.32,2015.62,2.17,2485.21,51.48," 1,413,879.67 ",112.18," 63,820.40 ",25.69,,28.25,3.68%,1.00,50.29,,,,,,,
2015.09,1944.41,42.51,90.66,237.95,2015.71,2.17,2372.61,51.87," 1,352,274.75 ",110.63," 63,051.12 ",24.50,,26.94,3.73%,1.01,50.46,,,,,,,
2015.1,2024.81,42.80,89.28,237.84,2015.79,2.07,2471.82,52.25," 1,411,305.71 ",108.99," 62,231.06 ",25.49,,28.03,3.64%,0.98,51.02,,,,,,,
2015.11,2080.62,43.10,87.91,237.34,2015.87,2.26,2545.33,52.72," 1,455,781.55 ",107.54," 61,507.10 ",26.23,,28.83,3.40%,1.00,50.36,,,,,,,
2015.12,2054.08,43.39,86.53,236.53,2015.96,2.24,2521.47,53.26," 1,444,678.43 ",106.22," 60,858.40 ",25.97,,28.54,3.47%,1.02,50.71,,,,,,,
2016.01,1918.60,43.55,86.50,236.92,2016.04,2.09,2351.28,53.38," 1,349,713.90 ",106.01," 60,851.79 ",24.21,,26.61,3.84%,1.03,51.40,,,,,,,
2016.02,1904.42,43.72,86.47,237.11,2016.12,1.78,2331.98,53.53," 1,341,197.36 ",105.88," 60,896.93 ",24.00,,26.39,4.17%,0.99,52.90,,,,,,,
2016.03,2021.95,43.88,86.44,238.13,2016.21,1.89,2465.28,53.50," 1,420,427.32 ",105.39," 60,724.42 ",25.37,,27.89,3.82%,1.01,52.23,,,,,,,
2016.04,2075.54,44.07,86.60,239.26,2016.29,1.81,2518.68,53.48," 1,453,762.25 ",105.09," 60,656.89 ",25.92,,28.50,3.78%,1.00,52.44,,,,,,,
2016.05,2065.55,44.27,86.76,240.23,2016.37,1.81,2496.46,53.50," 1,443,508.65 ",104.86," 60,632.19 ",25.69,,28.24,3.81%,1.02,52.31,,,,,,,
2016.06,2083.89,44.46,86.92,241.02,2016.46,1.64,2510.38,53.56," 1,454,138.87 ",104.71," 60,652.79 ",25.84,,28.40,3.97%,1.01,53.02,,,,,,,
2016.07,2148.90,44.65,87.64,240.63,2016.54,1.50,2592.89,53.88," 1,504,533.80 ",105.75," 61,362.72 ",26.69,,29.33,3.94%,1.00,53.87,,,,,,,
2016.08,2170.95,44.84,88.37,240.85,2016.62,1.56,2617.09,54.05," 1,521,191.00 ",106.53," 61,918.78 ",26.95,,29.61,3.83%,0.99,53.59,,,,,,,
2016.09,2157.69,45.03,89.09,241.43,2016.71,1.63,2594.87,54.15," 1,510,896.88 ",107.14," 62,384.22 ",26.73,,29.36,3.87%,0.99,53.19,,,,,,,
2016.1,2143.02,45.25,90.91,241.73,2016.79,1.76,2574.02,54.35," 1,501,393.20 ",109.19," 63,691.27 ",26.53,,29.13,3.83%,0.97,52.56,,,,,,,
2016.11,2164.99,45.48,92.73,241.35,2016.87,2.14,2604.46,54.71," 1,521,807.50 ",111.55," 65,181.46 ",26.85,,29.48,3.41%,0.97,50.94,,,,,,,
2016.12,2246.63,45.70,94.55,241.43,2016.96,2.49,2701.79,54.96," 1,581,352.94 ",113.71," 66,551.64 ",27.87,,30.59,2.91%,1.01,49.45,,,,,,,
2017.01,2275.12,45.93,96.46,242.84,2017.04,2.43,2720.20,54.91," 1,594,806.22 ",115.33," 67,618.55 ",28.06,,30.79,2.97%,1.00,49.52,,,,,,,
2017.02,2329.91,46.15,98.38,243.60,2017.12,2.42,2776.97,55.01," 1,630,778.15 ",117.25," 68,856.96 ",28.66,,31.43,2.88%,1.00,49.51,,,,,,,
2017.03,2366.82,46.38,100.29,243.80,2017.21,2.48,2818.67,55.23," 1,657,970.27 ",119.44," 70,253.69 ",29.09,,31.89,2.69%,1.02,49.31,,,,,,,
2017.04,2359.31,46.66,101.53,244.52,2017.29,2.30,2801.42,55.40," 1,650,538.55 ",120.56," 71,031.23 ",28.90,,31.67,2.86%,1.00,50.05,,,,,,,
2017.05,2395.35,46.94,102.78,244.73,2017.37,2.30,2841.78,55.69," 1,677,054.73 ",121.93," 71,956.96 ",29.31,,32.10,2.75%,1.01,50.10,,,,,,,
2017.06,2433.99,47.22,104.02,244.96,2017.46,2.19,2885.01,55.97," 1,705,315.83 ",123.29," 72,879.08 ",29.75,,32.56,2.80%,0.99,50.64,,,,,,,
2017.07,2454.10,47.54,105.04,244.79,2017.54,2.32,2910.85,56.38," 1,723,369.85 ",124.59," 73,763.40 ",30.00,,32.82,2.64%,1.01,50.19,,,,,,,
2017.08,2456.22,47.85,106.06,245.52,2017.62,2.21,2904.67,56.59," 1,722,501.04 ",125.42," 74,377.89 ",29.91,,32.71,2.81%,1.00,50.62,,,,,,,
2017.09,2492.84,48.17,107.08,246.82,2017.71,2.20,2932.45,56.66," 1,741,774.48 ",125.96," 74,817.96 ",30.17,,32.97,2.82%,0.99,50.49,,,,,,,
2017.1,2557.00,48.42,108.01,246.66,2017.79,2.36,3009.82,57.00," 1,790,554.97 ",127.14," 75,637.00 ",30.92,,33.78,2.55%,1.00,49.91,,,,,,,
2017.11,2593.61,48.68,108.95,246.67,2017.87,2.35,3052.84,57.30," 1,818,987.62 ",128.24," 76,408.03 ",31.30,,34.17,2.46%,1.00,50.05,,,,,,,
2017.12,2664.34,48.93,109.88,246.52,2017.96,2.40,3137.94,57.63," 1,872,553.43 ",129.41," 77,225.94 ",32.09,,35.02,2.33%,0.99,49.95,,,,,,,
2018.01,2789.80,49.29,111.73,247.87,2018.04,2.58,3267.90,57.73," 1,952,976.64 ",130.88," 78,218.00 ",33.31,,36.33,2.04%,0.98,49.00,,,,,,,
2018.02,2705.16,49.64,113.59,248.99,2018.12,2.86,3154.45,57.89," 1,888,059.37 ",132.45," 79,277.52 ",32.04,,34.93,1.90%,1.00,47.71,,,,,,,
2018.03,2702.77,50.00,115.44,249.55,2018.21,2.84,3144.55,58.17," 1,885,037.09 ",134.31," 80,513.21 ",31.81,,34.68,1.88%,1.00,47.79,,,,,,,
2018.04,2653.63,50.33,117.79,250.55,2018.29,2.87,3075.16,58.32," 1,846,350.37 ",136.50," 81,953.95 ",30.97,,33.75,1.91%,0.99,47.59,,,,,,,
2018.05,2701.49,50.66,120.13,251.59,2018.37,2.98,3117.65,58.46," 1,874,790.80 ",138.64," 83,370.61 ",31.24,,34.04,1.73%,1.01,47.08,,,,,,,
2018.06,2754.35,50.99,122.48,251.99,2018.46,2.91,3173.60,58.75," 1,911,377.15 ",141.12," 84,994.82 ",31.63,,34.46,1.67%,1.00,47.39,,,,,,,
2018.07,2793.64,51.44,125.12,252.01,2018.54,2.89,3218.65,59.27," 1,941,486.13 ",144.15," 86,951.89 ",31.89,,34.73,1.62%,1.00,47.58,,,,,,,
2018.08,2857.82,51.89,127.75,252.15,2018.62,2.89,3290.77,59.75," 1,987,989.82 ",147.11," 88,869.25 ",32.39,,35.27,1.61%,0.99,47.67,,,,,,,
2018.09,2901.50,52.34,130.39,252.44,2018.71,3.00,3337.19,60.20," 2,019,062.92 ",149.97," 90,734.31 ",32.62,,35.52,1.51%,0.99,47.28,,,,,,,
2018.1,2785.46,52.81,131.06,252.89,2018.79,3.15,3198.07,60.63," 1,937,952.82 ",150.47," 91,181.22 ",31.04,,33.79,1.63%,1.01,46.71,,,,,,,
2018.11,2723.23,53.28,131.72,252.04,2018.87,3.12,3137.13,61.38," 1,904,123.64 ",151.74," 92,102.95 ",30.20,,32.88,1.92%,1.03,47.11,,,,,,,
2018.12,2567.31,53.75,132.39,251.23,2018.96,2.83,2966.99,62.12," 1,803,995.81 ",153.00," 93,027.72 ",28.29,,30.82,2.50%,1.01,48.57,,,,,,,
2019.01,2607.39,54.15,133.06,251.71,2019.04,2.71,3007.57,62.46," 1,831,837.27 ",153.48," 93,479.75 ",28.38,,30.93,2.59%,1.00,49.10,,,,,,,
2019.02,2754.86,54.54,133.72,252.78,2019.12,2.68,3164.30,62.65," 1,930,476.28 ",153.60," 93,707.02 ",29.54,,32.21,2.47%,1.01,49.13,,,,,,,
2019.03,2803.98,54.94,134.39,254.20,2019.21,2.57,3202.66,62.75," 1,957,065.04 ",153.50," 93,798.80 ",29.58,,32.26,2.61%,1.01,49.43,,,,,,,
2019.04,2903.80,55.32,134.68,255.55,2019.29,2.53,3299.20,62.85," 2,019,260.93 ",153.02," 93,656.86 ",30.13,,32.88,2.61%,1.01,49.45,,,,,,,
2019.05,2854.71,55.70,134.98,256.09,2019.37,2.40,3236.54,63.15," 1,984,128.36 ",153.03," 93,813.74 ",29.24,,31.93,2.84%,1.03,50.01,,,,,,,
2019.06,2890.17,56.08,135.27,256.14,2019.46,2.06,3276.09,63.57," 2,011,621.74 ",153.33," 94,150.89 ",29.28,,31.99,3.09%,1.04,51.63,,,,,,,
2019.07,2996.11,56.46,134.48,256.57,2019.54,1.63,3390.51,63.89," 2,085,151.34 ",152.18," 93,591.63 ",29.99,,32.77,3.47%,1.00,53.66,,,,,,,
2019.08,2897.50,56.84,133.69,256.56,2019.62,1.63,3279.08,64.32," 2,019,918.50 ",151.30," 93,198.65 ",28.71,,31.39,3.60%,0.99,53.73,,,,,,,
2019.09,2982.16,57.22,132.90,256.76,2019.71,1.70,3372.24,64.70," 2,080,629.65 ",150.28," 92,723.41 ",29.23,,31.97,3.47%,1.00,53.42,,,,,,,
2019.1,2977.68,57.56,135.09,257.35,2019.79,1.71,3359.50,64.94," 2,076,107.00 ",152.41," 94,187.86 ",28.84,,31.56,3.52%,0.99,53.33,,,,,,,
2019.11,3104.90,57.90,137.28,257.21,2019.87,1.81,3504.92,65.36," 2,169,338.24 ",154.97," 95,914.95 ",29.84,,32.66,3.29%,1.00,52.95,,,,,,,
2019.12,3176.75,58.24,139.47,256.97,2019.96,1.86,3589.29,65.80," 2,224,950.13 ",157.58," 97,682.80 ",30.33,,33.21,3.19%,1.01,52.84,,,,,,,
2020.01,3278.20,58.69,131.76,257.97,2020.04,1.76,3689.60,66.05," 2,290,545.10 ",148.29," 92,060.99 ",30.99,,33.92,3.23%,1.03,53.19,,,,,,,
2020.02,3277.31,59.13,124.04,258.68,2020.12,1.50,3678.52,66.37," 2,287,099.27 ",139.23," 86,564.61 ",30.73,,33.64,3.54%,1.06,54.39,,,,,,,
2020.03,2652.39,59.58,116.33,258.12,2020.21,0.87,2983.59,67.02," 1,858,503.42 ",130.86," 81,511.17 ",24.82,,27.18,4.88%,1.02,57.84,,,,,,,
2020.04,2761.98,59.61,110.63,256.39,2020.29,0.66,3127.77,67.51," 1,951,818.65 ",125.28," 78,179.45 ",25.93,,28.41,4.83%,1.00,59.45,,,,,,,
2020.05,2919.62,59.65,104.93,256.39,2020.37,0.67,3306.22,67.55," 2,066,690.99 ",118.82," 74,276.19 ",27.33,,29.95,4.62%,0.99,59.42,,,,,,,
2020.06,3104.66,59.68,99.23,257.80,2020.46,0.73,3496.64,67.21," 2,189,219.30 ",111.76," 69,971.00 ",28.84,,31.61,4.43%,1.01,58.79,,,,,,,
2020.07,3207.62,59.40,98.89,259.10,2020.54,0.62,3594.41,66.57," 2,253,909.01 ",110.82," 69,489.73 ",29.60,,32.45,4.50%,1.00,59.15,,,,,,,
2020.08,3391.71,59.13,98.56,259.92,2020.62,0.65,3788.76,66.05," 2,379,224.85 ",110.09," 69,135.77 ",31.16,,34.17,4.32%,1.00,58.83,,,,,,,
2020.09,3365.52,58.85,98.22,260.28,2020.71,0.68,3754.27,65.65," 2,361,002.59 ",109.57," 68,904.03 ",30.84,,33.82,4.33%,0.99,58.61,,,,,,,
2020.1,3418.70,58.66,96.86,260.39,2020.79,0.79,3812.01,65.41," 2,400,746.24 ",108.00," 68,016.55 ",31.28,,34.31,4.17%,0.99,58.00,,,,,,,
2020.11,3548.99,58.47,95.49,260.23,2020.87,0.87,3959.71,65.24," 2,497,188.25 ",106.54," 67,192.26 ",32.47,,35.61,3.96%,1.00,57.63,,,,,,,
2020.12,3695.31,58.28,94.13,260.47,2020.96,0.93,4119.09,64.96," 2,601,110.43 ",104.92," 66,257.64 ",33.77,,37.03,3.77%,0.99,57.29,,,,,,,
2021.01,3793.75,58.06,105.49,261.58,2021.04,1.08,4210.90,64.45," 2,662,481.02 ",117.09," 74,031.33 ",34.51,,37.84,3.55%,0.98,56.29,,,,,,,
2021.02,3883.43,57.85,116.84,263.01,2021.12,1.26,4286.98,63.86," 2,713,947.73 ",128.99," 81,656.30 ",35.10,,38.48,3.33%,0.97,55.10,,,,,,,
2021.03,3910.51,57.63,128.20,264.88,2021.21,1.61,4286.50,63.17," 2,716,981.30 ",140.53," 89,072.05 ",35.04,,38.40,2.96%,1.00,53.01,,,,,,,
2021.04,4141.18,57.71,138.39,267.05,2021.29,1.64,4502.35,62.74," 2,857,106.12 ",150.46," 95,476.59 ",36.72,,40.22,2.82%,1.00,52.51,,,,,,,
2021.05,4167.85,57.79,148.57,269.20,2021.37,1.62,4495.31,62.33," 2,855,934.85 ",160.25," 101,806.88 ",36.55,,40.01,2.88%,1.01,52.26,,,,,,,
2021.06,4238.49,57.87,158.76,271.70,2021.46,1.52,4529.42,61.84," 2,880,878.49 ",169.66," 107,908.32 ",36.70,,40.15,3.08%,1.02,52.32,,,,,,,
2021.07,4363.71,58.33,164.32,273.00,2021.54,1.32,4640.91,62.03," 2,955,080.39 ",174.75," 111,274.27 ",37.44,,40.94,3.26%,1.00,53.10,,,,,,,
2021.08,4454.21,58.79,169.87,273.57,2021.62,1.28,4727.39,62.40," 3,013,454.29 ",180.29," 114,926.32 ",37.97,,41.49,3.26%,0.99,53.25,,,,,,,
2021.09,4445.54,59.25,175.43,274.31,2021.71,1.37,4705.41,62.72," 3,002,778.61 ",185.68," 118,495.63 ",37.62,,41.07,3.20%,0.98,52.72,,,,,,,
2021.1,4460.71,59.64,182.91,276.59,2021.79,1.58,4682.56,62.60," 2,991,523.96 ",192.01," 122,666.57 ",37.25,,40.64,3.13%,1.00,51.34,,,,,,,
2021.11,4667.39,60.02,190.39,277.95,2021.87,1.56,4875.56,62.69," 3,118,164.52 ",198.88," 127,194.81 ",38.58,,42.05,3.11%,1.01,51.25,,,,,,,
2021.12,4674.77,60.40,197.87,278.80,2021.96,1.47,4868.32,62.90," 3,116,884.77 ",206.06," 131,928.98 ",38.30,,41.72,3.28%,0.97,51.58,,,,,,,
2022.01,4573.82,60.92,,281.15,2022.04,1.76,4723.44,62.91," 3,027,481.92 ",,,36.94,,40.19,3.12%,0.99,49.86,,,,,,,
2022.02,4435.98,61.45,,283.72,2022.12,1.93,4539.63,62.88," 2,913,028.52 ",,,35.46,,38.61,3.12%,0.98,48.73,,,,,,,
2022.03,4391.27,61.97,,287.50,2022.21,2.13,4434.66,62.58," 2,849,017.68 ",,,34.61,,37.69,3.04%,0.95,47.30,,,,,,,
2022.04,4391.30,,,289.40,2022.29,2.75,4405.67,," 2,830,391.78 ",,,34.34,,37.38,2.48%,0.98,44.55,,,,,,,
2022.05,4175.48,,,290.35,2022.37,2.97,4175.48,," 2,682,510.46 ",,,32.51,,35.36,2.47%,,43.67,,,,,,,
,,,,,,,,,,,,,,,,,,,,,,,,
,,,,,,,,,,,,,,,,,,,,,,,,
,,,,,,,,,,,,,,,,,,,,,,,,
,,,,,,,,,,,,,,,,,,,,,,,,
,,,,,,,,,,,,,,,,,,,,,,,,
,,,,,,,,,,,,,,,,,,,,,,,,
,,,,,,,,,,,,,,,,,,,,,,,,
,,,,,,,,,,,,,,,,,,,,,,,,
,,,,,,,,,,,,,,,,,,,,,,,,
,,,,,,,,,,,,,,,,,,,,,,,,
,,,,,,,,,,,,,,,,,,,,,,,,
,,,,,,,,,,,,,,,,,,,,,,,,
,,,,,,,,,,,,,,,,,,,,,,,,
,,,,,,,,,,,,,,,,,,,,,,,,
,,,,,,,,,,,,,,,,,,,,,,,,
,,,,,,,,,,,,,,,,,,,,,,,,
,,,,,,,,,,,,,,,,,,,,,,,,
,,,,,,,,,,,,,,,,,,,,,,,,
,,,,,,,,,,,,,,,,,,,,,,,,
,,,,,,,,,,,,,,,,,,,,,,,,
,,,,,,,,,,,,,,,,,,,,,,,,
,,,,,,,,,,,,,,,,,,,,,,,,
,,,,,,,,,,,,,,,,,,,,,,,,
,,,,,,,,,,,,,,,,,,,,,,,,
,,,,,,,,,,,,,,,,,,,,,,,,
,,,,,,,,,,,,,,,,,,,,,,,,
,,,,,,,,,,,,,,,,,,,,,,,,
,,,,,,,,,,,,,,,,,,,,,,,,
,,,,,,,,,,,,,,,,,,,,,,,,
,,,,,,,,,,,,,,,,,,,,,,,,
,,,,,,,,,,,,,,,,,,,,,,,,
,,,,,,,,,,,,,,,,,,,,,,,,
,,,,,,,,,,,,,,,,,,,,,,,,
,,,,,,,,,,,,,,,,,,,,,,,,
,,,,,,,,,,,,,,,,,,,,,,,,
,,,,,,,,,,,,,,,,,,,,,,,,
,,,,,,,,,,,,,,,,,,,,,,,,
,,,,,,,,,,,,,,,,,,,,,,,,
,,,,,,,,,,,,,,,,,,,,,,,,
,,,,,,,,,,,,,,,,,,,,,,,,
,,,,,,,,,,,,,,,,,,,,,,,,
,,,,,,,,,,,,,,,,,,,,,,,,
,,,,,,,,,,,,,,,,,,,,,,,,
,,,,,,,,,,,,,,,,,,,,,,,,
,,,,,,,,,,,,,,,,,,,,,,,,
,,,,,,,,,,,,,,,,,,,,,,,,
,,,,,,,,,,,,,,,,,,,,,,,,
,,,,,,,,,,,,,,,,,,,,,,,,
,,,,,,,,,,,,,,,,,,,,,,,,
,,,,,,,,,,,,,,,,,,,,,,,,
,,,,,,,,,,,,,,,,,,,,,,,,
,,,,,,,,,,,,,,,,,,,,,,,,
,,,,,,,,,,,,,,,,,,,,,,,,
,,,,,,,,,,,,,,,,,,,,,,,,
,,,,,,,,,,,,,,,,,,,,,,,,
,,,,,,,,,,,,,,,,,,,,,,,,
,,,,,,,,,,,,,,,,,,,,,,,,
,,,,,,,,,,,,,,,,,,,,,,,,
,,,,,,,,,,,,,,,,,,,,,,,,
,,,,,,,,,,,,,,,,,,,,,,,,
,,,,,,,,,,,,,,,,,,,,,,,,
,,,,,,,,,,,,,,,,,,,,,,,,
,,,,,,,,,,,,,,,,,,,,,,,,
,,,,,,,,,,,,,,,,,,,,,,,,
,,,,,,,,,,,,,,,,,,,,,,,,
,,,,,,,,,,,,,,,,,,,,,,,,
,,,,,,,,,,,,,,,,,,,,,,,,
,,,,,,,,,,,,,,,,,,,,,,,,
,,,,,,,,,,,,,,,,,,,,,,,,
,,,,,,,,,,,,,,,,,,,,,,,,
,,,,,,,,,,,,,,,,,,,,,,,,
,,,,,,,,,,,,,,,,,,,,,,,,
,,,,,,,,,,,,,,,,,,,,,,,,
,,,,,,,,,,,,,,,,,,,,,,,,
,,,,,,,,,,,,,,,,,,,,,,,,
,,,,,,,,,,,,,,,,,,,,,,,,
,,,,,,,,,,,,,,,,,,,,,,,,
,,,,,,,,,,,,,,,,,,,,,,,,
,,,,,,,,,,,,,,,,,,,,,,,,
,,,,,,,,,,,,,,,,,,,,,,,,
,,,,,,,,,,,,,,,,,,,,,,,,
,,,,,,,,,,,,,,,,,,,,,,,,
,,,,,,,,,,,,,,,,,,,,,,,,
,,,,,,,,,,,,,,,,,,,,,,,,
,,,,,,,,,,,,,,,,,,,,,,,,
,,,,,,,,,,,,,,,,,,,,,,,,
,,,,,,,,,,,,,,,,,,,,,,,,
,,,,,,,,,,,,,,,,,,,,,,,,
,,,,,,,,,,,,,,,,,,,,,,,,
,,,,,,,,,,,,,,,,,,,,,,,,
,,,,,,,,,,,,,,,,,,,,,,,,
,,,,,,,,,,,,,,,,,,,,,,,,
,,,,,,,,,,,,,,,,,,,,,,,,
,,,,,,,,,,,,,,,,,,,,,,,,
,,,,,,,,,,,,,,,,,,,,,,,,
,,,,,,,,,,,,,,,,,,,,,,,,
,,,,,,,,,,,,,,,,,,,,,,,,
,,,,,,,,,,,,,,,,,,,,,,,,
,,,,,,,,,,,,,,,,,,,,,,,,
,,,,,,,,,,,,,,,,,,,,,,,,
,,,,,,,,,,,,,,,,,,,,,,,,
,,,,,,,,,,,,,,,,,,,,,,,,
,,,,,,,,,,,,,,,,,,,,,,,,
,,,,,,,,,,,,,,,,,,,,,,,,
,,,,,,,,,,,,,,,,,,,,,,,,
,,,,,,,,,,,,,,,,,,,,,,,,
,,,,,,,,,,,,,,,,,,,,,,,,
,,,,,,,,,,,,,,,,,,,,,,,,
,,,,,,,,,,,,,,,,,,,,,,,,
,,,,,,,,,,,,,,,,,,,,,,,,
,,,,,,,,,,,,,,,,,,,,,,,,
,,,,,,,,,,,,,,,,,,,,,,,,
,,,,,,,,,,,,,,,,,,,,,,,,
,,,,,,,,,,,,,,,,,,,,,,,,
,,,,,,,,,,,,,,,,,,,,,,,,
,,,,,,,,,,,,,,,,,,,,,,,,
,,,,,,,,,,,,,,,,,,,,,,,,
,,,,,,,,,,,,,,,,,,,,,,,,
,,,,,,,,,,,,,,,,,,,,,,,,
,,,,,,,,,,,,,,,,,,,,,,,,
,,,,,,,,,,,,,,,,,,,,,,,,
,,,,,,,,,,,,,,,,,,,,,,,,
,,,,,,,,,,,,,,,,,,,,,,,,
,,,,,,,,,,,,,,,,,,,,,,,,
,,,,,,,,,,,,,,,,,,,,,,,,
,,,,,,,,,,,,,,,,,,,,,,,,
,,,,,,,,,,,,,,,,,,,,,,,,
,,,,,,,,,,,,,,,,,,,,,,,,
,,,,,,,,,,,,,,,,,,,,,,,,
,,,,,,,,,,,,,,,,,,,,,,,,
,,,,,,,,,,,,,,,,,,,,,,,,
,,,,,,,,,,,,,,,,,,,,,,,,
,,,,,,,,,,,,,,,,,,,,,,,,
,,,,,,,,,,,,,,,,,,,,,,,,
,,,,,,,,,,,,,,,,,,,,,,,,
,,,,,,,,,,,,,,,,,,,,,,,,
,,,,,,,,,,,,,,,,,,,,,,,,
,,,,,,,,,,,,,,,,,,,,,,,,
,,,,,,,,,,,,,,,,,,,,,,,,
,,,,,,,,,,,,,,,,,,,,,,,,
,,,,,,,,,,,,,,,,,,,,,,,,
,,,,,,,,,,,,,,,,,,,,,,,,
,,,,,,,,,,,,,,,,,,,,,,,,
,,,,,,,,,,,,,,,,,,,,,,,,
,,,,,,,,,,,,,,,,,,,,,,,,
,,,,,,,,,,,,,,,,,,,,,,,,
,,,,,,,,,,,,,,,,,,,,,,,,
,,,,,,,,,,,,,,,,,,,,,,,,
,,,,,,,,,,,,,,,,,,,,,,,,
,,,,,,,,,,,,,,,,,,,,,,,,
,,,,,,,,,,,,,,,,,,,,,,,,
,,,,,,,,,,,,,,,,,,,,,,,,
,,,,,,,,,,,,,,,,,,,,,,,,
,,,,,,,,,,,,,,,,,,,,,,,,
,,,,,,,,,,,,,,,,,,,,,,,,
,,,,,,,,,,,,,,,,,,,,,,,,
,,,,,,,,,,,,,,,,,,,,,,,,
,,,,,,,,,,,,,,,,,,,,,,,,
,,,,,,,,,,,,,,,,,,,,,,,,
,,,,,,,,,,,,,,,,,,,,,,,,
,,,,,,,,,,,,,,,,,,,,,,,,
,,,,,,,,,,,,,,,,,,,,,,,,
,,,,,,,,,,,,,,,,,,,,,,,,
,,,,,,,,,,,,,,,,,,,,,,,,
,,,,,,,,,,,,,,,,,,,,,,,,
,,,,,,,,,,,,,,,,,,,,,,,,
,,,,,,,,,,,,,,,,,,,,,,,,
,,,,,,,,,,,,,,,,,,,,,,,,
,,,,,,,,,,,,,,,,,,,,,,,,
,,,,,,,,,,,,,,,,,,,,,,,,
,,,,,,,,,,,,,,,,,,,,,,,,
,,,,,,,,,,,,,,,,,,,,,,,,
,,,,,,,,,,,,,,,,,,,,,,,,
,,,,,,,,,,,,,,,,,,,,,,,,
,,,,,,,,,,,,,,,,,,,,,,,,
,,,,,,,,,,,,,,,,,,,,,,,,
,,,,,,,,,,,,,,,,,,,,,,,,
,,,,,,,,,,,,,,,,,,,,,,,,
,,,,,,,,,,,,,,,,,,,,,,,,
,,,,,,,,,,,,,,,,,,,,,,,,
,,,,,,,,,,,,,,,,,,,,,,,,
,,,,,,,,,,,,,,,,,,,,,,,,
,,,,,,,,,,,,,,,,,,,,,,,,
,,,,,,,,,,,,,,,,,,,,,,,,
,,,,,,,,,,,,,,,,,,,,,,,,
,,,,,,,,,,,,,,,,,,,,,,,,
,,,,,,,,,,,,,,,,,,,,,,,,
,,,,,,,,,,,,,,,,,,,,,,,,
,,,,,,,,,,,,,,,,,,,,,,,,
,,,,,,,,,,,,,,,,,,,,,,,,
,,,,,,,,,,,,,,,,,,,,,,,,
,,,,,,,,,,,,,,,,,,,,,,,,
,,,,,,,,,,,,,,,,,,,,,,,,
,,,,,,,,,,,,,,,,,,,,,,,,
,,,,,,,,,,,,,,,,,,,,,,,,
,,,,,,,,,,,,,,,,,,,,,,,,
,,,,,,,,,,,,,,,,,,,,,,,,
,,,,,,,,,,,,,,,,,,,,,,,,
,,,,,,,,,,,,,,,,,,,,,,,,
,,,,,,,,,,,,,,,,,,,,,,,,
,,,,,,,,,,,,,,,,,,,,,,,,
,,,,,,,,,,,,,,,,,,,,,,,,
,,,,,,,,,,,,,,,,,,,,,,,,
,,,,,,,,,,,,,,,,,,,,,,,,
,,,,,,,,,,,,,,,,,,,,,,,,
,,,,,,,,,,,,,,,,,,,,,,,,
,,,,,,,,,,,,,,,,,,,,,,,,
,,,,,,,,,,,,,,,,,,,,,,,,
,,,,,,,,,,,,,,,,,,,,,,,,
,,,,,,,,,,,,,,,,,,,,,,,,
,,,,,,,,,,,,,,,,,,,,,,,,
,,,,,,,,,,,,,,,,,,,,,,,,
,,,,,,,,,,,,,,,,,,,,,,,,
,,,,,,,,,,,,,,,,,,,,,,,,
,,,,,,,,,,,,,,,,,,,,,,,,
,,,,,,,,,,,,,,,,,,,,,,,,
,,,,,,,,,,,,,,,,,,,,,,,,
,,,,,,,,,,,,,,,,,,,,,,,,
,,,,,,,,,,,,,,,,,,,,,,,,
,,,,,,,,,,,,,,,,,,,,,,,,
,,,,,,,,,,,,,,,,,,,,,,,,
,,,,,,,,,,,,,,,,,,,,,,,,
,,,,,,,,,,,,,,,,,,,,,,,,
,,,,,,,,,,,,,,,,,,,,,,,,
,,,,,,,,,,,,,,,,,,,,,,,,
,,,,,,,,,,,,,,,,,,,,,,,,
,,,,,,,,,,,,,,,,,,,,,,,,
,,,,,,,,,,,,,,,,,,,,,,,,
,,,,,,,,,,,,,,,,,,,,,,,,
,,,,,,,,,,,,,,,,,,,,,,,,
,,,,,,,,,,,,,,,,,,,,,,,,
,,,,,,,,,,,,,,,,,,,,,,,,
,,,,,,,,,,,,,,,,,,,,,,,,
,,,,,,,,,,,,,,,,,,,,,,,,
,,,,,,,,,,,,,,,,,,,,,,,,
,,,,,,,,,,,,,,,,,,,,,,,,
,,,,,,,,,,,,,,,,,,,,,,,,
,,,,,,,,,,,,,,,,,,,,,,,,
,,,,,,,,,,,,,,,,,,,,,,,,
,,,,,,,,,,,,,,,,,,,,,,,,
,,,,,,,,,,,,,,,,,,,,,,,,
,,,,,,,,,,,,,,,,,,,,,,,,
,,,,,,,,,,,,,,,,,,,,,,,,
,,,,,,,,,,,,,,,,,,,,,,,,
,,,,,,,,,,,,,,,,,,,,,,,,
,,,,,,,,,,,,,,,,,,,,,,,,
,,,,,,,,,,,,,,,,,,,,,,,,
,,,,,,,,,,,,,,,,,,,,,,,,
,,,,,,,,,,,,,,,,,,,,,,,,
,,,,,,,,,,,,,,,,,,,,,,,,
,,,,,,,,,,,,,,,,,,,,,,,,
,,,,,,,,,,,,,,,,,,,,,,,,
,,,,,,,,,,,,,,,,,,,,,,,,
,,,,,,,,,,,,,,,,,,,,,,,,
,,,,,,,,,,,,,,,,,,,,,,,,
,,,,,,,,,,,,,,,,,,,,,,,,
,,,,,,,,,,,,,,,,,,,,,,,,
,,,,,,,,,,,,,,,,,,,,,,,,
,,,,,,,,,,,,,,,,,,,,,,,,
,,,,,,,,,,,,,,,,,,,,,,,,
,,,,,,,,,,,,,,,,,,,,,,,,
,,,,,,,,,,,,,,,,,,,,,,,,
,,,,,,,,,,,,,,,,,,,,,,,,
,,,,,,,,,,,,,,,,,,,,,,,,
,,,,,,,,,,,,,,,,,,,,,,,,
,,,,,,,,,,,,,,,,,,,,,,,,
,,,,,,,,,,,,,,,,,,,,,,,,
,,,,,,,,,,,,,,,,,,,,,,,,
,,,,,,,,,,,,,,,,,,,,,,,,
,,,,,,,,,,,,,,,,,,,,,,,,
,,,,,,,,,,,,,,,,,,,,,,,,
,,,,,,,,,,,,,,,,,,,,,,,,
,,,,,,,,,,,,,,,,,,,,,,,,
,,,,,,,,,,,,,,,,,,,,,,,,
,,,,,,,,,,,,,,,,,,,,,,,,
,,,,,,,,,,,,,,,,,,,,,,,,
,,,,,,,,,,,,,,,,,,,,,,,,
,,,,,,,,,,,,,,,,,,,,,,,,
,,,,,,,,,,,,,,,,,,,,,,,,
,,,,,,,,,,,,,,,,,,,,,,,,
,,,,,,,,,,,,,,,,,,,,,,,,
,,,,,,,,,,,,,,,,,,,,,,,,
,,,,,,,,,,,,,,,,,,,,,,,,
,,,,,,,,,,,,,,,,,,,,,,,,
,,,,,,,,,,,,,,,,,,,,,,,,
,,,,,,,,,,,,,,,,,,,,,,,,
,,,,,,,,,,,,,,,,,,,,,,,,
,,,,,,,,,,,,,,,,,,,,,,,,
,,,,,,,,,,,,,,,,,,,,,,,,
,,,,,,,,,,,,,,,,,,,,,,,,
,,,,,,,,,,,,,,,,,,,,,,,,
,,,,,,,,,,,,,,,,,,,,,,,,
,,,,,,,,,,,,,,,,,,,,,,,,
,,,,,,,,,,,,,,,,,,,,,,,,
,,,,,,,,,,,,,,,,,,,,,,,,
,,,,,,,,,,,,,,,,,,,,,,,,
,,,,,,,,,,,,,,,,,,,,,,,,
,,,,,,,,,,,,,,,,,,,,,,,,
,,,,,,,,,,,,,,,,,,,,,,,,
,,,,,,,,,,,,,,,,,,,,,,,,
,,,,,,,,,,,,,,,,,,,,,,,,
,,,,,,,,,,,,,,,,,,,,,,,,
,,,,,,,,,,,,,,,,,,,,,,,,
,,,,,,,,,,,,,,,,,,,,,,,,
,,,,,,,,,,,,,,,,,,,,,,,,
,,,,,,,,,,,,,,,,,,,,,,,,
,,,,,,,,,,,,,,,,,,,,,,,,
,,,,,,,,,,,,,,,,,,,,,,,,
,,,,,,,,,,,,,,,,,,,,,,,,
,,,,,,,,,,,,,,,,,,,,,,,,
,,,,,,,,,,,,,,,,,,,,,,,,
,,,,,,,,,,,,,,,,,,,,,,,,
,,,,,,,,,,,,,,,,,,,,,,,,
,,,,,,,,,,,,,,,,,,,,,,,,
,,,,,,,,,,,,,,,,,,,,,,,,
,,,,,,,,,,,,,,,,,,,,,,,,
,,,,,,,,,,,,,,,,,,,,,,,,
,,,,,,,,,,,,,,,,,,,,,,,,
,,,,,,,,,,,,,,,,,,,,,,,,
,,,,,,,,,,,,,,,,,,,,,,,,
,,,,,,,,,,,,,,,,,,,,,,,,
,,,,,,,,,,,,,,,,,,,,,,,,
,,,,,,,,,,,,,,,,,,,,,,,,
,,,,,,,,,,,,,,,,,,,,,,,,
,,,,,,,,,,,,,,,,,,,,,,,,
,,,,,,,,,,,,,,,,,,,,,,,,
,,,,,,,,,,,,,,,,,,,,,,,,
,,,,,,,,,,,,,,,,,,,,,,,,
,,,,,,,,,,,,,,,,,,,,,,,,
,,,,,,,,,,,,,,,,,,,,,,,,
,,,,,,,,,,,,,,,,,,,,,,,,
,,,,,,,,,,,,,,,,,,,,,,,,
,,,,,,,,,,,,,,,,,,,,,,,,
,,,,,,,,,,,,,,,,,,,,,,,,
,,,,,,,,,,,,,,,,,,,,,,,,
,,,,,,,,,,,,,,,,,,,,,,,,
,,,,,,,,,,,,,,,,,,,,,,,,
,,,,,,,,,,,,,,,,,,,,,,,,
,,,,,,,,,,,,,,,,,,,,,,,,
,,,,,,,,,,,,,,,,,,,,,,,,
,,,,,,,,,,,,,,,,,,,,,,,,
,,,,,,,,,,,,,,,,,,,,,,,,
,,,,,,,,,,,,,,,,,,,,,,,,
,,,,,,,,,,,,,,,,,,,,,,,,
,,,,,,,,,,,,,,,,,,,,,,,,
,,,,,,,,,,,,,,,,,,,,,,,,
,,,,,,,,,,,,,,,,,,,,,,,,
,,,,,,,,,,,,,,,,,,,,,,,,
,,,,,,,,,,,,,,,,,,,,,,,,
,,,,,,,,,,,,,,,,,,,,,,,,
,,,,,,,,,,,,,,,,,,,,,,,,
,,,,,,,,,,,,,,,,,,,,,,,,
,,,,,,,,,,,,,,,,,,,,,,,,
,,,,,,,,,,,,,,,,,,,,,,,,
,,,,,,,,,,,,,,,,,,,,,,,,
,,,,,,,,,,,,,,,,,,,,,,,,
,,,,,,,,,,,,,,,,,,,,,,,,
,,,,,,,,,,,,,,,,,,,,,,,,
,,,,,,,,,,,,,,,,,,,,,,,,
,,,,,,,,,,,,,,,,,,,,,,,,
,,,,,,,,,,,,,,,,,,,,,,,,
,,,,,,,,,,,,,,,,,,,,,,,,
,,,,,,,,,,,,,,,,,,,,,,,,
,,,,,,,,,,,,,,,,,,,,,,,,
,,,,,,,,,,,,,,,,,,,,,,,,
,,,,,,,,,,,,,,,,,,,,,,,,
,,,,,,,,,,,,,,,,,,,,,,,,
,,,,,,,,,,,,,,,,,,,,,,,,
,,,,,,,,,,,,,,,,,,,,,,,,
,,,,,,,,,,,,,,,,,,,,,,,,
,,,,,,,,,,,,,,,,,,,,,,,,
,,,,,,,,,,,,,,,,,,,,,,,,
,,,,,,,,,,,,,,,,,,,,,,,,
,,,,,,,,,,,,,,,,,,,,,,,,
,,,,,,,,,,,,,,,,,,,,,,,,
,,,,,,,,,,,,,,,,,,,,,,,,
,,,,,,,,,,,,,,,,,,,,,,,,
,,,,,,,,,,,,,,,,,,,,,,,,
,,,,,,,,,,,,,,,,,,,,,,,,
,,,,,,,,,,,,,,,,,,,,,,,,
,,,,,,,,,,,,,,,,,,,,,,,,
,,,,,,,,,,,,,,,,,,,,,,,,
,,,,,,,,,,,,,,,,,,,,,,,,
,,,,,,,,,,,,,,,,,,,,,,,,
,,,,,,,,,,,,,,,,,,,,,,,,
,,,,,,,,,,,,,,,,,,,,,,,,
,,,,,,,,,,,,,,,,,,,,,,,,
,,,,,,,,,,,,,,,,,,,,,,,,
,,,,,,,,,,,,,,,,,,,,,,,,
,,,,,,,,,,,,,,,,,,,,,,,,
,,,,,,,,,,,,,,,,,,,,,,,,
,,,,,,,,,,,,,,,,,,,,,,,,
,,,,,,,,,,,,,,,,,,,,,,,,
,,,,,,,,,,,,,,,,,,,,,,,,
,,,,,,,,,,,,,,,,,,,,,,,,
,,,,,,,,,,,,,,,,,,,,,,,,
,,,,,,,,,,,,,,,,,,,,,,,,
,,,,,,,,,,,,,,,,,,,,,,,,
,,,,,,,,,,,,,,,,,,,,,,,,
,,,,,,,,,,,,,,,,,,,,,,,,
,,,,,,,,,,,,,,,,,,,,,,,,
,,,,,,,,,,,,,,,,,,,,,,,,
,,,,,,,,,,,,,,,,,,,,,,,,
,,,,,,,,,,,,,,,,,,,,,,,,
,,,,,,,,,,,,,,,,,,,,,,,,
,,,,,,,,,,,,,,,,,,,,,,,,
,,,,,,,,,,,,,,,,,,,,,,,,
,,,,,,,,,,,,,,,,,,,,,,,,
,,,,,,,,,,,,,,,,,,,,,,,,
,,,,,,,,,,,,,,,,,,,,,,,,
,,,,,,,,,,,,,,,,,,,,,,,,
,,,,,,,,,,,,,,,,,,,,,,,,
,,,,,,,,,,,,,,,,,,,,,,,,
,,,,,,,,,,,,,,,,,,,,,,,,
,,,,,,,,,,,,,,,,,,,,,,,,
,,,,,,,,,,,,,,,,,,,,,,,,
,,,,,,,,,,,,,,,,,,,,,,,,
,,,,,,,,,,,,,,,,,,,,,,,,
,,,,,,,,,,,,,,,,,,,,,,,,
,,,,,,,,,,,,,,,,,,,,,,,,
,,,,,,,,,,,,,,,,,,,,,,,,
,,,,,,,,,,,,,,,,,,,,,,,,
,,,,,,,,,,,,,,,,,,,,,,,,
,,,,,,,,,,,,,,,,,,,,,,,,
,,,,,,,,,,,,,,,,,,,,,,,,
,,,,,,,,,,,,,,,,,,,,,,,,
,,,,,,,,,,,,,,,,,,,,,,,,
,,,,,,,,,,,,,,,,,,,,,,,,
,,,,,,,,,,,,,,,,,,,,,,,,
,,,,,,,,,,,,,,,,,,,,,,,,
,,,,,,,,,,,,,,,,,,,,,,,,
,,,,,,,,,,,,,,,,,,,,,,,,
,,,,,,,,,,,,,,,,,,,,,,,,
,,,,,,,,,,,,,,,,,,,,,,,,
,,,,,,,,,,,,,,,,,,,,,,,,
,,,,,,,,,,,,,,,,,,,,,,,,
,,,,,,,,,,,,,,,,,,,,,,,,
,,,,,,,,,,,,,,,,,,,,,,,,
,,,,,,,,,,,,,,,,,,,,,,,,
,,,,,,,,,,,,,,,,,,,,,,,,
,,,,,,,,,,,,,,,,,,,,,,,,
,,,,,,,,,,,,,,,,,,,,,,,,
,,,,,,,,,,,,,,,,,,,,,,,,
,,,,,,,,,,,,,,,,,,,,,,,,
,,,,,,,,,,,,,,,,,,,,,,,,
,,,,,,,,,,,,,,,,,,,,,,,,
,,,,,,,,,,,,,,,,,,,,,,,,
,,,,,,,,,,,,,,,,,,,,,,,,
,,,,,,,,,,,,,,,,,,,,,,,,
,,,,,,,,,,,,,,,,,,,,,,,,
,,,,,,,,,,,,,,,,,,,,,,,,
,,,,,,,,,,,,,,,,,,,,,,,,
,,,,,,,,,,,,,,,,,,,,,,,,
,,,,,,,,,,,,,,,,,,,,,,,,
,,,,,,,,,,,,,,,,,,,,,,,,
,,,,,,,,,,,,,,,,,,,,,,,,
,,,,,,,,,,,,,,,,,,,,,,,,
,,,,,,,,,,,,,,,,,,,,,,,,
,,,,,,,,,,,,,,,,,,,,,,,,
,,,,,,,,,,,,,,,,,,,,,,,,
,,,,,,,,,,,,,,,,,,,,,,,,
,,,,,,,,,,,,,,,,,,,,,,,,
,,,,,,,,,,,,,,,,,,,,,,,,
,,,,,,,,,,,,,,,,,,,,,,,,
,,,,,,,,,,,,,,,,,,,,,,,,
,,,,,,,,,,,,,,,,,,,,,,,,
,,,,,,,,,,,,,,,,,,,,,,,,
,,,,,,,,,,,,,,,,,,,,,,,,
,,,,,,,,,,,,,,,,,,,,,,,,
,,,,,,,,,,,,,,,,,,,,,,,,
,,,,,,,,,,,,,,,,,,,,,,,,
,,,,,,,,,,,,,,,,,,,,,,,,
,,,,,,,,,,,,,,,,,,,,,,,,
,,,,,,,,,,,,,,,,,,,,,,,,
,,,,,,,,,,,,,,,,,,,,,,,,
,,,,,,,,,,,,,,,,,,,,,,,,
,,,,,,,,,,,,,,,,,,,,,,,,
,,,,,,,,,,,,,,,,,,,,,,,,
,,,,,,,,,,,,,,,,,,,,,,,,
,,,,,,,,,,,,,,,,,,,,,,,,
,,,,,,,,,,,,,,,,,,,,,,,,
,,,,,,,,,,,,,,,,,,,,,,,,
,,,,,,,,,,,,,,,,,,,,,,,,
,,,,,,,,,,,,,,,,,,,,,,,,
,,,,,,,,,,,,,,,,,,,,,,,,
,,,,,,,,,,,,,,,,,,,,,,,,
,,,,,,,,,,,,,,,,,,,,,,,,
,,,,,,,,,,,,,,,,,,,,,,,,
,,,,,,,,,,,,,,,,,,,,,,,,
,,,,,,,,,,,,,,,,,,,,,,,,
,,,,,,,,,,,,,,,,,,,,,,,,
,,,,,,,,,,,,,,,,,,,,,,,,
,,,,,,,,,,,,,,,,,,,,,,,,
,,,,,,,,,,,,,,,,,,,,,,,,
,,,,,,,,,,,,,,,,,,,,,,,,
,,,,,,,,,,,,,,,,,,,,,,,,
,,,,,,,,,,,,,,,,,,,,,,,,
,,,,,,,,,,,,,,,,,,,,,,,,
,,,,,,,,,,,,,,,,,,,,,,,,
,,,,,,,,,,,,,,,,,,,,,,,,
,,,,,,,,,,,,,,,,,,,,,,,,
,,,,,,,,,,,,,,,,,,,,,,,,
,,,,,,,,,,,,,,,,,,,,,,,,
,,,,,,,,,,,,,,,,,,,,,,,,
,,,,,,,,,,,,,,,,,,,,,,,,
,,,,,,,,,,,,,,,,,,,,,,,,
,,,,,,,,,,,,,,,,,,,,,,,,
,,,,,,,,,,,,,,,,,,,,,,,,
,,,,,,,,,,,,,,,,,,,,,,,,
,,,,,,,,,,,,,,,,,,,,,,,,
,,,,,,,,,,,,,,,,,,,,,,,,
,,,,,,,,,,,,,,,,,,,,,,,,
,,,,,,,,,,,,,,,,,,,,,,,,
,,,,,,,,,,,,,,,,,,,,,,,,
,,,,,,,,,,,,,,,,,,,,,,,,
,,,,,,,,,,,,,,,,,,,,,,,,
,,,,,,,,,,,,,,,,,,,,,,,,
,,,,,,,,,,,,,,,,,,,,,,,,
,,,,,,,,,,,,,,,,,,,,,,,,
,,,,,,,,,,,,,,,,,,,,,,,,
,,,,,,,,,,,,,,,,,,,,,,,,
,,,,,,,,,,,,,,,,,,,,,,,,
,,,,,,,,,,,,,,,,,,,,,,,,
,,,,,,,,,,,,,,,,,,,,,,,,
,,,,,,,,,,,,,,,,,,,,,,,,
,,,,,,,,,,,,,,,,,,,,,,,,
,,,,,,,,,,,,,,,,,,,,,,,,
,,,,,,,,,,,,,,,,,,,,,,,,
,,,,,,,,,,,,,,,,,,,,,,,,
,,,,,,,,,,,,,,,,,,,,,,,,
,,,,,,,,,,,,,,,,,,,,,,,,
,,,,,,,,,,,,,,,,,,,,,,,,
,,,,,,,,,,,,,,,,,,,,,,,,
,,,,,,,,,,,,,,,,,,,,,,,,
,,,,,,,,,,,,,,,,,,,,,,,,
,,,,,,,,,,,,,,,,,,,,,,,,
,,,,,,,,,,,,,,,,,,,,,,,,
,,,,,,,,,,,,,,,,,,,,,,,,
,,,,,,,,,,,,,,,,,,,,,,,,
,,,,,,,,,,,,,,,,,,,,,,,,
,,,,,,,,,,,,,,,,,,,,,,,,
,,,,,,,,,,,,,,,,,,,,,,,,
,,,,,,,,,,,,,,,,,,,,,,,,
,,,,,,,,,,,,,,,,,,,,,,,,
,,,,,,,,,,,,,,,,,,,,,,,,
,,,,,,,,,,,,,,,,,,,,,,,,
,,,,,,,,,,,,,,,,,,,,,,,,
,,,,,,,,,,,,,,,,,,,,,,,,
,,,,,,,,,,,,,,,,,,,,,,,,
,,,,,,,,,,,,,,,,,,,,,,,,
,,,,,,,,,,,,,,,,,,,,,,,,
,,,,,,,,,,,,,,,,,,,,,,,,
,,,,,,,,,,,,,,,,,,,,,,,,
,,,,,,,,,,,,,,,,,,,,,,,,
,,,,,,,,,,,,,,,,,,,,,,,,
,,,,,,,,,,,,,,,,,,,,,,,,
,,,,,,,,,,,,,,,,,,,,,,,,
,,,,,,,,,,,,,,,,,,,,,,,,
,,,,,,,,,,,,,,,,,,,,,,,,
,,,,,,,,,,,,,,,,,,,,,,,,
,,,,,,,,,,,,,,,,,,,,,,,,
,,,,,,,,,,,,,,,,,,,,,,,,
,,,,,,,,,,,,,,,,,,,,,,,,
,,,,,,,,,,,,,,,,,,,,,,,,
,,,,,,,,,,,,,,,,,,,,,,,,
,,,,,,,,,,,,,,,,,,,,,,,,
,,,,,,,,,,,,,,,,,,,,,,,,
,,,,,,,,,,,,,,,,,,,,,,,,
,,,,,,,,,,,,,,,,,,,,,,,,
,,,,,,,,,,,,,,,,,,,,,,,,
,,,,,,,,,,,,,,,,,,,,,,,,
,,,,,,,,,,,,,,,,,,,,,,,,
,,,,,,,,,,,,,,,,,,,,,,,,
,,,,,,,,,,,,,,,,,,,,,,,,
,,,,,,,,,,,,,,,,,,,,,,,,
,,,,,,,,,,,,,,,,,,,,,,,,
,,,,,,,,,,,,,,,,,,,,,,,,
,,,,,,,,,,,,,,,,,,,,,,,,
,,,,,,,,,,,,,,,,,,,,,,,,
,,,,,,,,,,,,,,,,,,,,,,,,
,,,,,,,,,,,,,,,,,,,,,,,,
,,,,,,,,,,,,,,,,,,,,,,,,
,,,,,,,,,,,,,,,,,,,,,,,,
,,,,,,,,,,,,,,,,,,,,,,,,
,,,,,,,,,,,,,,,,,,,,,,,,
,,,,,,,,,,,,,,,,,,,,,,,,
,,,,,,,,,,,,,,,,,,,,,,,,
,,,,,,,,,,,,,,,,,,,,,,,,
,,,,,,,,,,,,,,,,,,,,,,,,
,,,,,,,,,,,,,,,,,,,,,,,,
,,,,,,,,,,,,,,,,,,,,,,,,
,,,,,,,,,,,,,,,,,,,,,,,,
,,,,,,,,,,,,,,,,,,,,,,,,
,,,,,,,,,,,,,,,,,,,,,,,,
,,,,,,,,,,,,,,,,,,,,,,,,
,,,,,,,,,,,,,,,,,,,,,,,,
,,,,,,,,,,,,,,,,,,,,,,,,
,,,,,,,,,,,,,,,,,,,,,,,,
,,,,,,,,,,,,,,,,,,,,,,,,
,,,,,,,,,,,,,,,,,,,,,,,,
,,,,,,,,,,,,,,,,,,,,,,,,
,,,,,,,,,,,,,,,,,,,,,,,,
,,,,,,,,,,,,,,,,,,,,,,,,
,,,,,,,,,,,,,,,,,,,,,,,,
,,,,,,,,,,,,,,,,,,,,,,,,
,,,,,,,,,,,,,,,,,,,,,,,,
,,,,,,,,,,,,,,,,,,,,,,,,
,,,,,,,,,,,,,,,,,,,,,,,,
,,,,,,,,,,,,,,,,,,,,,,,,
,,,,,,,,,,,,,,,,,,,,,,,,
,,,,,,,,,,,,,,,,,,,,,,,,
,,,,,,,,,,,,,,,,,,,,,,,,
,,,,,,,,,,,,,,,,,,,,,,,,
,,,,,,,,,,,,,,,,,,,,,,,,
,,,,,,,,,,,,,,,,,,,,,,,,
,,,,,,,,,,,,,,,,,,,,,,,,
,,,,,,,,,,,,,,,,,,,,,,,,
,,,,,,,,,,,,,,,,,,,,,,,,
,,,,,,,,,,,,,,,,,,,,,,,,
,,,,,,,,,,,,,,,,,,,,,,,,
,,,,,,,,,,,,,,,,,,,,,,,,
,,,,,,,,,,,,,,,,,,,,,,,,
,,,,,,,,,,,,,,,,,,,,,,,,
,,,,,,,,,,,,,,,,,,,,,,,,
,,,,,,,,,,,,,,,,,,,,,,,,
,,,,,,,,,,,,,,,,,,,,,,,,
